timestamp,source,destination,source_lat,source_lon,destination_lat,destination_lon,cab_type,product_id,distance,surge_multiplier,price
2022-03-16 01:08:00,Queens,Bronx,40.76574030459212,-74.09534200381157,40.651367311478865,-73.94973606807535,Uber,UberXL,13.84462662490647,1.0,26.728096593586322
2022-01-27 08:09:00,Financial District,Financial District,40.7298932965548,-74.03044725195035,40.7109655059861,-73.99578075626256,Uber,UberSUV,8.124869469286484,2.7,45.14000824237864
2022-01-05 08:31:00,Upper West Side,Upper East Side,40.618829101503934,-74.0393277967465,40.64411422674064,-73.91127680376977,Uber,UberBLACK,2.8266755729910544,2.6,19.3613738571093
2022-03-31 04:22:00,Upper West Side,Brooklyn,40.78222346436513,-74.04800863624138,40.807741078348904,-73.91692564468961,Lyft,Lyft XL,2.591359624002898,1.21,8.512204003826136
2022-02-21 11:36:00,Staten Island,Staten Island,40.63859409266555,-74.06144401392507,40.70400981253476,-73.94802381824796,Lyft,Lyft Black,4.341999766733597,1.0,10.098499591783796
2022-01-14 17:01:00,Williamsburg,Harlem,40.627380771827895,-74.10160724825117,40.81076120153262,-73.97161864839765,Lyft,Lyft XL,1.165490004835164,1.54,6.990995563030768
2022-01-15 07:17:00,Financial District,Financial District,40.80672214241925,-74.04486904864797,40.67141862762006,-74.04298902836328,Lyft,Lyft XL,11.5736006736777,2.58,58.70480704165481
2022-01-24 07:26:00,Harlem,Upper East Side,40.68412720934922,-73.93399595838433,40.74188375920036,-73.95588809824787,Lyft,Lyft Black,8.872480531104658,2.5,45.06710232358288
2022-01-16 09:14:00,Central Park,Brooklyn,40.718878630473085,-74.05692096023863,40.77020282221374,-73.99758430814761,Uber,UberPOOL,6.763268684028843,1.72,24.657438738926817
2022-03-05 09:45:00,Manhattan,Lower East Side,40.697697660072286,-73.97141967802085,40.617234318153024,-73.97490221166771,Lyft,Lyft XL,14.081153532559448,1.35,36.641725220671695
2022-03-16 17:11:00,Times Square,Staten Island,40.754116624107986,-73.97669157601085,40.67984836150137,-74.07204640610408,Lyft,Lyft,14.988793226639377,2.98,85.61655667692435
2022-03-18 19:32:00,Central Park,Manhattan,40.682835398201895,-74.0057565493677,40.64438416060994,-74.06667198044326,Lyft,Lyft,1.6709357738230641,2.23,12.095826857344507
2022-02-09 21:32:00,Manhattan,Upper West Side,40.758836958099174,-74.02043871673835,40.668813046429655,-74.0986103937633,Lyft,Lyft Shared,6.589004135359547,1.0,14.030757236879207
2022-01-21 01:48:00,Times Square,Lower East Side,40.688018694252825,-73.91619895875883,40.76086608109498,-73.9130041572123,Uber,UberBLACK,9.217321672217235,1.46,27.200256872515034
2022-02-23 02:31:00,Staten Island,Lower East Side,40.629742271431084,-73.95123884208263,40.782601150056045,-73.98005331378032,Lyft,Lyft XL,5.3372646955005365,1.21,14.326657992722385
2022-02-03 13:04:00,Central Park,Upper East Side,40.77321546814002,-73.95465071946457,40.62401535984646,-74.02114709196357,Lyft,Lyft Shared,12.932552773405478,1.07,26.89120506820176
2022-02-04 18:20:00,Harlem,Staten Island,40.65042563883051,-74.01609600226853,40.71512053372746,-73.93199482385045,Lyft,Lyft,14.135330527658034,1.54,41.94471577203841
2022-02-12 16:12:00,Lower East Side,Bronx,40.73383266169956,-74.0139789457687,40.802688444803096,-73.91586441070804,Lyft,Lyft Shared,12.702886473963648,1.88,46.492496499340405
2022-01-17 09:49:00,Times Square,Williamsburg,40.786519160061566,-74.07437209904208,40.642377752814426,-74.03199700156036,Lyft,Lyft Shared,6.119948944297865,2.23,29.458100755122416
2022-01-23 02:18:00,Financial District,Brooklyn,40.688264893668574,-74.07212010151873,40.79313054653958,-74.03350582322454,Lyft,Lyft,12.008771289292197,3.15,74.07335173222323
2022-02-08 08:42:00,Brooklyn,Central Park,40.633634534386424,-73.93908738058805,40.7441163125489,-74.09191257715229,Lyft,Lyft XL,4.260326383363972,2.56,25.486262197470598
2022-01-24 02:18:00,Times Square,Queens,40.787628266690604,-74.07347589585652,40.757815288591544,-74.09151554191403,Lyft,Lyft Shared,14.346880991966275,1.2,33.128450083129174
2022-03-29 08:32:00,Harlem,Harlem,40.691303396525775,-73.91980862936096,40.65096702812046,-74.07490432019861,Lyft,Lyft,6.8153340637881445,1.31,18.899153341234324
2022-03-24 23:41:00,Harlem,Brooklyn,40.64287813902343,-73.96918252109332,40.65227060926116,-73.92383914024195,Lyft,Lyft Shared,7.207191758954338,1.08,16.321592424423702
2022-03-16 10:52:00,Lower East Side,Central Park,40.74655291241073,-73.92875016330261,40.72473964106762,-73.91013785598933,Lyft,Lyft Shared,7.6232965323669575,1.0,15.840768931642176
2022-03-17 00:10:00,Manhattan,Queens,40.630303307061666,-73.97663845264071,40.684563089734226,-74.09369591706624,Uber,UberXL,4.933675737545703,1.1,12.247325794775477
2022-03-27 00:51:00,Staten Island,Williamsburg,40.693697051916345,-74.08317271741798,40.75890105101664,-74.05592632399954,Lyft,Lyft Black,7.627551364130243,2.22,35.183037049645996
2022-01-17 17:36:00,Queens,Queens,40.639080191187425,-74.04497795129494,40.757212615106354,-73.95763384307536,Uber,UberPOOL,4.525874964575433,1.81,18.860708950292683
2022-02-05 17:17:00,Upper East Side,Lower East Side,40.645818092148,-74.06227234994115,40.74737966122535,-73.97296483588487,Uber,UberXL,2.241426721833909,1.91,12.266968817729838
2022-02-01 15:59:00,Brooklyn,Brooklyn,40.65112394740427,-74.07448888685485,40.69766079960589,-73.97446658620363,Lyft,Lyft Black,11.036319864831938,1.28,27.92135649722354
2022-02-08 22:34:00,Upper East Side,Queens,40.76185726456765,-73.96056055378831,40.680185083153916,-74.0749701959552,Uber,UberX,8.32934247738882,1.06,18.100930295556264
2022-01-30 16:37:00,Central Park,Harlem,40.66355509159481,-74.01824461760164,40.658224503248185,-73.95606238068285,Uber,UberX,3.554764812147649,1.8,15.697509158265094
2022-03-26 05:30:00,Queens,Manhattan,40.810513991402054,-74.09854665310968,40.62511789110916,-74.01470909598115,Uber,UberBLACK,1.6851394088165204,1.09,5.939403422317513
2022-01-05 08:08:00,Williamsburg,Times Square,40.62351488974551,-74.0813602331904,40.79853560527037,-74.0299339095126,Uber,UberPOOL,4.815869575854922,1.28,13.987547849915027
2022-02-06 19:16:00,Lower East Side,Financial District,40.71589605543702,-74.00327469613684,40.77871423984125,-74.08503864869813,Lyft,Lyft Black,3.6650714217076072,1.96,17.47119497645709
2022-01-14 16:38:00,Bronx,Staten Island,40.66657174340676,-74.05424973841,40.7786255243377,-74.08109814676881,Lyft,Lyft Shared,9.090653434181352,1.8,33.13555831767126
2022-02-24 14:38:00,Upper West Side,Harlem,40.74976901649501,-73.97319369603282,40.61419246529652,-73.965342983332,Lyft,Lyft Black,1.1773723823741726,1.16,5.29006593621957
2022-03-27 16:25:00,Queens,Times Square,40.711641557943416,-74.05234301016876,40.623730222822836,-74.02414202874864,Lyft,Lyft Black,3.9607174425712905,2.06,19.4283863804695
2022-03-31 16:25:00,Staten Island,Manhattan,40.711295637963005,-73.91665320439851,40.62286225603178,-74.01824369490717,Uber,UberBLACK,8.754023153740874,1.91,34.03532239137887
2022-03-02 11:00:00,Queens,Bronx,40.79937043425138,-73.99256581095867,40.72875690419659,-73.96441865671261,Lyft,Lyft,3.5079661080588416,1.3,11.230622895833866
2022-01-20 13:34:00,Bronx,Financial District,40.64045636891969,-74.09148859019913,40.795177970728695,-74.03404034654923,Uber,UberXL,10.36076009159456,1.0,20.63133016029048
2022-01-01 12:01:00,Williamsburg,Upper West Side,40.72676941144832,-74.01734326923444,40.69400513641126,-73.94962001617837,Lyft,Lyft Shared,8.7445130508316,1.0,17.8028978389553
2022-01-31 09:39:00,Times Square,Central Park,40.74913221239027,-74.10381963501318,40.62893976846531,-73.97724590757093,Uber,UberX,7.4126092588619,1.97,30.4799704199264
2022-03-26 08:17:00,Central Park,Upper West Side,40.80664776277407,-73.94592100281677,40.69503456822052,-73.98541125929259,Lyft,Lyft Black,11.896590762160624,2.43,56.66525221608806
2022-01-12 01:38:00,Lower East Side,Bronx,40.736016988724856,-73.99417022815153,40.63034593647104,-73.93606446145859,Lyft,Lyft XL,9.37033723308701,1.02,19.27605196106031
2022-01-25 23:41:00,Upper West Side,Bronx,40.67961400429242,-74.07169902894269,40.68876480817168,-73.93028042809219,Lyft,Lyft Shared,6.97987861271938,1.12,16.480562080929985
2022-03-06 12:18:00,Upper West Side,Harlem,40.71699923305362,-74.04438405032899,40.67260829401999,-73.95764245381332,Uber,UberSUV,13.713150958235138,1.12,29.677775878140874
2022-03-30 18:20:00,Staten Island,Upper West Side,40.72929699184357,-73.99229802773883,40.71328863972546,-74.06209865003979,Uber,UberSUV,2.9587732199710093,1.42,10.902551451627959
2022-01-07 23:08:00,Financial District,Harlem,40.65601690616749,-74.0501490804058,40.71391552760444,-74.0473072275966,Lyft,Lyft,12.477784694668644,1.02,24.82284567998353
2022-03-14 03:57:00,Times Square,Central Park,40.62121001845066,-73.93962071486412,40.75021061553122,-74.00609765829884,Lyft,Lyft Black,2.0257609418105584,1.61,9.732581453551248
2022-03-31 03:09:00,Brooklyn,Manhattan,40.67080360669386,-73.9630044723409,40.759584158955846,-73.91480108940438,Lyft,Lyft,11.568736866365118,1.03,23.427648201623125
2022-03-02 06:21:00,Harlem,Financial District,40.75408894325078,-74.09428737400474,40.687331146546036,-74.01888000115694,Lyft,Lyft Black,5.55906523082611,1.0,12.228364153945693
2022-02-20 14:41:00,Lower East Side,Times Square,40.728185353772844,-74.02554683823595,40.779468860623176,-74.01854492704972,Uber,UberBLACK,2.765828851633941,1.0,7.340200490359397
2022-01-30 07:53:00,Manhattan,Upper East Side,40.66720161517926,-73.968315195706,40.79217889172849,-73.92318403049214,Lyft,Lyft XL,3.665021967525507,2.06,18.36240419292945
2022-01-07 05:57:00,Upper East Side,Harlem,40.80792937156667,-74.02199017575705,40.615455132342134,-74.01361906303413,Lyft,Lyft,5.373411644125399,1.29,15.355476786613089
2022-02-25 00:54:00,Harlem,Upper West Side,40.67351354382535,-74.06605380095894,40.80796604608022,-73.97270927361727,Lyft,Lyft Black,8.133565302921477,1.0,16.733739280112587
2022-03-21 05:50:00,Central Park,Queens,40.745457053200255,-73.95689227004539,40.6703810288727,-74.05007427810052,Lyft,Lyft Shared,14.56568711902113,1.0,27.989952458286975
2022-01-19 10:22:00,Upper West Side,Financial District,40.717500160834845,-73.9166732126319,40.69047637899805,-74.06231325052379,Lyft,Lyft,1.450382677473766,1.0,5.03816968557909
2022-02-12 09:31:00,Lower East Side,Lower East Side,40.77838367008061,-74.02251780881576,40.68245535869228,-74.00873747592195,Uber,UberXL,1.5145289962964994,1.45,7.468117328102366
2022-03-07 22:04:00,Upper East Side,Bronx,40.69790288157931,-74.00925949489454,40.786860831851094,-73.94525446620709,Lyft,Lyft,13.347446022607237,1.0,25.858030539562662
2022-03-14 02:17:00,Harlem,Queens,40.67682138270543,-73.98045384339757,40.78962008535366,-73.96151343540525,Lyft,Lyft Black,6.895235148041609,1.0,14.566661509072816
2022-01-01 19:03:00,Harlem,Brooklyn,40.79283976933606,-73.98393392411512,40.653705245129295,-73.92638913442607,Lyft,Lyft XL,3.5210326717322493,2.17,18.796121570903217
2022-01-30 05:01:00,Harlem,Manhattan,40.80890917284031,-73.92035054173792,40.68703451734189,-74.06243924170208,Lyft,Lyft,8.245904961164317,1.0,16.930333682037556
2022-02-16 05:17:00,Queens,Upper West Side,40.63522128142636,-74.0624926843554,40.80240240916103,-74.033887734067,Lyft,Lyft Shared,11.906378392190263,1.0,23.33616218633296
2022-02-02 02:10:00,Lower East Side,Upper East Side,40.7976714571593,-74.08138984405511,40.73521359246831,-73.91711076629427,Uber,UberPOOL,1.2783885993228605,1.15,5.447757056137256
2022-03-26 00:55:00,Financial District,Upper West Side,40.74963510320799,-74.09095174067683,40.68036810542143,-73.98610641419587,Uber,UberXL,9.091610657825953,2.88,53.021717715442804
2022-01-18 15:19:00,Queens,Williamsburg,40.7478548166879,-74.09576584356196,40.68668633412329,-73.99487065357799,Lyft,Lyft Shared,1.2785070848253184,1.0,4.737387398444307
2022-01-14 00:22:00,Upper West Side,Upper East Side,40.75707939840608,-73.95920134502173,40.69945931329373,-73.99480774801746,Lyft,Lyft Black,5.180682725832662,1.11,12.838476194929948
2022-02-23 15:26:00,Queens,Lower East Side,40.75677539046047,-73.92801704376373,40.657694456502256,-74.08532003748714,Lyft,Lyft Black,5.284956090035707,1.0,11.748673157562488
2022-03-29 23:38:00,Harlem,Financial District,40.71700342582952,-74.06257980741522,40.64890460248234,-73.98359064939437,Uber,UberXL,5.857342529656849,1.0,12.750349426899486
2022-03-03 03:48:00,Central Park,Upper West Side,40.7712857434076,-74.0860724170054,40.76039369725904,-73.97186433711265,Lyft,Lyft,9.29500174959619,1.28,24.020803919095467
2022-02-13 19:32:00,Manhattan,Queens,40.810206411976395,-73.91654837109938,40.757215008720785,-74.0487769464896,Uber,UberPOOL,10.693972623075968,1.54,32.67025621918974
2022-02-19 10:00:00,Harlem,Upper East Side,40.76605917423309,-73.93334814398875,40.72787318252225,-74.00095405001468,Lyft,Lyft Shared,5.073138770610069,1.0,11.37799284856762
2022-03-22 07:07:00,Financial District,Lower East Side,40.651379794195236,-74.07832227286369,40.75910611465791,-74.0858453577719,Lyft,Lyft XL,11.909621484516057,1.55,36.17984827674981
2022-02-05 13:18:00,Financial District,Upper West Side,40.74473353911601,-73.91884718944318,40.767597903952435,-74.03278297563504,Lyft,Lyft Black,11.800662964492961,1.62,37.504879504337545
2022-03-02 08:59:00,Lower East Side,Brooklyn,40.773421686343866,-73.91812210811416,40.69997204023399,-73.98733231675347,Lyft,Lyft Shared,4.9612048190105655,1.58,17.667731324564212
2022-01-12 12:40:00,Bronx,Lower East Side,40.72878727659708,-73.9311070960459,40.64876955209226,-74.06201213254435,Uber,UberXL,10.119251341236273,1.0,20.208689847163477
2022-02-08 12:40:00,Financial District,Times Square,40.718046957375435,-74.08329040817581,40.617425557424845,-73.98308647454743,Lyft,Lyft Shared,7.949986967442387,1.5,24.618715789536267
2022-03-01 20:19:00,Central Park,Williamsburg,40.634821656376104,-74.00659463804826,40.73112497911192,-74.0550680096798,Uber,UberPOOL,10.354214986618816,1.07,22.063267562443734
2022-01-09 07:32:00,Williamsburg,Harlem,40.80016198568466,-73.96642629019865,40.73334035694621,-73.92937477380602,Lyft,Lyft Shared,7.214490161955536,1.48,22.385529519464836
2022-01-06 06:23:00,Upper East Side,Upper East Side,40.713502640569025,-73.92303992098793,40.80837022289938,-74.0986180618526,Uber,UberSUV,11.779727992880034,1.0,23.11452398754006
2022-02-04 22:45:00,Upper East Side,Brooklyn,40.698126664063174,-74.00474022558569,40.75869011178678,-74.00738183437322,Lyft,Lyft Shared,14.76320892776208,1.0,28.33561562358364
2022-01-04 23:52:00,Staten Island,Lower East Side,40.69053196734832,-74.0266178142375,40.79977203201405,-73.99687673980347,Lyft,Lyft,9.226553259133759,1.0,18.646468203484076
2022-01-12 18:07:00,Manhattan,Financial District,40.79776977371782,-74.02026035670393,40.68789542196251,-73.94544675568046,Uber,UberX,14.624158045308914,2.64,74.16361016932719
2022-03-10 02:41:00,Harlem,Upper East Side,40.79450233757369,-74.0823255126155,40.77990279948612,-74.01419122759377,Uber,UberXL,3.6902381899162338,1.26,11.286975208765295
2022-03-23 10:39:00,Central Park,Upper East Side,40.68479622109249,-74.05032057530178,40.72909450103338,-74.07649757459355,Lyft,Lyft Black,12.041206029020486,1.0,23.57211055078585
2022-03-31 18:53:00,Harlem,Financial District,40.78147780310881,-73.91822917589343,40.739426700864065,-74.00150036986055,Lyft,Lyft,12.47703708821751,1.74,42.342577933622316
2022-01-24 14:50:00,Brooklyn,Upper East Side,40.643294423764964,-74.07093943347894,40.66643894252551,-73.91139242677335,Lyft,Lyft Black,6.100405256379391,1.0,13.175709198663935
2022-03-22 15:28:00,Queens,Brooklyn,40.776461348930475,-73.97356003153062,40.62767358952631,-73.98343443844968,Uber,UberXL,8.325060889833699,1.0,17.068856557208974
2022-03-07 15:13:00,Lower East Side,Williamsburg,40.7096005640448,-74.04718935674651,40.70956285140673,-73.92403432471724,Uber,UberPOOL,9.078893747536666,1.14,20.962393026335647
2022-03-14 20:01:00,Queens,Queens,40.79090894207658,-73.98104959325485,40.67187500357323,-74.01680815681459,Lyft,Lyft XL,9.467093019322856,1.0,19.067412783814998
2022-03-19 02:53:00,Brooklyn,Upper East Side,40.79004031943418,-74.0001991295174,40.68736024630427,-73.99941156266281,Lyft,Lyft,13.72570836245298,2.27,60.20037646984447
2022-01-10 14:08:00,Staten Island,Financial District,40.665773151416545,-73.93025688819911,40.64944727005926,-74.04257007294282,Lyft,Lyft XL,8.159362291760006,1.0,16.77888401058001
2022-02-07 20:19:00,Times Square,Bronx,40.64245570646673,-74.062559381477,40.664741071943496,-74.06659350359435,Lyft,Lyft XL,1.1940219055242736,1.56,7.159679802081267
2022-01-03 11:08:00,Times Square,Harlem,40.751882838034895,-74.05685530498971,40.649393040237236,-74.00385669998367,Uber,UberPOOL,13.34178106267724,1.1,28.432928545653688
2022-01-19 10:41:00,Harlem,Harlem,40.67916198759925,-73.98809672192547,40.708712791190784,-73.92954414781521,Uber,UberX,13.013948317366648,1.12,28.307338702038635
2022-03-31 23:44:00,Brooklyn,Financial District,40.646226426240176,-73.96328030527347,40.810789479461505,-74.00517574905835,Uber,UberX,4.496198218413671,1.28,13.271484009246624
2022-01-01 08:29:00,Brooklyn,Staten Island,40.6852361782412,-73.99367571498627,40.69161588777175,-73.99594562513326,Uber,UberX,5.3230101431163295,2.49,29.42001669862941
2022-03-07 07:12:00,Upper West Side,Manhattan,40.80480371728043,-74.01463976080962,40.79911831385129,-73.95271743564253,Lyft,Lyft,9.903165826122594,2.35,46.60176945992917
2022-02-05 15:43:00,Lower East Side,Financial District,40.66254439748143,-73.95307413580339,40.627374426167044,-73.99420329406942,Lyft,Lyft,7.562785635706076,1.0,15.734874862485633
2022-03-19 02:47:00,Upper East Side,Times Square,40.67361338802994,-74.02259277672755,40.75524605394511,-73.95634524778067,Uber,UberBLACK,7.098541512804294,2.32,34.62007854198543
2022-01-06 04:42:00,Financial District,Williamsburg,40.71271917297547,-74.10277162697538,40.78657307645177,-73.94570886410087,Lyft,Lyft,3.484407818249409,1.64,14.100250438375802
2022-02-16 12:50:00,Upper East Side,Queens,40.80347489475612,-74.06417335475925,40.7070123306434,-74.09121105646793,Lyft,Lyft,3.7512242223955226,1.0,9.064642389192166
2022-01-01 22:07:00,Brooklyn,Queens,40.717497648836414,-73.9914970563157,40.7013362114732,-73.96612425684984,Uber,UberXL,6.448033909611784,2.97,40.93865624520725
2022-01-20 06:25:00,Brooklyn,Williamsburg,40.62825452081213,-73.9285303496628,40.80106389401871,-73.97307918950781,Lyft,Lyft Black,8.603574839210605,1.09,19.13631900579423
2022-03-14 02:40:00,Brooklyn,Central Park,40.74090226871722,-73.92937367808209,40.77204857683345,-73.93683178656958,Lyft,Lyft XL,9.581297620014066,1.08,20.808652501826586
2022-03-21 17:12:00,Williamsburg,Central Park,40.701547850096546,-74.08079635159115,40.63788979365646,-73.93278574808193,Uber,UberBLACK,12.77169940050908,1.54,38.26972988437197
2022-01-28 14:35:00,Brooklyn,Harlem,40.6291531019308,-73.98934589348144,40.78477235038201,-74.01601787672524,Uber,UberBLACK,14.381594185754857,1.0,27.667789825070997
2022-01-03 07:49:00,Lower East Side,Financial District,40.65289985961869,-73.99258951906934,40.751339125826405,-74.09831282871427,Uber,UberPOOL,4.6811737804343405,2.1,22.4533136430962
2022-02-01 07:47:00,Staten Island,Lower East Side,40.737146496728705,-74.01271440771842,40.63703576030376,-73.94089771109856,Lyft,Lyft,6.564066352017057,1.53,21.40028765752567
2022-02-22 00:03:00,Brooklyn,Queens,40.76030436978889,-73.91622535247471,40.70881147064098,-74.08014627771537,Lyft,Lyft Black,7.584718171067013,1.0,15.773256799367273
2022-01-31 12:41:00,Lower East Side,Queens,40.78219542496348,-73.99321855109758,40.72958833210901,-74.00605644390728,Uber,UberPOOL,3.5000813389464875,1.0,8.625142343156353
2022-01-30 08:25:00,Williamsburg,Manhattan,40.808483274450396,-74.03254395478368,40.74965102203677,-73.98934114183402,Uber,UberX,3.325803307899938,2.61,21.715606608832964
2022-01-05 14:18:00,Financial District,Times Square,40.774659914427396,-73.90754296487715,40.67070030660481,-73.93687709317751,Uber,UberBLACK,5.219885491614319,1.32,15.357935485629076
2022-01-24 00:56:00,Williamsburg,Queens,40.76368480840641,-74.0788927438289,40.75907846624984,-74.005691935565,Lyft,Lyft,9.7553367733986,1.22,23.877644011206012
2022-02-06 11:25:00,Manhattan,Lower East Side,40.68309556354115,-73.97609723694497,40.76359225063484,-74.0292193019298,Lyft,Lyft Shared,2.672434783072481,1.0,7.1767608703768415
2022-01-13 22:02:00,Staten Island,Queens,40.65658633539337,-74.019905267525,40.68632298091777,-73.91634222806896,Lyft,Lyft Black,12.384651161399718,1.0,24.173139532449508
2022-02-16 18:58:00,Central Park,Brooklyn,40.7609103718616,-74.09712977010419,40.71655237274501,-73.98749970791853,Uber,UberBLACK,2.1426845518974553,1.88,11.749432175742626
2022-03-20 17:14:00,Lower East Side,Times Square,40.67151201967496,-74.06158347601188,40.66954580216084,-74.05097212775961,Lyft,Lyft,10.862037644738892,1.43,30.757249205959077
2022-03-25 03:42:00,Staten Island,Queens,40.619629264711044,-74.02488231804425,40.74512474831725,-73.97437184339671,Uber,UberSUV,2.27573125898034,1.0,6.482529703215595
2022-03-12 16:52:00,Staten Island,Upper West Side,40.72123428472989,-73.99118913511475,40.753972676859185,-73.96908545281661,Lyft,Lyft XL,6.332100391273566,2.32,31.508327588570676
2022-02-19 15:27:00,Manhattan,Central Park,40.67182886068479,-73.94345961645256,40.642109493441154,-73.968669187914,Uber,UberBLACK,11.517670451882639,1.04,23.562160222426403
2022-02-16 16:20:00,Queens,Upper West Side,40.65399195962527,-74.05266793590386,40.6175943243863,-73.91236158270301,Lyft,Lyft XL,6.860630615350159,1.47,21.32397225798828
2022-03-11 09:41:00,Bronx,Bronx,40.73884598724728,-74.0166310738431,40.68013592114169,-74.05954191837662,Lyft,Lyft,10.671024811535368,2.67,56.535363431899
2022-02-20 09:36:00,Upper West Side,Bronx,40.634048426958024,-74.01553508734861,40.71480299662769,-74.09658681227008,Lyft,Lyft,10.155070167434793,1.68,34.05590629225829
2022-01-18 11:57:00,Williamsburg,Upper East Side,40.76676541420784,-74.00117436934129,40.65539775971433,-73.92150958026559,Lyft,Lyft Black,1.396475920609543,1.1,5.438216147173371
2022-02-06 20:36:00,Bronx,Harlem,40.72162898431931,-74.07356659873687,40.77552731687944,-73.96694860130698,Lyft,Lyft,14.062442849149878,2.02,54.76073547174482
2022-03-29 23:07:00,Lower East Side,Bronx,40.75078798363043,-73.94996421621154,40.726134390811325,-73.91622850770892,Uber,UberPOOL,12.025872999182077,1.3,30.608861073139227
2022-03-14 11:52:00,Central Park,Manhattan,40.61718142675328,-73.9890151807062,40.64121945613856,-73.91752973152963,Uber,UberX,9.068219798899129,1.0,18.369384648073478
2022-01-07 16:32:00,Williamsburg,Brooklyn,40.715740688576645,-73.92450674109169,40.80166190273858,-74.09550134301278,Lyft,Lyft,13.574156644906068,1.69,44.370568277309694
2022-02-18 13:55:00,Williamsburg,Harlem,40.79094590330946,-74.03030790875393,40.8088618537814,-74.00932854051533,Lyft,Lyft Shared,5.5015386962320285,1.12,13.583015844614776
2022-02-19 09:24:00,Queens,Upper West Side,40.79862495570416,-74.06225602675669,40.66621828219887,-73.99951386388508,Uber,UberSUV,1.3156663267131523,2.68,12.870475072284686
2022-03-10 08:05:00,Times Square,Times Square,40.639474240941546,-74.08015909056496,40.79199164791866,-73.97652537461542,Uber,UberXL,14.621646694865614,2.9,81.45485697644298
2022-01-13 08:18:00,Staten Island,Bronx,40.75129841911122,-74.08019245812879,40.62096794745327,-73.99760523001704,Uber,UberXL,10.901956589025401,1.59,34.30969420896318
2022-01-23 20:18:00,Harlem,Upper West Side,40.66281341795279,-74.00861375872202,40.710770164258925,-74.09610973562566,Lyft,Lyft Shared,6.201989096956632,2.38,31.781284588824374
2022-01-28 15:08:00,Brooklyn,Queens,40.74302315954286,-74.01815445244314,40.63574839209707,-74.07705400432448,Lyft,Lyft XL,12.856897618522142,1.0,24.99957083241375
2022-02-23 08:38:00,Upper West Side,Upper East Side,40.78785242214999,-74.02119477221285,40.66983259803191,-73.98445787888132,Uber,UberXL,7.72211885635067,1.23,19.69686083829482
2022-03-05 00:50:00,Upper West Side,Williamsburg,40.701106556719566,-74.05489636125547,40.730759459080225,-73.94328839845129,Lyft,Lyft Black,1.4543861546204269,2.57,12.966101730405368
2022-01-31 02:22:00,Manhattan,Brooklyn,40.67303249759864,-74.00142242646493,40.68180840527404,-74.03146182549597,Lyft,Lyft Black,11.834005420071318,1.03,23.90579476967855
2022-01-30 22:05:00,Brooklyn,Brooklyn,40.664174829933366,-74.03025886393031,40.661069476909745,-73.9659167307364,Uber,UberXL,10.202637435409969,2.29,46.61206952240545
2022-01-04 18:22:00,Financial District,Times Square,40.76938901128435,-73.96883588256937,40.742129199187524,-74.04971232549913,Lyft,Lyft,9.697340167592856,2.03,39.52480094537361
2022-02-03 12:06:00,Brooklyn,Brooklyn,40.61387007954122,-74.0931577579734,40.67297482373049,-73.93739490926008,Lyft,Lyft XL,12.959762672396998,1.0,25.179584676694745
2022-02-07 07:24:00,Times Square,Queens,40.72341692615692,-74.09793633095903,40.73113620537019,-74.10552635621083,Lyft,Lyft Shared,10.433284634821074,3.16,65.59606403056054
2022-02-20 02:36:00,Upper East Side,Financial District,40.802043795205535,-74.04820078435704,40.63971264474887,-74.02084224348937,Uber,UberSUV,1.524730868065013,2.2,11.3702138420503
2022-01-17 04:52:00,Lower East Side,Financial District,40.64520042852141,-74.09720393971146,40.75681498818069,-73.99258755638007,Uber,UberBLACK,7.641744962435326,1.26,20.000047642169896
2022-02-05 12:55:00,Financial District,Manhattan,40.75828853565122,-73.93571850504634,40.805945082835905,-73.95759776386204,Uber,UberPOOL,14.05201921924664,1.6,43.34565381389059
2022-02-24 12:12:00,Central Park,Harlem,40.678245952699825,-73.98514012080476,40.686415003354185,-74.07592113763505,Lyft,Lyft Black,4.821774470567005,1.0,10.938105323492259
2022-01-20 07:23:00,Staten Island,Manhattan,40.67869564071083,-74.09010177681844,40.7537295612815,-73.91034128259206,Lyft,Lyft,3.3141099520440207,2.32,19.255286405298722
2022-02-20 23:07:00,Upper West Side,Bronx,40.773718257568994,-74.00209214479057,40.675759643388744,-74.00356925846891,Uber,UberX,10.515659764996235,1.77,36.99725612207584
2022-02-01 02:13:00,Lower East Side,Times Square,40.70637423388439,-73.99668408209115,40.658449647935676,-73.95725428439738,Lyft,Lyft Shared,10.81175183073602,1.0,21.420565703788036
2022-01-18 15:15:00,Harlem,Bronx,40.754007233334136,-74.00987748916921,40.66421787570007,-74.07572983992456,Uber,UberSUV,14.91471658770155,1.0,28.600754028477713
2022-02-09 20:16:00,Manhattan,Brooklyn,40.69838926719006,-74.02903948133688,40.69019003199446,-74.04581067331503,Uber,UberX,2.9281542041090782,1.19,9.072881130057155
2022-02-05 04:11:00,Harlem,Staten Island,40.67592467900606,-74.01064506542113,40.73807130986618,-74.09177838780226,Lyft,Lyft XL,9.15970711945557,1.2,22.235384950856695
2022-02-17 17:28:00,Upper West Side,Bronx,40.782973787056314,-74.0579995684139,40.636316534874,-74.02608065834502,Uber,UberXL,6.193104777493576,2.22,29.610212060562546
2022-03-18 01:52:00,Queens,Bronx,40.78961138757379,-73.92195353549789,40.73541967205488,-73.99208046435561,Lyft,Lyft,4.985362897980263,1.0,11.22438507146546
2022-02-21 09:57:00,Times Square,Manhattan,40.75242105904412,-73.92284480307994,40.70019396490393,-74.0139428113711,Uber,UberXL,5.5983562887620675,1.64,20.16728254874713
2022-03-21 00:03:00,Staten Island,Staten Island,40.79669903486407,-73.91930299486171,40.61854797882631,-74.00271286096554,Uber,UberXL,11.65684889705853,1.06,24.273454704043576
2022-02-28 22:24:00,Times Square,Upper East Side,40.75399126941106,-73.98408945717372,40.63470872738931,-74.0640954768613,Uber,UberPOOL,1.5948264944860573,1.42,7.513143838797852
2022-03-30 08:51:00,Staten Island,Manhattan,40.70610036776498,-74.07888624959435,40.64575497793155,-73.95517972590694,Lyft,Lyft Black,14.00672327801014,1.47,39.70729563268108
2022-02-11 05:35:00,Staten Island,Upper West Side,40.693466322195796,-73.94063107216517,40.74751180999285,-73.90830725451187,Lyft,Lyft XL,6.76772219055297,1.0,14.343513833467696
2022-01-02 15:53:00,Staten Island,Times Square,40.74160297183617,-73.9921754140466,40.71185447063659,-73.91432298780245,Lyft,Lyft Shared,6.534507371560301,1.26,17.558588754290465
2022-02-15 23:29:00,Times Square,Bronx,40.746162852379356,-74.02254274261838,40.79329513413204,-74.07138009781181,Lyft,Lyft,9.086269407401549,1.48,27.233437765170013
2022-02-27 07:50:00,Williamsburg,Upper West Side,40.74672891560343,-74.07009949335196,40.7065716915973,-73.91837175859962,Uber,UberPOOL,4.693151026125278,1.44,15.4267405858357
2022-01-17 21:34:00,Lower East Side,Financial District,40.709595691738976,-74.0993136516649,40.71538274002259,-73.9940526213068,Uber,UberX,6.131602579510586,1.0,13.230304514143526
2022-03-24 15:50:00,Harlem,Staten Island,40.79345216802033,-73.94595883719936,40.770900059452615,-74.10459037619391,Uber,UberX,1.2994509028500767,1.0,4.774039079987634
2022-01-19 03:54:00,Manhattan,Brooklyn,40.69203412394261,-74.01739330586473,40.67991342493818,-74.0878463530051,Lyft,Lyft Black,12.249338794634435,1.03,24.654433177328567
2022-01-13 19:04:00,Upper West Side,Financial District,40.61500683538588,-73.971021356286,40.70152871558899,-73.92139707195143,Lyft,Lyft Shared,5.736513331455565,2.12,26.582464459700148
2022-03-31 14:26:00,Williamsburg,Manhattan,40.744487805730536,-74.00581415913112,40.680729868594945,-73.97055105357738,Lyft,Lyft,14.756545010521942,1.25,35.404942210516744
2022-02-05 21:15:00,Upper East Side,Harlem,40.760286697141126,-74.09984434906562,40.632262188558265,-73.92199673204368,Uber,UberPOOL,12.036523719660398,2.49,58.67415210842019
2022-03-30 00:45:00,Lower East Side,Brooklyn,40.768878347771064,-74.0312669445436,40.67979099242291,-73.95414391366118,Uber,UberXL,8.746534916252575,1.06,18.87482226964853
2022-02-18 07:44:00,Lower East Side,Lower East Side,40.66524631780441,-73.94087184209458,40.81186022088361,-73.92595650034413,Lyft,Lyft XL,14.455826206144913,1.35,37.52688941201736
2022-03-04 12:08:00,Central Park,Financial District,40.66699549849311,-73.95386802601847,40.638360099607056,-74.05914796755654,Uber,UberSUV,14.683255898317643,1.0,28.195697822055877
2022-03-06 03:34:00,Upper East Side,Queens,40.79486348180812,-74.05180751354206,40.781808036734844,-74.035226450962,Lyft,Lyft Shared,5.724229481158588,1.21,15.14605592635331
2022-03-12 19:19:00,Upper West Side,Manhattan,40.70027633891965,-74.07924165742513,40.707102374274996,-73.95998743264914,Lyft,Lyft Black,3.2006708275409403,2.35,19.03775877826212
2022-02-11 17:56:00,Central Park,Staten Island,40.77547321726452,-74.02708575584845,40.68978416785797,-73.9832666601112,Lyft,Lyft Shared,12.620403626235483,2.39,58.75983816672991
2022-01-14 09:30:00,Lower East Side,Queens,40.700553886774706,-73.96057708139888,40.614576778836394,-73.98048576046475,Lyft,Lyft,13.830160416126173,2.0,53.4055614564416
2022-02-01 09:16:00,Queens,Times Square,40.75340769592492,-73.92510527576978,40.63541841454891,-74.07328386814754,Lyft,Lyft Shared,2.1916279330646633,1.0,6.335348882863161
2022-01-14 00:20:00,Staten Island,Staten Island,40.7593128983425,-73.98948020157522,40.63447845898878,-74.03677492342906,Lyft,Lyft Shared,14.221427311805774,1.0,27.387497795660106
2022-01-18 06:32:00,Bronx,Williamsburg,40.6300460404978,-73.98912488204047,40.70253782400283,-74.03491411465508,Lyft,Lyft XL,5.336004822314152,1.22,14.442370295640714
2022-02-23 03:47:00,Upper West Side,Central Park,40.65757911720714,-74.06953508060649,40.613888909768114,-73.94416939241079,Uber,UberXL,5.1278154014002215,1.16,13.30946526484245
2022-01-16 06:24:00,Williamsburg,Central Park,40.65922259178495,-74.04827636699346,40.64426573203941,-73.92476433797805,Uber,UberBLACK,8.592136520416675,1.0,17.536238910729182
2022-02-13 04:45:00,Financial District,Manhattan,40.768861256926684,-73.91744865302725,40.62412810978915,-74.03822169646196,Lyft,Lyft Shared,11.380957161462032,1.71,38.332514305675126
2022-01-20 05:45:00,Lower East Side,Bronx,40.7342819251678,-73.90780757946175,40.772951218155,-73.94664715079794,Uber,UberX,4.710380116394187,1.18,12.676934940353995
2022-03-24 17:33:00,Central Park,Upper East Side,40.69492593093383,-73.92031936793573,40.737343897665156,-74.03144754877941,Uber,UberPOOL,5.327827780033181,1.86,21.992079424008004
2022-02-28 03:02:00,Times Square,Staten Island,40.75492843167106,-73.94338262082356,40.74512285765259,-74.08964441567694,Lyft,Lyft XL,5.5111701990221,1.54,18.702603686364558
2022-01-08 03:08:00,Bronx,Times Square,40.76294426569198,-74.06046820946145,40.75145683447361,-73.92912607476543,Uber,UberXL,8.438341374328008,1.03,17.785110327226235
2022-02-12 16:55:00,Upper West Side,Upper West Side,40.615210015648934,-73.93360083809942,40.77336487222877,-74.10066788494636,Lyft,Lyft Black,1.6462697499214738,2.21,11.8919482578213
2022-03-31 06:36:00,Central Park,Financial District,40.65333141840011,-74.01568469624506,40.67310449479101,-73.90636747418915,Uber,UberX,10.283247067728333,1.0,20.495682368524584
2022-01-24 04:12:00,Harlem,Financial District,40.80549343683636,-73.91310502972505,40.75177389900118,-73.9978836421465,Uber,UberX,11.792984635829516,1.0,23.137723112701654
2022-01-03 06:37:00,Financial District,Financial District,40.64706207448373,-74.07173673039976,40.655661807654795,-74.05365650213778,Uber,UberBLACK,12.040328520777589,1.47,34.648745119700344
2022-02-08 14:54:00,Financial District,Queens,40.72403026129987,-74.07671958306966,40.62729235450621,-74.04138248504775,Lyft,Lyft Shared,8.202544404928217,1.93,32.52909372764505
2022-03-19 03:28:00,Harlem,Williamsburg,40.717118735330935,-73.95752523324805,40.64188260455221,-74.05327370374964,Uber,UberSUV,2.5990108571554993,1.0,7.048269000022124
2022-03-17 14:20:00,Central Park,Lower East Side,40.69848330869689,-74.06803575778808,40.62601715122509,-73.97041647546978,Uber,UberXL,13.112492865889347,1.14,29.009423267449243
2022-02-02 16:05:00,Queens,Upper West Side,40.785593388192325,-73.94957339045449,40.67020750034378,-74.06867124083557,Lyft,Lyft XL,1.242502081415572,1.76,8.22690641075996
2022-01-24 11:11:00,Times Square,Bronx,40.76415053984833,-74.06231473812537,40.62902636199411,-74.05172768405308,Uber,UberBLACK,8.442569906425202,1.05,18.13822220305631
2022-02-09 00:44:00,Upper East Side,Brooklyn,40.74759081712311,-74.04288722352335,40.756576676893374,-74.09006368595641,Uber,UberXL,9.727114375476848,1.1,21.474695172792934
2022-02-25 10:22:00,Times Square,Queens,40.7711527319284,-74.0324007396592,40.77243113641131,-74.08028843853037,Lyft,Lyft Shared,1.2100938359497955,1.35,6.2338466874313925
2022-02-20 08:44:00,Brooklyn,Central Park,40.767387881544266,-74.07330877445496,40.707592883844995,-74.09437518982848,Uber,UberX,7.792985359314346,1.73,27.918263175324185
2022-03-19 14:04:00,Queens,Upper West Side,40.80747944254387,-73.95292607985553,40.67269291040812,-73.99867927429153,Uber,UberXL,3.005965791625994,1.04,8.07085774075931
2022-03-09 17:50:00,Upper West Side,Williamsburg,40.75064873715616,-74.00688651203406,40.80555304903163,-74.07364953393133,Uber,UberSUV,11.699821995324239,1.91,43.881655019371266
2022-01-31 19:37:00,Brooklyn,Harlem,40.739706881433364,-74.0467956556685,40.69541227460082,-73.93458334783274,Uber,UberPOOL,9.262627492668946,1.58,29.561165017229637
2022-03-09 00:39:00,Upper West Side,Harlem,40.63451262103117,-73.97251875062923,40.7635195233234,-74.07553018646956,Lyft,Lyft,9.132932997290675,1.18,21.809506639405246
2022-01-03 17:21:00,Queens,Financial District,40.62564472123543,-74.09285588210602,40.621392446436765,-74.08183648472819,Lyft,Lyft,8.414311918722946,1.89,32.55533667117614
2022-03-26 22:58:00,Central Park,Queens,40.66078755573055,-73.94036694229375,40.719020701059506,-74.04695627167804,Uber,UberX,1.5512593178124474,2.31,12.045965792256819
2022-03-23 02:49:00,Williamsburg,Brooklyn,40.79707482069541,-74.03946851351213,40.78795099392457,-73.94874731624729,Lyft,Lyft XL,5.063249906028615,1.0,11.360687335550075
2022-01-03 12:51:00,Brooklyn,Harlem,40.69462389453395,-73.98138662371696,40.730916855339935,-74.08130577375947,Uber,UberPOOL,4.759881682622655,1.25,13.537241180737059
2022-01-29 20:53:00,Manhattan,Brooklyn,40.7932608330059,-73.99618849912946,40.63935831087615,-74.05537945555967,Lyft,Lyft Black,12.311287698526211,2.52,60.59277875050059
2022-03-29 19:16:00,Upper East Side,Queens,40.77178818294162,-73.9686978956108,40.718844058594044,-74.05799643054284,Uber,UberSUV,2.518643714055076,1.47,10.154210954406683
2022-02-04 18:12:00,Financial District,Upper East Side,40.7548121450538,-74.01694677882186,40.66670605356103,-73.9728312943604,Uber,UberSUV,11.587099354695624,3.14,71.52111095405246
2022-02-04 06:29:00,Harlem,Staten Island,40.63854133134516,-73.93272106325105,40.69129736965389,-74.0984147587126,Lyft,Lyft Shared,1.2388288668927265,1.21,5.648220125645349
2022-03-12 09:16:00,Upper East Side,Upper East Side,40.80662748804909,-74.06152910772886,40.76172438584407,-73.97091004096823,Uber,UberX,3.3229537671647087,1.14,9.479292765493595
2022-01-26 09:39:00,Upper East Side,Manhattan,40.67993945880028,-74.00149502402331,40.721828460338706,-74.07502949874919,Uber,UberX,13.798410791426639,1.93,51.429132448043475
2022-02-03 20:30:00,Upper West Side,Financial District,40.64917639715724,-73.9909079406468,40.804794701921644,-73.92438528039028,Uber,UberPOOL,7.359353256353938,1.01,15.532656880605584
2022-02-11 16:24:00,Bronx,Queens,40.65035608648897,-73.99645347652414,40.69730140717658,-73.91851202104696,Uber,UberX,2.603433421872378,1.46,10.301772392883924
2022-02-02 11:29:00,Lower East Side,Williamsburg,40.63314636998141,-73.9776254728796,40.690327763383095,-74.01935787216505,Lyft,Lyft Black,10.460305633051767,1.08,22.46997764646784
2022-02-27 23:40:00,Upper East Side,Williamsburg,40.69849824414115,-74.03389075030776,40.629124229048884,-74.04774747361488,Uber,UberPOOL,4.7122708838602945,2.92,31.379704216526108
2022-01-24 03:05:00,Brooklyn,Central Park,40.626898673474386,-74.0781041063876,40.731914436780926,-73.92588226452861,Uber,UberSUV,8.336340547282118,1.0,17.088595957743706
2022-02-25 10:47:00,Queens,Brooklyn,40.675950316218504,-74.01218771145037,40.63651561552374,-74.0597462666623,Uber,UberSUV,8.269380787821047,1.0,16.971416378686833
2022-03-21 17:55:00,Bronx,Central Park,40.7251633587848,-74.04842972568349,40.78561436287871,-73.97982310734487,Lyft,Lyft,14.009384189432602,2.3,62.13777136246621
2022-01-13 10:54:00,Harlem,Staten Island,40.732499119765116,-73.98177293405192,40.806932899408324,-74.0502223675567,Uber,UberPOOL,12.124136285004864,1.16,27.511996658559873
2022-03-04 10:16:00,Bronx,Harlem,40.68377131685647,-74.07094449639638,40.683493704554714,-73.92708538255226,Lyft,Lyft Shared,6.498168155639173,1.0,13.871794272368554
2022-02-21 06:55:00,Upper West Side,Lower East Side,40.615688998139284,-73.94533861677525,40.69013072522839,-74.09147385151924,Uber,UberBLACK,3.6874471443541466,1.0,8.953032502619756
2022-01-05 22:16:00,Bronx,Harlem,40.626590682491326,-73.98084486055907,40.668800896468774,-73.92885973645973,Uber,UberSUV,13.654421570688417,1.0,26.39523774870473
2022-02-15 12:12:00,Staten Island,Central Park,40.76896768342839,-73.96558468382993,40.7215254155747,-74.01786802735533,Uber,UberSUV,13.344702986781105,1.09,28.18002094728496
2022-01-16 23:19:00,Lower East Side,Bronx,40.67536553008065,-73.97462228569422,40.74259963776055,-74.01870590112118,Uber,UberBLACK,11.16383335408213,1.75,38.56423964687652
2022-02-25 22:13:00,Lower East Side,Lower East Side,40.617806391065336,-73.99239547239553,40.75482483248517,-74.07158648415371,Lyft,Lyft XL,13.105001465493848,1.26,32.04652823141394
2022-01-20 10:50:00,Central Park,Upper East Side,40.66581622284732,-74.06451447355136,40.81130622733162,-74.0337840069201,Lyft,Lyft Black,4.168038953664165,1.01,9.89200885060141
2022-02-04 12:00:00,Queens,Brooklyn,40.68250485258842,-74.0189322314304,40.65270785993769,-73.91536172763304,Lyft,Lyft XL,9.329683151435994,1.28,24.098490259216625
2022-01-26 20:45:00,Manhattan,Manhattan,40.71782800592559,-74.01147207674718,40.78229118631583,-74.05933939885686,Lyft,Lyft,12.709694615733664,1.0,24.74196557753391
2022-03-28 21:04:00,Queens,Staten Island,40.73062512181173,-73.99118531423191,40.714460259536494,-74.09530717017542,Uber,UberSUV,7.5854530748580835,1.11,17.50974259791183
2022-01-26 11:59:00,Manhattan,Times Square,40.80693018059268,-74.09156459786277,40.75477375480746,-73.98829100174864,Uber,UberSUV,2.4368178679498085,1.0,6.764431268912165
2022-02-03 14:12:00,Staten Island,Manhattan,40.667959841912314,-73.95840920575111,40.787060621782246,-73.99778553899152,Uber,UberXL,9.554825796255896,1.0,19.220945143447818
2022-03-10 22:46:00,Lower East Side,Harlem,40.78464278703286,-73.94362895309538,40.682975109334365,-73.97845520609175,Uber,UberX,9.474193525357032,1.0,19.079838669374805
2022-01-23 11:31:00,Williamsburg,Queens,40.79741414246421,-74.00469467187662,40.73289694925797,-74.04344947949298,Uber,UberX,9.175181321109237,1.11,20.597789716254695
2022-02-07 00:16:00,Lower East Side,Upper West Side,40.701616688455935,-73.9599117682598,40.804443236891395,-74.02156572631725,Uber,UberX,6.489744145612286,1.03,14.272763822466146
2022-03-08 00:45:00,Upper West Side,Lower East Side,40.731642465805415,-73.97463502275063,40.69555041000798,-74.06297946839919,Lyft,Lyft,6.6918071315905845,1.0,14.210662480283522
2022-02-17 05:04:00,Financial District,Bronx,40.72460767292887,-73.90797926371795,40.62626981511287,-73.95420272449373,Uber,UberX,12.20132932347955,1.77,42.21861757947791
2022-03-11 05:47:00,Times Square,Upper East Side,40.699384679383705,-73.95984531473877,40.76439013962227,-73.98939339540595,Uber,UberX,8.00809839004547,1.48,24.440974830217765
2022-03-26 01:50:00,Harlem,Harlem,40.7786027217801,-74.03293609170919,40.62557249931974,-73.96563382231155,Lyft,Lyft XL,13.374886621634884,2.09,54.14364781862958
2022-02-18 08:12:00,Central Park,Times Square,40.77083453960826,-73.924922241497,40.75035972701931,-74.00860780332091,Lyft,Lyft XL,13.894286842305469,1.95,52.28925384936741
2022-03-23 11:37:00,Financial District,Manhattan,40.653827686365624,-73.99720430684246,40.723616414942384,-73.93142373642549,Uber,UberPOOL,12.398228625340991,1.37,33.14975312925503
2022-02-28 15:38:00,Upper East Side,Queens,40.764269279719144,-73.92281605319118,40.744987934664245,-73.95663548376632,Uber,UberX,7.51164982881461,1.0,15.645387200425567
2022-02-17 21:43:00,Lower East Side,Staten Island,40.763066264721786,-74.00674199079481,40.7521370369574,-74.06990153615457,Lyft,Lyft Shared,8.280125981933093,1.29,21.91738440421396
2022-01-16 16:48:00,Central Park,Brooklyn,40.66676835060509,-73.9812579231496,40.7500152783991,-73.97987057317198,Lyft,Lyft Shared,6.033415547933365,2.4,31.34034530132013
2022-03-13 13:16:00,Upper East Side,Staten Island,40.628602560707456,-73.93723517676231,40.7286039129685,-74.1035019220876,Uber,UberXL,3.799178799413239,1.0,9.148562898973168
2022-01-20 20:51:00,Brooklyn,Upper East Side,40.719952909807766,-73.9166906144497,40.72502274922544,-74.05780797262015,Uber,UberSUV,13.621788339459746,1.22,32.13251810474656
2022-03-09 03:22:00,Staten Island,Financial District,40.682110905890525,-74.0228772669628,40.73992438679082,-73.92060108097274,Uber,UberBLACK,13.354224661045015,1.0,25.869893156828777
2022-03-18 19:23:00,Lower East Side,Staten Island,40.794033411763955,-73.94072566449145,40.79201161259878,-73.94494981135054,Lyft,Lyft XL,13.781723771603492,2.1,55.89783486064283
2022-01-10 16:36:00,Upper West Side,Brooklyn,40.66071895493659,-74.05855474010863,40.68143652885083,-73.91195102872119,Lyft,Lyft Black,2.850106408390517,1.33,9.95862266552893
2022-01-06 05:49:00,Lower East Side,Brooklyn,40.75562551215254,-74.01691579939776,40.81272062601649,-73.93818837205481,Uber,UberBLACK,6.9148337449297665,1.28,18.689227588642677
2022-01-29 17:24:00,Financial District,Manhattan,40.637711707289164,-74.0451951171841,40.63127074587617,-73.98451586764367,Lyft,Lyft XL,11.124243960437997,2.32,50.964430479378265
2022-03-16 02:53:00,Harlem,Upper West Side,40.71008798765662,-74.03633882482042,40.719916633962306,-74.02700099921765,Uber,UberXL,7.20376558939127,1.17,17.674710044278626
2022-01-07 10:23:00,Upper East Side,Queens,40.72655625955971,-74.01346939238499,40.77126293764181,-74.01138010400261,Lyft,Lyft XL,10.909095463256687,1.11,23.965917937376116
2022-02-16 12:14:00,Manhattan,Queens,40.81162681161782,-74.06762391372186,40.72421896023252,-74.0990046218211,Uber,UberX,9.513433651995943,1.15,22.020785224641834
2022-03-23 17:09:00,Lower East Side,Upper East Side,40.78968045542495,-73.97613410718384,40.64461582147256,-73.93091073389317,Lyft,Lyft Shared,6.2372853845270715,1.43,19.183806674778996
2022-02-23 22:06:00,Harlem,Williamsburg,40.7795519312171,-73.9562758979218,40.63277469584095,-74.09110389291853,Lyft,Lyft Shared,5.438182176904665,1.0,12.016818809583164
2022-03-08 04:43:00,Central Park,Queens,40.7331181134215,-73.96336446654647,40.75466353874447,-73.91674284576655,Lyft,Lyft Black,4.577330411012693,1.12,11.77156760558488
2022-02-13 08:26:00,Williamsburg,Bronx,40.62724874070778,-74.0442159199121,40.73392173897284,-74.0651799664065,Lyft,Lyft Black,8.837701455985254,2.53,45.45392319637471
2022-01-06 17:46:00,Financial District,Williamsburg,40.6761853630155,-74.09225240605778,40.81005294466174,-73.97328366392563,Uber,UberX,13.884630208292291,3.03,81.19825167946986
2022-01-31 13:05:00,Manhattan,Bronx,40.621055648575435,-73.9938191300461,40.73283664925779,-74.05038674110683,Lyft,Lyft Shared,9.908192769550181,1.0,19.839337346712817
2022-01-24 15:12:00,Central Park,Queens,40.75009799885886,-74.04553272542326,40.64026490153403,-73.98013947911865,Uber,UberBLACK,4.2108082959897315,1.0,9.86891451798203
2022-01-05 09:24:00,Bronx,Brooklyn,40.764555249241816,-74.01506646930882,40.77712640262421,-73.96283326409103,Lyft,Lyft Black,11.587946318565816,1.59,36.218460631409386
2022-01-18 04:21:00,Bronx,Harlem,40.79099310440019,-74.0018848914148,40.63270130890477,-73.98273410444104,Lyft,Lyft Shared,10.151379592160126,1.0,20.26491428628022
2022-03-19 08:15:00,Bronx,Financial District,40.669270371235264,-74.01808863280395,40.675088136157555,-74.09477411508698,Uber,UberX,1.2226681970524833,2.14,9.92889239796155
2022-02-23 07:36:00,Williamsburg,Lower East Side,40.63332432770526,-74.09371871813643,40.679582216581196,-73.90852913633401,Uber,UberBLACK,13.761460907226581,2.03,53.96258987292243
2022-01-25 21:18:00,Brooklyn,Bronx,40.738591080470144,-73.91817074719714,40.724289579579214,-74.04227621184727,Uber,UberBLACK,3.5505992082567497,1.0,8.713548614449312
2022-01-17 08:24:00,Financial District,Staten Island,40.67968032464573,-73.92820168291375,40.673183217025205,-73.93282423599388,Uber,UberX,13.322197369165798,1.86,48.013752436634675
2022-03-21 11:29:00,Financial District,Bronx,40.63189914695428,-74.05978008349818,40.627470254281704,-73.91725783052766,Lyft,Lyft,13.397321669750113,1.97,51.112266456463516
2022-02-12 00:13:00,Upper East Side,Central Park,40.7560727589103,-74.05926170574392,40.63684597830148,-74.0515099417669,Uber,UberXL,7.150738260757852,2.56,38.43530740819518
2022-01-16 20:32:00,Financial District,Brooklyn,40.802891921965866,-73.99482589283144,40.703030445024666,-74.07539617924773,Lyft,Lyft Black,2.979088603216108,3.43,26.45697934080469
2022-02-05 19:07:00,Upper West Side,Lower East Side,40.64995197881718,-73.94657259878389,40.66580673877117,-74.06643815060649,Lyft,Lyft,7.077818361758043,1.5,22.329273199614864
2022-01-16 04:19:00,Queens,Queens,40.63956708086954,-74.08136702194223,40.734663117527305,-73.95307519781626,Lyft,Lyft Black,2.231900445945144,1.0,6.405825780404002
2022-02-21 13:27:00,Upper East Side,Queens,40.692641840717464,-74.01857329276079,40.61612259450721,-73.99399006923866,Uber,UberX,12.66214773154488,1.18,29.097335065640177
2022-01-05 18:38:00,Harlem,Upper East Side,40.78286877672871,-73.94924248768628,40.6441308407002,-73.99879084019886,Lyft,Lyft Black,6.125511447966901,1.76,23.266575259738058
2022-01-30 16:30:00,Upper West Side,Harlem,40.703149739440576,-74.10424711514874,40.651452590575126,-74.05493966317442,Uber,UberXL,8.276448981436989,1.23,20.89005643254312
2022-02-10 06:14:00,Lower East Side,Bronx,40.636602401481085,-74.01228778179673,40.736530671896666,-73.91106252982036,Lyft,Lyft Shared,12.146826642080544,1.0,23.756946623640953
2022-01-06 15:33:00,Staten Island,Staten Island,40.79799835663067,-73.9213696105679,40.626559500181834,-73.93523975510391,Lyft,Lyft Shared,9.306126230040604,1.0,18.785720902571057
2022-01-31 09:24:00,Queens,Manhattan,40.62074738231097,-73.98148547791233,40.65458031355269,-74.01411553986917,Uber,UberBLACK,4.9915185449244355,1.12,12.583376348051896
2022-02-21 04:49:00,Financial District,Upper West Side,40.791093727327755,-73.96831687865959,40.65920309672648,-74.10338990217153,Lyft,Lyft Shared,6.630537088897127,1.58,22.28343505080056
2022-03-02 23:46:00,Williamsburg,Lower East Side,40.76112232082552,-73.98441862626886,40.62258092185113,-74.08395860481006,Lyft,Lyft Black,1.679847498987503,1.01,5.494130454460412
2022-01-02 18:43:00,Central Park,Financial District,40.723380763638374,-74.09796221516588,40.70336471114308,-73.9450728875751,Uber,UberXL,5.039101454660656,1.89,21.39182806129012
2022-02-07 05:50:00,Brooklyn,Staten Island,40.80107270156663,-73.98378620424288,40.715783125160904,-73.93054001479999,Uber,UberSUV,2.1001392212046306,1.0,6.175243637108103
2022-01-08 05:05:00,Upper East Side,Times Square,40.629304998545216,-73.9416682352531,40.73261913201766,-73.95028418352133,Uber,UberSUV,3.945158405817394,1.22,11.472913196420135
2022-03-23 17:08:00,Times Square,Lower East Side,40.64053057996519,-74.07830646373849,40.77746469584435,-73.95925880156047,Lyft,Lyft Shared,13.554781172384489,1.53,40.117926589059465
2022-03-08 02:35:00,Harlem,Upper West Side,40.75923557575706,-74.06080733725052,40.73774198845798,-74.05863799137228,Lyft,Lyft XL,6.057745327883909,1.0,13.101054323796841
2022-01-05 14:12:00,Queens,Brooklyn,40.703953613366465,-74.06894445569802,40.70813162941643,-73.9184289439564,Uber,UberX,9.061723194411282,1.1,20.19381714924172
2022-02-25 11:14:00,Upper West Side,Times Square,40.7023529728231,-73.95328173242102,40.779287657815466,-73.9570427596752,Lyft,Lyft XL,13.344680702579723,1.04,26.887318878695098
2022-01-06 05:22:00,Williamsburg,Bronx,40.69536623188824,-73.90793423195922,40.810548374688494,-73.94672754305202,Uber,UberX,2.9221027974067946,1.0,7.613679895461891
2022-02-08 18:26:00,Times Square,Central Park,40.69539084093921,-74.09302691796887,40.66030111564314,-73.94188754266247,Lyft,Lyft Black,12.078560878946558,2.91,68.78507127603534
2022-03-21 03:30:00,Lower East Side,Upper East Side,40.7512316376516,-74.02992839431313,40.731486687757574,-73.94349930697688,Lyft,Lyft Black,1.5118407608915054,1.28,6.586523304396971
2022-02-25 23:54:00,Queens,Harlem,40.62971341472621,-73.91441500451246,40.74954368090764,-73.94877489821289,Uber,UberX,9.298003098539725,1.01,18.959220476668964
2022-02-09 20:10:00,Lower East Side,Queens,40.77478648856575,-73.94370817880147,40.642766702196916,-74.08788722927139,Uber,UberPOOL,9.845728856300886,1.11,21.900328303364475
2022-03-16 13:06:00,Upper West Side,Lower East Side,40.65259919977765,-73.91840929101494,40.68859221548935,-73.927992603038,Lyft,Lyft,14.141857886416755,1.19,32.42541904846289
2022-01-10 06:45:00,Brooklyn,Times Square,40.6704823713207,-73.92221687000202,40.624317550113034,-73.94144898265326,Uber,UberXL,2.426113139022072,1.28,8.634493431409442
2022-03-22 11:55:00,Upper West Side,Central Park,40.792712195050164,-73.9270208553471,40.686261644650884,-73.98220161442578,Lyft,Lyft,6.201930463666798,1.0,13.353378311416897
2022-01-03 17:37:00,Times Square,Bronx,40.718606680813785,-73.95245866920172,40.65504159441339,-74.09277668712394,Lyft,Lyft XL,8.466654754501686,2.55,44.15744684196377
2022-01-24 23:31:00,Bronx,Upper East Side,40.78854828135902,-73.92888744806525,40.705717689586656,-74.10457204362723,Lyft,Lyft Shared,7.661370282176728,1.0,15.907397993809274
2022-01-29 07:27:00,Manhattan,Upper East Side,40.74436819405588,-74.01223511847179,40.704601063025464,-74.06711789456331,Lyft,Lyft Black,11.026914769992636,1.77,38.5808685000522
2022-03-03 00:28:00,Manhattan,Upper East Side,40.63259944786201,-74.08966765839277,40.62275540919882,-74.04528336356677,Lyft,Lyft,14.10246332346889,1.19,32.34337987112396
2022-02-13 04:38:00,Brooklyn,Brooklyn,40.64112283339154,-74.04062688611785,40.72123261862023,-74.03143024454997,Uber,UberX,5.152217055802723,1.0,11.516379847654765
2022-01-30 22:36:00,Times Square,Times Square,40.71578711967326,-74.06030998796372,40.63766931987892,-73.94990201095183,Uber,UberSUV,1.0270273070407887,2.46,10.571352556810595
2022-02-20 13:19:00,Central Park,Williamsburg,40.68453158889506,-74.05595016881587,40.63504689185862,-74.04261908034539,Lyft,Lyft Shared,9.75477045230955,1.21,23.680726432765475
2022-02-22 15:58:00,Queens,Staten Island,40.79303501246692,-74.07394271028733,40.67928004285824,-74.06359640307127,Lyft,Lyft Black,14.984733160164458,1.0,28.723283030287803
2022-01-20 06:45:00,Financial District,Central Park,40.658036726769296,-73.95598460361441,40.702256825260754,-73.93628615065064,Uber,UberX,12.58523421647398,1.43,35.06954862672613
2022-02-11 12:59:00,Lower East Side,Lower East Side,40.648762387844506,-74.02380644118774,40.727144924834484,-74.0037206031658,Lyft,Lyft Shared,10.485980652784868,1.0,20.85046614237352
2022-03-22 19:41:00,Queens,Staten Island,40.709993061609296,-73.94536479514554,40.75478888906553,-74.04038572673561,Uber,UberBLACK,11.260996467648821,2.59,57.51546648961828
2022-01-01 19:07:00,Bronx,Harlem,40.6251954845494,-73.9974843943242,40.66104021751437,-74.06899010410964,Lyft,Lyft Shared,1.9169730889950989,1.85,10.831200375621632
2022-03-28 19:08:00,Times Square,Upper West Side,40.66235586700489,-74.06751353090694,40.657086403948924,-74.09351255687338,Lyft,Lyft Shared,6.176199461282614,2.79,37.13029386971237
2022-03-01 00:15:00,Manhattan,Upper West Side,40.70545092178162,-74.09680814663416,40.64172634675121,-73.96815922326036,Uber,UberPOOL,7.512739254443575,1.0,15.647293695276257
2022-02-19 08:17:00,Brooklyn,Queens,40.65809750017354,-74.03345583733105,40.759718338720646,-74.0705953370223,Lyft,Lyft XL,12.61092942759895,1.93,47.41841414171545
2022-02-26 08:51:00,Manhattan,Upper East Side,40.80103842598916,-73.98595670719064,40.77020516974249,-73.9901393618355,Uber,UberX,7.270139584159834,2.45,37.29572346708529
2022-03-15 09:35:00,Staten Island,Lower East Side,40.614335571621524,-73.95617910338748,40.62274986879433,-74.08185720115532,Lyft,Lyft Shared,1.4030614561317394,1.26,6.243750510770485
2022-03-09 00:17:00,Central Park,Williamsburg,40.65605833589221,-74.03680645383358,40.69367659794742,-74.04590013926799,Lyft,Lyft,3.5655762286021684,1.0,8.739758400053795
2022-01-04 15:45:00,Brooklyn,Times Square,40.752097322447696,-73.92924451144181,40.69309635855702,-74.06951144877848,Uber,UberSUV,2.348205744720013,1.08,7.138108857520825
2022-03-18 01:28:00,Bronx,Times Square,40.76179292466313,-74.1046092036627,40.71753127930959,-73.9890291097515,Uber,UberX,11.163575055974304,1.0,22.03625634795503
2022-03-25 05:37:00,Upper West Side,Bronx,40.6726225897987,-73.9855175863192,40.76876321287154,-74.01387826333055,Lyft,Lyft Black,6.2901631703748135,1.2,16.209342657787108
2022-01-16 21:33:00,Brooklyn,Upper East Side,40.75418715572927,-74.09735118528116,40.681170005028164,-73.91601303146679,Uber,UberSUV,6.279921573058485,1.67,22.52807079726342
2022-02-05 04:09:00,Financial District,Harlem,40.80004271240121,-74.02627916035637,40.80889847111115,-74.07000963578162,Lyft,Lyft XL,8.428308249878892,1.76,30.359189409626985
2022-01-28 20:33:00,Upper West Side,Williamsburg,40.76934013690953,-74.03600605133424,40.72117659985871,-74.04626792854228,Lyft,Lyft XL,9.221052122313969,1.18,21.991472632578347
2022-01-30 03:18:00,Times Square,Harlem,40.79477155353417,-74.07244460887262,40.63185156081495,-73.97415971162145,Lyft,Lyft Shared,2.7280589986451282,1.35,9.820039384299116
2022-03-29 13:27:00,Lower East Side,Upper East Side,40.61721769478469,-74.01668118714537,40.72935176148263,-73.99407711820245,Lyft,Lyft Shared,8.482109313607085,1.26,21.853051036503622
2022-03-20 02:27:00,Upper East Side,Lower East Side,40.77908106410055,-74.0244948974222,40.80288275263494,-74.01238867256838,Lyft,Lyft Shared,5.681949863169287,1.49,18.540684268213916
2022-02-27 11:37:00,Brooklyn,Manhattan,40.716402437553675,-74.04409503378426,40.75719669821879,-73.95473297626343,Lyft,Lyft,8.277537705876652,1.0,16.98569098528414
2022-03-26 07:01:00,Manhattan,Manhattan,40.79828713183529,-74.08203117865267,40.783293988957745,-73.94945675228668,Lyft,Lyft Shared,2.366925229822134,1.75,11.623708516330286
2022-02-18 09:03:00,Manhattan,Williamsburg,40.65485988002316,-74.08756014404334,40.66197177559002,-73.98621877058461,Uber,UberXL,4.590733880214428,1.59,16.748717021696645
2022-02-19 07:19:00,Times Square,Times Square,40.65520518560303,-74.07076353571273,40.80139873197657,-74.08500661422846,Lyft,Lyft Shared,8.518736713833043,1.99,34.64150060592357
2022-03-17 09:38:00,Manhattan,Queens,40.795713739461064,-73.94386979893595,40.727675888968704,-74.09380340849782,Lyft,Lyft,3.338785035789543,2.13,17.770321220905522
2022-01-28 19:04:00,Manhattan,Harlem,40.768591728792856,-74.05103958194843,40.749597956360724,-74.09574550333761,Uber,UberXL,4.589847298894145,2.27,23.908168394856993
2022-03-19 13:59:00,Upper East Side,Central Park,40.78104487075059,-74.05285116417924,40.77892496471189,-73.93149815463752,Uber,UberXL,4.6273624380952665,1.0,10.597884266666716
2022-01-09 12:53:00,Central Park,Times Square,40.685535664895205,-73.97096755681387,40.70085792261641,-73.98008063112556,Lyft,Lyft,11.850521753110227,1.0,23.238413067942897
2022-02-06 20:20:00,Central Park,Bronx,40.72365086086446,-73.9145902198653,40.6350316374747,-74.03136236748277,Lyft,Lyft,11.148963542807413,1.3,28.61389205988687
2022-03-19 15:58:00,Bronx,Williamsburg,40.75371607294524,-73.98354042105073,40.709178564981215,-73.94008276275667,Lyft,Lyft Shared,9.901711441412878,1.0,19.827995022472535
2022-02-05 23:01:00,Queens,Upper West Side,40.78225136843422,-74.01488992275492,40.74590216572204,-74.01553167970974,Uber,UberSUV,11.774745689563789,3.06,70.70376316761408
2022-02-19 15:15:00,Williamsburg,Upper West Side,40.79181058793674,-74.00363752814116,40.7895537804073,-73.95044376165548,Lyft,Lyft,4.830342920700447,1.12,12.267472124572878
2022-02-15 17:25:00,Manhattan,Queens,40.661963437611504,-73.94108483209502,40.752502390062034,-74.06230732991075,Lyft,Lyft Black,2.6305364077805518,1.22,8.666195230611477
2022-03-14 22:04:00,Staten Island,Lower East Side,40.71019305576587,-74.03287769245178,40.71982908603867,-73.92648860405899,Lyft,Lyft Shared,10.657646118189344,1.0,21.15088070683135
2022-02-25 12:58:00,Manhattan,Queens,40.71991202441029,-73.99224157770291,40.75422445929978,-73.95182585873222,Lyft,Lyft,2.6306924614602982,1.0,7.103711807555522
2022-03-05 05:21:00,Upper East Side,Staten Island,40.79130409730049,-73.97755128807844,40.69822453232837,-74.00032339337947,Lyft,Lyft Black,9.629921051473003,1.0,19.352361840077755
2022-02-26 15:32:00,Bronx,Central Park,40.77155153093171,-73.99950051175334,40.77184797318733,-73.99750225620228,Lyft,Lyft,1.2770756970527364,1.08,5.113673067429672
2022-02-21 11:33:00,Upper West Side,Brooklyn,40.78156375742491,-74.07965734477676,40.71959760141487,-74.08593648601646,Uber,UberBLACK,13.823110986767508,1.04,27.75806199591687
2022-03-19 11:27:00,Central Park,Financial District,40.70755836888104,-74.0941910008405,40.79223287366353,-74.08439581647262,Lyft,Lyft Shared,10.35583828696351,1.0,20.622717002186143
2022-02-16 19:26:00,Harlem,Harlem,40.72086141422245,-73.91772737126539,40.714077976214284,-74.04260843049681,Lyft,Lyft Black,10.526401801760011,1.14,23.85017159451122
2022-01-13 16:35:00,Williamsburg,Financial District,40.61909576376589,-74.0076050955853,40.70808900603357,-74.06635028124136,Lyft,Lyft XL,5.617110865976415,1.22,15.042531698859646
2022-02-08 11:51:00,Manhattan,Lower East Side,40.727019378360595,-74.03009199541937,40.622281976538495,-74.0424919238924,Lyft,Lyft Shared,9.71110772466874,1.16,22.61354868107754
2022-01-05 15:40:00,Upper East Side,Manhattan,40.77873960089008,-73.96681232842293,40.777230110353386,-74.03173873951947,Uber,UberSUV,4.512993257604555,1.0,10.397738200807972
2022-01-02 11:42:00,Staten Island,Central Park,40.70739643907454,-73.96330067329212,40.65422985609277,-74.02154865372451,Uber,UberXL,2.848293273828502,1.16,8.682035345871858
2022-01-17 18:20:00,Times Square,Williamsburg,40.77884030878194,-74.00095250152064,40.73456635955043,-74.09010985428577,Uber,UberX,12.755562258533889,1.94,48.155133867722554
2022-03-02 16:40:00,Queens,Brooklyn,40.659391230438494,-73.9922626096209,40.78289729960697,-74.08378985130318,Lyft,Lyft XL,7.623497091890495,1.84,29.147660635887394
2022-03-12 03:59:00,Upper East Side,Upper East Side,40.754525027295415,-73.9716506980461,40.62440800326812,-73.9902434813652,Uber,UberXL,11.571306252863,1.02,23.204781661360457
2022-01-28 08:36:00,Upper West Side,Staten Island,40.751130932522315,-73.9718803141943,40.619765083166676,-73.97476639466781,Uber,UberX,8.77310048878348,1.78,31.77820802256054
2022-01-24 02:05:00,Williamsburg,Upper East Side,40.65532968970863,-73.92292584328635,40.7715761709719,-74.07277524041625,Uber,UberPOOL,8.574579903931095,1.21,21.181672946574093
2022-03-29 23:26:00,Brooklyn,Harlem,40.75752519513785,-73.99654981331886,40.81004405045749,-74.06872229603002,Lyft,Lyft Black,9.460808989441947,1.08,20.580928990045283
2022-01-14 05:27:00,Upper West Side,Financial District,40.74824044992409,-74.05755709169478,40.80228933603928,-74.04554491676433,Lyft,Lyft Shared,8.849117870230392,1.0,17.985956272903188
2022-03-02 17:35:00,Harlem,Upper East Side,40.710835852731876,-74.07262550516468,40.77521337535526,-73.98407930150393,Lyft,Lyft Black,1.4435450059730757,2.39,12.01262698748239
2022-01-15 13:37:00,Manhattan,Harlem,40.797685851931554,-73.95191830105317,40.64440334705788,-73.9819113272203,Lyft,Lyft Black,1.9404364031389048,1.0,5.895763705493083
2022-03-01 15:56:00,Upper East Side,Williamsburg,40.75533300039242,-74.06822624140553,40.79066841133277,-74.08062354172175,Uber,UberX,9.429897737461499,1.0,19.00232104055762
2022-01-15 04:23:00,Williamsburg,Central Park,40.621545163484264,-73.9392494299173,40.64562431236037,-74.09523587969241,Lyft,Lyft Shared,1.0375254024762173,1.0,4.3156694543333805
2022-02-08 22:31:00,Brooklyn,Lower East Side,40.664313842448756,-73.98590397736857,40.626563100101535,-73.9135866235535,Uber,UberBLACK,10.638705599064401,1.27,26.819523193920634
2022-02-10 09:48:00,Brooklyn,Williamsburg,40.665326272932006,-73.9953313809976,40.71870096074377,-73.90874382703306,Uber,UberX,9.478995061834873,1.69,32.259127895376636
2022-01-06 21:27:00,Staten Island,Times Square,40.811733072560244,-74.10037657039467,40.71793374535329,-74.06008826195328,Uber,UberSUV,6.145061417448936,1.0,13.253857480535638
2022-01-29 07:16:00,Financial District,Queens,40.76058576214319,-73.91836666286427,40.67597498777913,-74.00012429633004,Uber,UberSUV,5.120691064645669,2.88,33.008282965814175
2022-03-30 16:22:00,Staten Island,Staten Island,40.70251013438051,-74.04092487626359,40.684450249794665,-74.04408065274934,Uber,UberX,6.250886769389966,1.65,22.174435546613527
2022-01-22 16:28:00,Central Park,Financial District,40.66752954751693,-74.07231368544086,40.728005426723946,-74.04826496875344,Uber,UberXL,9.193372598861016,1.44,26.76729894912976
2022-03-06 13:54:00,Upper West Side,Central Park,40.64376395804355,-74.10286365085393,40.804517235573776,-74.01967023916555,Lyft,Lyft,1.4241004337769902,1.07,5.341628062247414
2022-02-17 16:07:00,Times Square,Staten Island,40.755205839794215,-73.94003549512027,40.651149812863316,-73.917591481591,Uber,UberSUV,4.91801548801354,2.07,22.99051110532905
2022-01-07 03:23:00,Williamsburg,Bronx,40.647877239346485,-74.09713117442487,40.68030391470808,-74.04501513178563,Uber,UberSUV,8.467200452277687,1.09,18.87618486271969
2022-01-24 23:32:00,Upper West Side,Upper West Side,40.68956389897877,-73.91779742245954,40.80609754754911,-74.0090965650438,Lyft,Lyft XL,6.263803955516469,1.0,13.461656922153821
2022-03-19 17:30:00,Times Square,Staten Island,40.75340105024842,-73.98491537020514,40.80065156634132,-74.03057220514233,Lyft,Lyft Black,11.34947472512325,1.61,36.00214503803476
2022-02-17 07:59:00,Upper East Side,Queens,40.74999469701817,-74.06965017922735,40.6306171152265,-73.91685088855407,Lyft,Lyft Black,11.152931391366929,1.78,39.19138128410798
2022-03-13 09:16:00,Lower East Side,Central Park,40.68595025399116,-73.95332501787996,40.72797442059184,-74.06760686254553,Uber,UberPOOL,1.7750506791010776,1.91,10.708106894895352
2022-01-25 14:07:00,Upper East Side,Lower East Side,40.65597081503325,-74.07436208682897,40.67636536622435,-73.99156607694339,Uber,UberXL,10.21271546754521,1.13,23.020644837070652
2022-01-04 06:51:00,Queens,Manhattan,40.79784864649025,-73.92385175957028,40.727059061427006,-74.04767979999794,Lyft,Lyft Shared,9.960304045879507,1.0,19.930532080289137
2022-01-15 14:48:00,Brooklyn,Upper East Side,40.69671514275604,-73.97971256203998,40.65111946841281,-74.08683208916106,Uber,UberBLACK,12.673693982126672,1.0,24.678964468721674
2022-01-10 16:45:00,Lower East Side,Williamsburg,40.700230029335955,-73.92779829371833,40.62414559373144,-74.00062478547537,Uber,UberPOOL,14.51885677181295,2.0,55.81599870134533
2022-03-07 02:10:00,Manhattan,Brooklyn,40.63145382525951,-74.06964020213647,40.78467808648864,-73.9447304034868,Uber,UberXL,6.52485778399168,1.0,13.918501121985441
2022-02-13 09:34:00,Bronx,Manhattan,40.75885313545795,-74.03801591472268,40.65124258574483,-73.97180840062555,Uber,UberX,11.260528519132873,1.35,29.977998626451413
2022-03-22 19:49:00,Bronx,Lower East Side,40.80950075974245,-74.02132362756063,40.78204275733805,-74.05469335669859,Lyft,Lyft Shared,5.0894591425825455,1.26,14.372257409394512
2022-01-08 23:18:00,Williamsburg,Financial District,40.811169928054305,-74.03296088733462,40.71436444286547,-73.91749348473938,Uber,UberPOOL,5.702259542997907,2.86,35.68980901270452
2022-01-09 12:57:00,Times Square,Staten Island,40.76981664319088,-74.01313081172897,40.63195818209968,-74.0939159024056,Lyft,Lyft,13.644703014488414,1.74,45.89812067911722
2022-01-06 21:41:00,Upper East Side,Harlem,40.756004042890716,-73.95133730088803,40.795271663809494,-74.01933562372565,Lyft,Lyft Black,2.8876418484670454,1.0,7.55337323481733
2022-03-19 00:53:00,Lower East Side,Harlem,40.669418297608935,-73.93347021386997,40.75518890981932,-74.06715037018924,Lyft,Lyft XL,1.4998441314738717,2.39,12.24809807988947
2022-03-31 19:19:00,Lower East Side,Times Square,40.61414669968776,-73.90905530422567,40.72661668796953,-73.96597682419645,Uber,UberBLACK,2.9288916069241373,2.08,15.861165449203861
2022-01-06 12:56:00,Lower East Side,Manhattan,40.74655168788698,-73.98603184790463,40.68490192687102,-74.05635594055664,Uber,UberSUV,6.3556666770839465,1.0,13.622416684896907
2022-01-15 04:38:00,Harlem,Brooklyn,40.72730408240571,-74.09743438035802,40.6935065029038,-73.92249951841909,Uber,UberBLACK,9.840286697869015,1.01,19.91770673848348
2022-03-15 17:28:00,Harlem,Upper West Side,40.78270331857331,-74.04084688497261,40.71405399447639,-74.07256146759504,Lyft,Lyft Shared,1.9101298738611716,1.85,10.809045466625543
2022-03-17 08:56:00,Lower East Side,Upper East Side,40.653946220045476,-73.91166512258424,40.762071436759605,-73.95686859276782,Lyft,Lyft,7.985369623944456,1.3,21.416715894473633
2022-03-11 00:41:00,Upper West Side,Staten Island,40.69891906369906,-74.05522853931771,40.6713295523848,-73.95432214680008,Uber,UberSUV,4.33128954687004,1.2,12.095708048427083
2022-01-03 19:36:00,Lower East Side,Central Park,40.66308890417601,-74.03473597642753,40.66939400671314,-73.9277168683892,Uber,UberSUV,2.839999200342607,1.57,11.727897802941314
2022-01-16 04:33:00,Harlem,Upper West Side,40.69476668195593,-73.94945822646503,40.75945304472605,-74.08557435721993,Lyft,Lyft,6.101659176606173,1.13,14.891031021738705
2022-01-08 10:20:00,Upper West Side,Queens,40.62816339216112,-73.92969857525632,40.71530085761683,-74.1031372910565,Lyft,Lyft,9.280097368205963,1.09,20.426785729852877
2022-03-12 05:16:00,Queens,Harlem,40.67923053010043,-74.0048614800422,40.65918824873444,-74.00832812478208,Uber,UberX,5.101543538307748,1.29,14.74173453772974
2022-01-05 03:19:00,Times Square,Brooklyn,40.66692235176877,-73.92626588104062,40.621419239594346,-73.95948937213885,Uber,UberXL,3.469351546505303,1.72,14.742748154980962
2022-01-31 03:34:00,Staten Island,Upper West Side,40.72569422601493,-73.94858495797348,40.6736722605937,-74.09009045644318,Lyft,Lyft Black,5.247482494693529,1.0,11.683094365713675
2022-03-03 19:21:00,Harlem,Queens,40.66066850924324,-73.97055155871998,40.67543963859192,-73.9210988516134,Lyft,Lyft,1.974459377544798,2.01,11.970160860513825
2022-01-12 10:27:00,Queens,Williamsburg,40.6230187562727,-73.9370623417139,40.777267687092504,-74.04394134881862,Uber,UberXL,1.9699764933901776,1.01,6.0069334520671385
2022-02-19 01:15:00,Upper West Side,Williamsburg,40.69060167680472,-73.97775921990554,40.649123870579075,-74.01172844440914,Uber,UberSUV,9.41611361414988,2.73,51.81048279160105
2022-02-19 06:30:00,Staten Island,Brooklyn,40.77083886015197,-74.10401415842024,40.75491566891632,-74.0922177016528,Uber,UberSUV,9.519966077931851,1.13,21.650732919110233
2022-03-16 08:02:00,Upper East Side,Central Park,40.763854251434175,-73.91430241165963,40.726414116774286,-73.99047621259145,Uber,UberX,14.179883534360705,1.7,46.4351535147231
2022-03-10 14:55:00,Williamsburg,Central Park,40.63605028335324,-74.01067770164398,40.794388262393575,-74.0750018754422,Uber,UberPOOL,7.352074940727706,1.16,17.824712129677245
2022-02-14 18:36:00,Staten Island,Harlem,40.771838488825736,-74.0232011017033,40.77691363192021,-74.0271707596336,Uber,UberXL,7.559205600499622,2.3,36.17580254201098
2022-03-11 02:16:00,Williamsburg,Central Park,40.75890071501188,-73.98028346668255,40.805929694710734,-73.92577915394374,Uber,UberXL,12.452384603791895,1.0,24.291673056635815
2022-02-19 20:47:00,Times Square,Upper West Side,40.621187527169226,-74.09850840924041,40.628496410816176,-73.90956941394046,Uber,UberPOOL,11.620160537782372,3.06,69.8759596798246
2022-02-22 14:39:00,Times Square,Financial District,40.62088695594492,-73.92312024340278,40.65294654840978,-73.96040125229145,Uber,UberBLACK,4.148125119580601,1.41,13.76049873256513
2022-01-29 22:07:00,Harlem,Harlem,40.80199528582003,-73.99767712325858,40.75482768340691,-73.93094877444594,Uber,UberXL,2.332010868154022,2.08,13.68851956008064
2022-01-11 07:29:00,Bronx,Upper East Side,40.74671245972532,-74.00287639988427,40.650104086409456,-73.95698408860414,Uber,UberSUV,5.562250602382192,1.41,17.249853361378058
2022-03-24 13:06:00,Brooklyn,Manhattan,40.731376443918556,-73.92240114111729,40.74491408246585,-74.09867347561855,Uber,UberX,14.988131902647428,1.0,28.729230829633
2022-03-31 22:40:00,Central Park,Upper West Side,40.753118081657284,-73.98186703865888,40.73614628294406,-74.08430978260053,Uber,UberSUV,10.896312807246833,1.19,25.66657142109153
2022-02-13 16:03:00,Lower East Side,Financial District,40.70758705632907,-74.03105974569766,40.66757478161309,-74.0015564890016,Lyft,Lyft,8.684818134000473,1.23,21.76907103343602
2022-02-19 15:08:00,Queens,Times Square,40.7874581111977,-74.04785570034633,40.76349011066429,-74.01944456923172,Uber,UberX,12.26557081097341,1.19,28.51805121385212
2022-01-15 09:47:00,Times Square,Central Park,40.74680901126813,-74.05740285419817,40.66562929149663,-73.96781994540162,Lyft,Lyft,4.605119573789512,2.64,27.87565243090755
2022-02-26 10:07:00,Staten Island,Brooklyn,40.754274111848,-73.95102026676054,40.76149143114795,-74.06813759580956,Uber,UberPOOL,11.018576961071485,1.0,21.782509681875098
2022-03-23 14:57:00,Lower East Side,Manhattan,40.71156344240963,-73.94980314998655,40.64001671435023,-74.00783965918097,Uber,UberPOOL,9.706180549915276,1.0,19.485815962351733
2022-01-23 21:03:00,Upper West Side,Brooklyn,40.782239746093694,-74.08534459757986,40.6860917366022,-74.02278123222155,Uber,UberSUV,2.0593757204827767,1.87,11.414307045279887
2022-02-26 23:50:00,Williamsburg,Staten Island,40.75524583124989,-74.01697289517745,40.62464618227016,-73.9686785909423,Uber,UberPOOL,2.2685327392502534,1.57,10.157793701090071
2022-03-23 23:02:00,Harlem,Lower East Side,40.777524808357406,-74.01488480974294,40.742817362232536,-74.09758190526519,Lyft,Lyft Shared,4.9590989017711635,1.0,11.178423078099536
2022-01-20 06:33:00,Bronx,Queens,40.64659706671201,-73.99371447843323,40.690714446750626,-74.06860924054064,Uber,UberX,12.971686485635487,1.23,30.996555160330388
2022-01-14 21:47:00,Times Square,Financial District,40.690406260113186,-74.02878905692232,40.65374826810532,-74.04164516263042,Uber,UberXL,2.02274502973522,1.96,11.838015451991804
2022-03-17 03:01:00,Upper East Side,Upper West Side,40.74903525550022,-73.99206037861973,40.748620117348594,-74.10389768948546,Uber,UberBLACK,5.677321055352169,1.0,12.435311846866297
2022-03-03 14:17:00,Staten Island,Bronx,40.758914396988004,-74.01664313510118,40.7788456335408,-74.00484567508622,Lyft,Lyft,12.03589289829439,1.0,23.562812572015183
2022-01-20 18:30:00,Bronx,Brooklyn,40.71772080267271,-73.966520813209,40.70951645455644,-73.91637432249475,Lyft,Lyft Shared,11.895533836083152,1.1,25.64890263446007
2022-01-02 08:39:00,Staten Island,Lower East Side,40.632046044635345,-73.98005653312438,40.617149686087664,-74.10110586064333,Uber,UberX,5.581778776042709,1.69,20.73311073014631
2022-02-04 02:20:00,Financial District,Times Square,40.62006843596738,-74.07725948146954,40.777978552113716,-73.978161264032,Uber,UberX,5.608626304073555,1.71,21.058814214940114
2022-02-08 20:17:00,Manhattan,Upper West Side,40.73553372401129,-73.94118621767669,40.758953949026065,-74.02440079369615,Uber,UberPOOL,4.467535479526023,1.19,12.278642636112941
2022-03-17 18:49:00,Staten Island,Upper West Side,40.66608577462818,-74.09101296185618,40.63626971447769,-73.93148338836768,Lyft,Lyft XL,11.661914895249891,1.67,38.2569462813678
2022-03-11 14:23:00,Staten Island,Williamsburg,40.74866971952152,-74.01788525030868,40.65915199593644,-74.00088924267997,Lyft,Lyft XL,7.206482934543933,1.0,15.111345135451883
2022-02-03 20:38:00,Upper West Side,Central Park,40.79839745263291,-74.0155961042311,40.67351295880691,-73.96402822967099,Uber,UberX,13.59481007915327,1.0,26.290917638518223
2022-03-06 06:45:00,Central Park,Manhattan,40.78736361657793,-74.02668645083848,40.66087648567993,-74.0823875842483,Lyft,Lyft Shared,4.4448121833417265,1.04,10.689558173681943
2022-01-14 03:34:00,Harlem,Brooklyn,40.73672899694105,-73.98669265493312,40.61839777252065,-74.07684727805238,Lyft,Lyft XL,9.873209216936234,1.0,19.77811612963841
2022-02-15 21:51:00,Times Square,Brooklyn,40.740733649029075,-74.0609105595204,40.77542545882115,-73.92834870215366,Uber,UberBLACK,14.244066383612699,1.7,46.626097491247776
2022-03-27 00:03:00,Times Square,Times Square,40.68670427399629,-74.09496344326236,40.731191439754504,-74.04577645078777,Uber,UberXL,12.227162296922224,3.11,74.3213308009992
2022-02-26 05:27:00,Lower East Side,Queens,40.6729909659542,-73.93411130544206,40.755747157492344,-73.9434306656126,Lyft,Lyft Black,14.09684850515162,1.0,27.169484884015333
2022-03-12 04:31:00,Upper West Side,Williamsburg,40.79406696785734,-74.03186541436027,40.80149266782224,-74.03869085158072,Lyft,Lyft Shared,13.954245023742038,1.0,26.919928791548568
2022-02-15 03:44:00,Staten Island,Manhattan,40.63499405493557,-74.09132703118091,40.62504687658454,-73.98920172587144,Lyft,Lyft XL,8.812433237011058,1.0,17.92175816476935
2022-01-14 09:06:00,Financial District,Bronx,40.699969062825026,-74.02924784724814,40.63224479462032,-74.087225970084,Uber,UberBLACK,5.9145096824586645,2.93,37.651648396806806
2022-02-15 08:15:00,Upper East Side,Upper East Side,40.65295142336826,-74.07288236472908,40.73235982399582,-74.0326979086267,Lyft,Lyft XL,2.557477488230168,1.62,11.300448679132526
2022-03-10 09:36:00,Bronx,Staten Island,40.63956913813988,-73.9977521720379,40.62838641048502,-73.98959315810242,Uber,UberBLACK,9.152508375256957,1.0,18.516889656699675
2022-01-22 15:14:00,Harlem,Bronx,40.79110726107036,-73.99205128650635,40.62508913137056,-74.10202594266848,Lyft,Lyft Shared,9.78026547439724,1.28,25.107794662649816
2022-02-09 00:17:00,Harlem,Lower East Side,40.63676588873484,-73.96555880582855,40.704212754021796,-73.93835066518075,Lyft,Lyft,11.655097705401479,1.0,22.89642098445259
2022-01-23 12:04:00,Central Park,Brooklyn,40.759622252725,-73.94561523276934,40.75205317137037,-73.96048097933713,Lyft,Lyft Black,9.587554446373755,1.28,24.67612195987721
2022-01-10 14:00:00,Williamsburg,Bronx,40.69653091689226,-74.0750716104373,40.773644217922545,-73.93147866190786,Lyft,Lyft XL,11.84269817603677,1.0,23.224721808064345
2022-02-20 21:36:00,Lower East Side,Staten Island,40.80926933915888,-73.9062010041624,40.80863223997283,-74.02839724122599,Lyft,Lyft XL,3.5234540907839405,2.94,25.478171297083378
2022-03-04 14:27:00,Bronx,Upper East Side,40.647555582794126,-73.93737494226706,40.65676014784749,-74.0121579906668,Uber,UberX,9.551152400437475,1.12,21.520258704857454
2022-02-14 13:00:00,Financial District,Upper West Side,40.64870170186302,-74.10047504257518,40.76453552172941,-73.9946087211961,Lyft,Lyft Black,2.451935512573035,1.5,10.186330720504216
2022-03-27 09:06:00,Harlem,Central Park,40.74523698659709,-74.01899725061077,40.738234658671104,-73.96898504096804,Uber,UberXL,9.303447218680427,2.1,39.44016852865057
2022-03-13 08:13:00,Bronx,Upper West Side,40.63282335324602,-74.03586701200297,40.623848249113784,-73.97302741844317,Uber,UberX,12.306662178213127,2.0,48.07331762374594
2022-03-23 10:27:00,Upper West Side,Financial District,40.753603319348734,-74.06364548230665,40.709874448499384,-74.04662437555233,Lyft,Lyft Shared,12.541275593425942,1.0,24.4472322884954
2022-01-22 22:03:00,Manhattan,Brooklyn,40.791116316742745,-73.92737908034174,40.6953776819916,-73.96413284512253,Uber,UberPOOL,3.5968086413047082,2.34,20.57893138614278
2022-02-16 23:55:00,Upper West Side,Financial District,40.65869221010183,-74.10036637555399,40.70514066439098,-73.9086894713801,Uber,UberSUV,3.91944237327803,1.0,9.359024153236552
2022-03-09 16:46:00,Financial District,Bronx,40.788813050607295,-74.01246281414963,40.626824631496625,-73.92290327046419,Lyft,Lyft XL,13.115710732024711,2.96,75.339381591888
2022-03-30 09:05:00,Queens,Upper East Side,40.68043445832302,-74.00565821828145,40.68581404228885,-73.96575626801851,Lyft,Lyft XL,9.342036635552137,2.3,43.35169745809735
2022-01-15 00:01:00,Brooklyn,Williamsburg,40.69605465320022,-74.08674139425966,40.721976757252214,-74.00066239703592,Uber,UberXL,8.782804266800968,2.1,37.52680568049356
2022-02-10 10:46:00,Staten Island,Manhattan,40.72346803371571,-74.03269357280045,40.80393673375117,-73.90872559180487,Lyft,Lyft XL,7.919559774338617,1.04,17.01359878929628
2022-03-23 21:32:00,Staten Island,Bronx,40.695686626827374,-74.04551668419565,40.78717109758146,-73.94265496047693,Lyft,Lyft,6.18933577387468,1.0,13.331337604280689
2022-01-03 16:30:00,Queens,Harlem,40.71772316079593,-74.06885038467367,40.690214716206455,-73.98697493825235,Lyft,Lyft XL,14.326523231956582,1.47,40.5299810142083
2022-03-21 21:41:00,Queens,Lower East Side,40.70606898909337,-74.09966883678094,40.63980533742203,-74.06135083432514,Uber,UberBLACK,7.580456950348271,1.18,18.60364360246918
2022-02-16 16:52:00,Brooklyn,Times Square,40.65233875936259,-73.90660286228302,40.680899902660535,-74.08695340512672,Lyft,Lyft XL,5.897699326851736,2.22,28.462561884818996
2022-02-03 01:12:00,Queens,Lower East Side,40.772130092040335,-73.9237267154097,40.65678630163119,-74.01918092775874,Uber,UberX,7.113966309733458,1.06,15.846407504555566
2022-03-19 11:25:00,Williamsburg,Queens,40.79693201930193,-74.04714532262273,40.66759572305238,-73.96385887917866,Lyft,Lyft XL,11.178147359111401,1.0,22.06175787844495
2022-03-02 21:19:00,Lower East Side,Financial District,40.69280842845348,-73.9983053190135,40.667146403570236,-74.00182941994922,Lyft,Lyft,11.041154198844069,1.0,21.82201984797712
2022-02-17 15:31:00,Harlem,Upper East Side,40.62231510935943,-74.0660375712518,40.74147615743025,-74.0000494162111,Lyft,Lyft Black,14.423504410739394,1.0,27.74113271879394
2022-02-15 03:29:00,Upper West Side,Lower East Side,40.71513667417835,-74.05412256903041,40.68273714958761,-73.96165200658191,Uber,UberPOOL,2.366378815083892,1.0,6.641162926396811
2022-01-20 22:46:00,Brooklyn,Williamsburg,40.76604101369793,-74.01643910455695,40.775314918229704,-73.98020676990778,Lyft,Lyft Shared,6.017839799772572,1.23,16.02840016901046
2022-01-31 23:16:00,Financial District,Williamsburg,40.68284547498189,-74.07982848536582,40.699554005951256,-73.92052984261024,Uber,UberBLACK,9.397271901708892,1.17,22.165914218748956
2022-03-22 12:51:00,Times Square,Harlem,40.730138238660935,-73.99580130006538,40.72933399951269,-73.90645842444123,Lyft,Lyft Shared,14.084467667231218,1.16,31.491469364479368
2022-02-02 06:08:00,Manhattan,Staten Island,40.79627297458296,-74.0422859286395,40.78384488030779,-73.94981010431036,Uber,UberBLACK,14.294270571438052,1.0,27.51497350001659
2022-01-28 10:03:00,Brooklyn,Williamsburg,40.71526160674817,-73.97561494125009,40.69398580834573,-74.00606709240188,Lyft,Lyft Shared,7.179296819433847,1.0,15.063769434009233
2022-03-06 01:18:00,Times Square,Williamsburg,40.79785483033422,-73.97910480094588,40.68026086344333,-74.02470520392541,Uber,UberPOOL,2.885666123276687,2.6,19.629780860908927
2022-01-19 20:37:00,Bronx,Times Square,40.69016939121321,-74.0273365913113,40.76295960566631,-74.09634315221479,Uber,UberXL,12.883116566832975,1.0,25.045453991957707
2022-03-18 18:43:00,Brooklyn,Queens,40.79174812824699,-74.04846182976883,40.66377447394056,-73.91119407947782,Uber,UberSUV,10.43253650810635,2.61,54.175610500775754
2022-01-02 05:47:00,Lower East Side,Queens,40.691117200643156,-74.00266689694146,40.686910368057106,-74.04539158091666,Uber,UberXL,9.73035063090709,1.0,19.52811360408741
2022-02-18 02:46:00,Williamsburg,Manhattan,40.708569730377256,-74.02677454996747,40.751074575604314,-73.9312652374684,Uber,UberX,14.158122847436964,1.08,29.45885218165586
2022-02-14 20:39:00,Queens,Manhattan,40.6283673550937,-74.09147751945939,40.734334848676454,-74.04623026734563,Uber,UberSUV,11.721674287581905,1.16,26.694998803791265
2022-01-15 07:07:00,Lower East Side,Times Square,40.7436675736202,-73.93372219532124,40.65710122284697,-73.97923918292342,Uber,UberBLACK,5.195043198381614,1.73,20.05299328310034
2022-01-08 01:26:00,Times Square,Upper East Side,40.698758174164354,-74.04487672479314,40.78288145918362,-73.91135022396432,Lyft,Lyft Black,12.280173910483033,2.87,68.85217346540104
2022-01-27 16:29:00,Manhattan,Brooklyn,40.718039084904646,-73.978733474498,40.61983918531664,-74.05395017229289,Lyft,Lyft Black,14.270224543747034,1.99,54.67105697359904
2022-03-22 18:17:00,Queens,Central Park,40.714358822783375,-73.97781682491784,40.81129327699759,-74.01706549008527,Uber,UberSUV,7.110271748166383,1.52,22.71332285012258
2022-01-10 13:31:00,Times Square,Queens,40.79563309147686,-73.95352440391835,40.71824816576988,-74.09869294166964,Uber,UberXL,4.076693983596691,1.14,10.983004497275397
2022-03-18 17:43:00,Staten Island,Williamsburg,40.68552384629746,-73.94855310296181,40.62706198338379,-73.99596765917913,Lyft,Lyft Black,14.318729059452833,1.24,34.17164205901265
2022-02-11 12:00:00,Central Park,Financial District,40.70040380658644,-74.06525612182493,40.622611539192505,-73.95164131472998,Uber,UberXL,10.791598132402408,1.25,26.731620914630266
2022-03-19 20:10:00,Bronx,Staten Island,40.64810761339567,-74.02718546521281,40.80841005022788,-74.04794698476748,Uber,UberBLACK,11.162239744140635,1.32,29.08477380896487
2022-02-27 13:48:00,Upper East Side,Lower East Side,40.641869333144946,-74.08411938128188,40.81016714847677,-73.95995721606238,Lyft,Lyft Black,10.729637658881499,1.0,21.276865903042623
2022-03-18 06:44:00,Queens,Manhattan,40.65174557369268,-74.0622360436337,40.78592907794807,-73.97208250073078,Lyft,Lyft,9.144614130861981,1.25,23.128843411260583
2022-02-25 20:28:00,Harlem,Williamsburg,40.73838447556693,-74.04194081118482,40.73189769000919,-73.93214844938227,Uber,UberPOOL,1.197972463483625,1.24,5.699600245759466
2022-01-09 00:16:00,Brooklyn,Queens,40.74922392713396,-73.99139947949955,40.78049765812335,-74.04844287928024,Lyft,Lyft,14.640169378483604,3.13,88.01652777064393
2022-01-12 13:47:00,Central Park,Times Square,40.709673831925535,-73.93236878640336,40.66755871526231,-73.91776349968431,Lyft,Lyft,11.098769078467264,1.27,27.842014276893497
2022-01-25 12:37:00,Financial District,Manhattan,40.75854454063197,-74.05652518482012,40.696815742833024,-73.91418143788238,Lyft,Lyft XL,2.0436728636685357,1.25,7.595534389274921
2022-01-03 18:52:00,Bronx,Harlem,40.78134923664032,-74.0188988910567,40.77191770146393,-73.93284506821153,Lyft,Lyft,14.336159005176635,1.4,38.62358956268275
2022-01-12 05:11:00,Staten Island,Brooklyn,40.767975318322364,-73.99921802746783,40.65242079711683,-74.02402135464637,Lyft,Lyft,6.524906794229295,1.0,13.918586889901267
2022-02-03 01:08:00,Harlem,Lower East Side,40.74252954841351,-73.90966044217456,40.738314573257966,-74.03871244358184,Lyft,Lyft,7.529962011920224,1.0,15.677433520860392
2022-01-16 06:14:00,Upper East Side,Harlem,40.773143766016496,-73.99684855556832,40.74922192777861,-73.9133328215432,Lyft,Lyft Black,9.127798621503349,1.0,18.47364758763086
2022-01-07 12:25:00,Staten Island,Upper East Side,40.79259228332662,-74.04075894994688,40.78537202635722,-74.06938928715367,Lyft,Lyft XL,14.826396669237026,1.0,28.446194171164795
2022-02-25 00:18:00,Central Park,Financial District,40.63464364374027,-73.90701077113772,40.75325611499258,-73.91009712555173,Uber,UberPOOL,3.1085388474086724,1.21,9.607331009387863
2022-03-07 06:10:00,Bronx,Harlem,40.702004032171075,-73.91898762038961,40.73182196072672,-73.96895170801737,Lyft,Lyft XL,1.3591763093170048,1.08,5.26884322460914
2022-01-11 00:19:00,Williamsburg,Harlem,40.762128664318865,-73.9204095237354,40.79345973933876,-74.07978146854663,Uber,UberXL,2.4638087932765913,1.0,6.811665388234035
2022-03-21 17:08:00,Upper East Side,Queens,40.635719450624016,-73.92891545427622,40.63389602602038,-73.98524637234499,Uber,UberSUV,11.928828558434919,1.66,38.80324696225344
2022-01-29 10:04:00,Times Square,Queens,40.621975957985555,-74.10559203835878,40.660937093167995,-74.07215386546406,Lyft,Lyft Shared,14.547960539713426,1.88,52.56279017565716
2022-02-23 22:30:00,Manhattan,Harlem,40.731523602322085,-73.95131926410788,40.78388089646323,-73.97687755660391,Uber,UberSUV,13.126627344368094,1.0,25.471597852644166
2022-02-15 01:47:00,Central Park,Staten Island,40.774464776228264,-74.01905177211665,40.70194902669209,-74.06770344239618,Uber,UberXL,8.057666038979084,1.08,17.92898881367047
2022-03-03 21:34:00,Staten Island,Times Square,40.75410916005991,-74.03620725139481,40.72965804687013,-74.06282047896859,Lyft,Lyft Shared,4.161522274928683,1.0,9.782663981125197
2022-03-15 10:25:00,Staten Island,Harlem,40.7731412152935,-73.99243177508372,40.679931074275,-73.91365554293013,Uber,UberSUV,4.611753333754531,1.0,10.57056833407043
2022-02-13 22:40:00,Harlem,Central Park,40.69395771544534,-73.9130097562484,40.688549582473094,-73.9523242922299,Uber,UberX,9.40662070281344,2.62,49.67935592239962
2022-01-13 21:01:00,Staten Island,Staten Island,40.694026529099276,-74.03919796515504,40.70907286669907,-74.07251135229781,Uber,UberSUV,7.900208469449205,1.06,17.304886710828278
2022-01-23 15:23:00,Staten Island,Financial District,40.80361227476775,-74.05516977281177,40.64292195697212,-73.96358337831688,Lyft,Lyft Shared,7.083173001539534,1.0,14.895552752694185
2022-03-02 20:10:00,Harlem,Harlem,40.678912482006545,-74.04782630173321,40.61922879697079,-74.02911600037868,Lyft,Lyft,8.52048038963459,1.0,17.410840681860535
2022-01-08 14:25:00,Staten Island,Financial District,40.666578474871464,-74.07611790278345,40.801530846922475,-73.9681244418756,Lyft,Lyft XL,2.145619469008289,1.1,6.880317477840957
2022-02-15 04:02:00,Williamsburg,Queens,40.725663814265694,-73.91745642768221,40.7180986796039,-73.90863877336156,Uber,UberXL,12.955828885033426,1.02,25.676154559784667
2022-03-03 22:58:00,Central Park,Bronx,40.722173374273375,-73.96507091301899,40.7520875511762,-74.05513052177913,Uber,UberX,13.599954912057875,1.0,26.29992109610128
2022-01-06 09:39:00,Harlem,Central Park,40.62504994925,-74.00775678781224,40.70886973509289,-74.00809484321351,Uber,UberBLACK,9.888715425878322,2.45,48.522867388453314
2022-01-11 05:58:00,Central Park,Upper West Side,40.80872059285579,-74.06483655420918,40.652256426837816,-73.99185778464738,Lyft,Lyft XL,9.186751642696475,1.13,20.991801373432278
2022-01-22 23:14:00,Upper East Side,Central Park,40.69202291031132,-74.00861263761294,40.78930496316681,-73.93918247490787,Uber,UberXL,13.350637587050404,2.48,64.14176712779876
2022-02-18 11:29:00,Upper West Side,Williamsburg,40.6352471290811,-73.98302210459784,40.61819837060775,-73.90869305950511,Uber,UberSUV,11.044790071690976,1.0,21.828382625459206
2022-01-08 23:31:00,Lower East Side,Harlem,40.79876477465099,-74.08232002442946,40.730412944249785,-73.95844531822024,Uber,UberXL,10.551904780295303,2.81,58.91399175710215
2022-03-05 16:11:00,Bronx,Central Park,40.67617411039721,-73.99170856883391,40.728234755748325,-73.96423211860801,Uber,UberBLACK,1.1551375088582918,2.26,10.218568847534543
2022-03-29 08:55:00,Upper West Side,Queens,40.77646764181788,-73.94071591423166,40.79971348454864,-73.99428429019346,Uber,UberBLACK,11.578921277719392,1.05,23.901267847809383
2022-03-12 09:25:00,Manhattan,Staten Island,40.71108261299604,-74.08971831735956,40.7939189838834,-74.0486578648391,Lyft,Lyft XL,10.19067721662379,1.75,35.58394897591036
2022-01-15 04:24:00,Staten Island,Lower East Side,40.705499460675306,-74.03581499709152,40.80861198041925,-73.99803280496837,Uber,UberPOOL,2.047524258921454,1.21,7.3606326182661785
2022-03-12 11:24:00,Lower East Side,Williamsburg,40.669212674826106,-73.95841309787436,40.644957585471424,-73.90900479978635,Uber,UberXL,11.394167528986978,1.28,28.72293526493083
2022-01-15 20:50:00,Lower East Side,Financial District,40.665368331249,-73.98450029892766,40.723055954390134,-73.94482140518362,Lyft,Lyft,14.508613213965369,3.06,85.34362376078455
2022-03-06 21:41:00,Upper East Side,Bronx,40.65870712601916,-73.96471281239879,40.62597715770422,-74.00648833479696,Lyft,Lyft Shared,5.313258817378737,1.9,22.4165855677843
2022-03-20 03:38:00,Williamsburg,Upper West Side,40.76013004063456,-73.9561845685154,40.641821581852064,-74.01060765004365,Lyft,Lyft XL,11.365472108506472,1.03,23.06126347558292
2022-01-30 18:17:00,Harlem,Central Park,40.74128216624855,-74.02919006154058,40.62586753258268,-73.9682713814832,Lyft,Lyft Shared,3.403999928911256,1.46,12.34721981836826
2022-03-03 09:26:00,Upper East Side,Queens,40.74366535340423,-74.0950209517361,40.75330584473752,-74.0454441026326,Lyft,Lyft Shared,5.265212342544136,1.69,19.79686550307428
2022-03-16 21:06:00,Times Square,Upper West Side,40.74551335859887,-74.03066011699336,40.708934013750294,-74.03678420458701,Lyft,Lyft Black,6.725404054179182,1.83,26.113106483508833
2022-02-17 11:22:00,Manhattan,Financial District,40.633308070155394,-73.99735105660734,40.66678034265181,-73.9551819855173,Lyft,Lyft,10.161951931610629,1.26,25.557104009201435
2022-02-13 12:23:00,Bronx,Harlem,40.74361376940986,-73.9437114945268,40.70791408781836,-74.08813911927565,Uber,UberPOOL,14.739526058780005,1.0,28.29417060286501
2022-02-22 04:07:00,Staten Island,Financial District,40.709256493989336,-74.06670108696571,40.68329286496174,-74.08318873183967,Lyft,Lyft Black,9.807322284653715,1.04,20.449326558069764
2022-01-22 22:51:00,Financial District,Queens,40.81185172089963,-74.06828796845703,40.72724801394512,-74.09825109954757,Uber,UberX,1.6936110047952817,2.63,14.369844649570283
2022-03-17 01:45:00,Brooklyn,Lower East Side,40.63529615516967,-74.0912039542025,40.80316518813405,-74.06675726080327,Uber,UberSUV,13.53731916351003,1.24,32.47598258481676
2022-01-01 09:32:00,Harlem,Lower East Side,40.70596791645941,-74.04158801405806,40.680405283446945,-73.97156527283704,Lyft,Lyft XL,6.768877129104815,1.9,27.256516454273505
2022-01-18 16:50:00,Central Park,Financial District,40.63566121623907,-73.98297101954512,40.67817397172856,-74.08108926850105,Lyft,Lyft Shared,5.215963156130019,1.8,20.93028394180956
2022-01-01 21:08:00,Harlem,Financial District,40.69345570388464,-74.0122441782493,40.783319734811876,-73.94635376698692,Uber,UberBLACK,5.520001286448602,2.09,25.41440470518576
2022-03-05 21:11:00,Financial District,Lower East Side,40.80907605678988,-73.9728081349488,40.70639558243319,-73.92475306459137,Uber,UberBLACK,1.8016141010854587,2.32,13.11455325040696
2022-02-25 12:18:00,Financial District,Times Square,40.62367259056754,-73.97771440643525,40.724846169001445,-74.00829923984679,Uber,UberXL,11.198109917129567,1.72,38.00631085056
2022-02-20 00:57:00,Upper West Side,Williamsburg,40.681507351460006,-74.0554062053738,40.66133658783569,-73.9282359546376,Lyft,Lyft,14.358979249542365,2.68,74.0436126803537
2022-01-31 21:07:00,Upper East Side,Times Square,40.79777435687838,-74.06945746807556,40.75766251747697,-74.08308324641328,Lyft,Lyft Shared,6.687133764217989,1.13,16.04880701874107
2022-01-01 15:16:00,Financial District,Lower East Side,40.69555946607502,-73.92056853940139,40.659287347037456,-74.0329854677529,Lyft,Lyft,14.703342438436739,1.54,43.47550787158701
2022-03-23 12:20:00,Manhattan,Bronx,40.6619270792779,-74.05982962729091,40.739937581681346,-74.00901189265053,Lyft,Lyft XL,1.9280020787563672,1.02,5.991483710580116
2022-01-10 02:48:00,Staten Island,Williamsburg,40.71449055899725,-74.00998275793437,40.65683371652039,-74.06651507479155,Uber,UberXL,14.356967371677536,1.0,27.624692900435686
2022-01-07 03:23:00,Williamsburg,Lower East Side,40.71343640442727,-73.99961773688261,40.711674023850264,-73.91827875970839,Uber,UberXL,11.062266185416334,1.08,23.607683090436872
2022-02-09 12:50:00,Lower East Side,Financial District,40.76925215286189,-74.07755474939957,40.684339507405,-74.05870924314956,Lyft,Lyft Black,7.2289680698018035,1.27,19.241381535134508
2022-03-30 20:15:00,Queens,Lower East Side,40.76543283725503,-74.03868072937152,40.7651157283075,-74.03830091695683,Lyft,Lyft Black,11.88091347790124,1.28,29.813246190498777
2022-02-09 23:42:00,Brooklyn,Lower East Side,40.7171046325707,-73.98220356110738,40.79551979496488,-73.98609347509264,Lyft,Lyft XL,12.609975753484914,1.1,27.024203325458462
2022-01-20 03:15:00,Manhattan,Harlem,40.71407320364222,-74.04644419533939,40.69631844592296,-73.92224757122636,Uber,UberX,4.726768141789379,1.25,13.464805310164268
2022-03-20 16:57:00,Queens,Manhattan,40.80609612513826,-74.09108754222544,40.80678890918829,-73.95756035241492,Uber,UberXL,13.880758599320485,2.24,60.01257370933631
2022-02-19 10:47:00,Lower East Side,Central Park,40.650191933260615,-74.0906134853119,40.72894801006853,-74.08544845333421,Uber,UberSUV,11.464667630998868,1.02,23.014431721332983
2022-03-15 20:19:00,Central Park,Lower East Side,40.635919421392614,-73.97049286555509,40.807100175376924,-73.99668324027854,Lyft,Lyft,13.577709646384564,1.0,26.260991881172988
2022-03-30 22:47:00,Bronx,Brooklyn,40.78507971095269,-73.9649178497865,40.67256582421181,-73.93306429047438,Lyft,Lyft Black,10.596052165860002,1.14,23.9891240708907
2022-01-24 11:13:00,Financial District,Williamsburg,40.799700028355026,-74.01027664432753,40.70347007125182,-73.999564275487,Lyft,Lyft Black,6.934585564418972,1.18,17.269919190525176
2022-01-07 11:19:00,Times Square,Manhattan,40.633788315124384,-74.08026655020599,40.75262961848456,-74.05244549079246,Lyft,Lyft Shared,12.30786821748386,1.0,24.038769380596754
2022-01-03 15:54:00,Times Square,Harlem,40.618925200722984,-73.99796968852729,40.732252798223364,-74.04911201975659,Lyft,Lyft Shared,3.6859185338099887,1.13,10.11390390060925
2022-01-26 17:33:00,Financial District,Upper East Side,40.76393191584405,-74.0204163119622,40.69764866645281,-73.96040215035345,Uber,UberX,9.69252623383903,3.2,62.278146909498574
2022-01-09 06:38:00,Times Square,Bronx,40.68380533492852,-74.07839407490965,40.73860921869653,-74.02866003519593,Uber,UberPOOL,3.8835623990533072,1.85,17.198033266935084
2022-03-02 01:56:00,Staten Island,Times Square,40.758739445149914,-74.10584442173509,40.64362223273854,-73.92682470334944,Uber,UberX,14.67873647096308,1.0,28.18778882418539
2022-03-21 14:34:00,Times Square,Brooklyn,40.702497974838664,-73.93484257767507,40.73313521913677,-73.93405505117758,Lyft,Lyft Black,11.396997229777282,1.41,31.647090664475442
2022-03-22 10:47:00,Williamsburg,Times Square,40.67619086016802,-74.0999919374327,40.805924034020855,-74.06400087543368,Uber,UberSUV,7.022430325558055,1.15,17.007641030185585
2022-03-04 16:43:00,Lower East Side,Williamsburg,40.64543315085276,-74.08031519756952,40.81160872875539,-73.99030863459275,Uber,UberXL,8.837338343637427,2.43,43.65578130631816
2022-03-11 06:38:00,Staten Island,Financial District,40.750046369271274,-74.05513656493498,40.72492062580229,-74.06196722747697,Lyft,Lyft Black,13.905029955256193,1.27,34.078929075556886
2022-02-09 05:49:00,Harlem,Williamsburg,40.72053533083467,-74.0892530362859,40.714153075668875,-74.02909178706595,Uber,UberPOOL,11.444290467332584,1.0,22.527508317832023
2022-01-06 18:20:00,Harlem,Bronx,40.78864713795963,-73.97652187017665,40.6399463297864,-73.96537084565891,Uber,UberX,3.720535686332634,2.26,20.364718639445567
2022-02-15 04:37:00,Williamsburg,Staten Island,40.70397918397306,-74.07696644501497,40.70850269668808,-74.06696029354241,Uber,UberSUV,10.846687603153471,1.0,21.481703305518575
2022-01-04 00:49:00,Williamsburg,Williamsburg,40.61944208980132,-73.93335300454902,40.73217780754463,-73.9895050617105,Lyft,Lyft XL,1.6786122278065918,1.04,5.655074254607998
2022-03-17 10:03:00,Manhattan,Bronx,40.72473031978211,-73.92103833716008,40.79526316677566,-74.10366035223537,Lyft,Lyft,12.670292405265162,1.0,24.673011709214034
2022-02-22 05:38:00,Central Park,Harlem,40.76448283449568,-73.94030378657085,40.75678241626741,-73.99530290493557,Lyft,Lyft XL,2.3590495492227648,1.29,8.550554357370393
2022-01-17 12:58:00,Central Park,Financial District,40.659755186853765,-74.04346406454096,40.676999974741605,-73.98250890419115,Lyft,Lyft Black,10.762889860521351,1.0,21.335057255912364
2022-01-21 08:07:00,Financial District,Williamsburg,40.79486833208644,-74.04928984261072,40.76414288462638,-74.04164412329513,Lyft,Lyft Black,7.47633799777056,3.0,46.75077448829545
2022-03-17 09:30:00,Brooklyn,Williamsburg,40.62242743818986,-73.92782566994919,40.71591325865517,-73.95046265730161,Uber,UberBLACK,8.632951356682465,1.61,28.348340447452845
2022-03-29 14:57:00,Harlem,Williamsburg,40.67242295800171,-73.91508142256774,40.7312046284441,-74.06697229121556,Uber,UberXL,12.617203420123788,1.0,24.58010598521663
2022-01-18 07:21:00,Lower East Side,Upper West Side,40.77777922790647,-73.96643925176973,40.787762332039385,-73.9188203467929,Uber,UberX,14.171812425263738,1.65,45.04610837794904
2022-01-02 17:48:00,Bronx,Times Square,40.76129469811708,-74.023850164028,40.642047702323296,-73.95655926081471,Lyft,Lyft XL,6.922920099818471,2.41,35.222415520984406
2022-03-07 06:36:00,Central Park,Lower East Side,40.680048726034315,-73.95220781656107,40.796832078617705,-74.06669255072902,Lyft,Lyft XL,3.0106850031008343,1.0,7.76869875542646
2022-03-29 13:33:00,Financial District,Brooklyn,40.672412975344876,-73.97380681788523,40.68555613853226,-73.91851240865793,Lyft,Lyft,3.7781668789452985,1.32,12.02756549036364
2022-01-04 19:24:00,Harlem,Financial District,40.67005685251263,-73.93036220475379,40.72784873726492,-73.94646319049065,Lyft,Lyft Shared,6.352882861683679,1.5,20.426317511919656
2022-02-07 17:47:00,Times Square,Manhattan,40.7719693548596,-73.99400783256881,40.743722871599935,-74.02060118975267,Lyft,Lyft,9.002826422502928,1.86,33.95420000524703
2022-01-26 18:17:00,Bronx,Upper East Side,40.700337940861914,-74.01923656233868,40.7548696999521,-73.96729315053587,Lyft,Lyft XL,11.542373796820971,1.48,33.594748133766316
2022-01-02 05:01:00,Harlem,Upper West Side,40.75601581272578,-74.01486817185265,40.66543715910231,-74.08916151679989,Lyft,Lyft XL,11.23574513268303,1.28,28.368069097209986
2022-01-08 20:01:00,Financial District,Bronx,40.73947323447525,-74.08130373766959,40.68481376337702,-73.99416418139185,Uber,UberXL,1.4600284823324117,3.23,16.327810996383956
2022-01-03 16:28:00,Upper West Side,Manhattan,40.77874685186206,-73.99701391809887,40.7586731211069,-74.01822553478421,Lyft,Lyft,1.023156821980647,1.94,8.323617410624296
2022-02-17 00:23:00,Harlem,Staten Island,40.70560922890663,-73.95782057383131,40.670593245839235,-74.08755701984182,Uber,UberSUV,5.926760756283957,1.0,12.871831323496925
2022-01-02 18:18:00,Williamsburg,Brooklyn,40.70240508456595,-73.94541913472398,40.63831970467022,-73.92543251294138,Lyft,Lyft,7.945607518730101,1.44,23.622930947199855
2022-01-05 20:04:00,Bronx,Upper East Side,40.80117030107072,-74.00943215754444,40.67913129157394,-74.01867614642362,Lyft,Lyft Black,9.904179026151239,1.0,19.832313295764667
2022-02-28 02:12:00,Times Square,Manhattan,40.80510273337962,-74.07771158609937,40.73124464287003,-73.9856143358861,Lyft,Lyft XL,5.782678031212807,1.39,17.54136431092515
2022-02-21 10:19:00,Upper East Side,Times Square,40.61534265913194,-74.01579086754317,40.64620158698613,-74.10392808213902,Uber,UberBLACK,1.4070594147894138,1.15,5.706707072263694
2022-01-15 18:04:00,Williamsburg,Times Square,40.72139993866274,-74.06548381830554,40.748819150447396,-73.99906519797834,Uber,UberPOOL,1.4042179463905287,1.88,9.319877043624839
2022-02-19 12:48:00,Financial District,Brooklyn,40.80965080667014,-74.0444282039858,40.67114321475674,-73.95771914711253,Uber,UberSUV,4.894985326152744,1.37,15.160727319451206
2022-02-03 18:00:00,Times Square,Staten Island,40.714344521105495,-74.02696666313412,40.624054069212335,-73.99413394777463,Uber,UberXL,3.6982905265081705,2.66,23.86554240089553
2022-01-21 23:03:00,Queens,Times Square,40.63724454129457,-74.05127958850939,40.65725649048715,-73.9115945704581,Uber,UberXL,10.306736739078996,1.03,21.15289297218989
2022-03-25 19:12:00,Upper West Side,Bronx,40.662712907540566,-73.9488323265881,40.66423457223457,-73.99751153225154,Lyft,Lyft XL,4.950686544307318,1.68,18.755018440263513
2022-03-25 20:10:00,Upper East Side,Queens,40.77812137281322,-74.03901800997944,40.68325852230083,-73.93326686328825,Lyft,Lyft,4.293247201311022,1.0,10.01318260229429
2022-03-23 06:20:00,Queens,Staten Island,40.74522340677769,-73.96239743103708,40.77370342246261,-74.0887550601744,Uber,UberSUV,5.314980241372684,1.13,13.335373427314481
2022-02-05 11:24:00,Bronx,Central Park,40.63336303268989,-74.0419826535427,40.68771196621851,-73.99017907811992,Uber,UberBLACK,3.5154371774736894,1.0,8.652015060578957
2022-03-07 07:24:00,Manhattan,Bronx,40.74883863809064,-74.08842677956775,40.76435113326919,-73.92474969882977,Lyft,Lyft Shared,13.216010905698518,2.59,66.37656943007853
2022-03-05 18:38:00,Lower East Side,Upper West Side,40.74298517635399,-74.06265601403732,40.75372989658468,-73.93097765009084,Lyft,Lyft XL,9.425120886843615,1.49,28.301002712444728
2022-01-17 07:03:00,Financial District,Staten Island,40.67097834720892,-73.96998485241348,40.76589427184239,-74.07004613362169,Lyft,Lyft Shared,6.644501465698177,1.88,26.560409822147
2022-03-18 22:11:00,Staten Island,Lower East Side,40.70435827816004,-74.02096362532963,40.638057076838315,-73.98633766381839,Uber,UberBLACK,11.620837940517188,1.0,22.836466395905077
2022-02-01 14:59:00,Staten Island,Times Square,40.65492620513343,-74.04922050567049,40.6537734414174,-73.94269547064611,Uber,UberPOOL,10.55495110937415,1.0,20.971164441404763
2022-02-13 20:59:00,Upper East Side,Lower East Side,40.66178112461038,-73.97725999474726,40.71321075851599,-74.09492923030965,Lyft,Lyft XL,12.217340814235348,1.79,42.74582010059223
2022-03-10 23:17:00,Upper East Side,Manhattan,40.69528576172685,-74.09422443196154,40.766799277532655,-74.05193634087287,Lyft,Lyft Black,2.942796777089705,1.0,7.649894359906984
2022-01-16 22:58:00,Upper East Side,Upper West Side,40.705617008664824,-74.0267271023367,40.804594242929944,-73.96251165298216,Uber,UberPOOL,12.365476602490007,2.45,59.141980933175915
2022-02-28 15:51:00,Harlem,Lower East Side,40.684636900546224,-74.10517563898688,40.616890923812484,-73.90877378665914,Lyft,Lyft Black,7.945194840261072,1.0,16.404090970456878
2022-03-28 01:49:00,Staten Island,Bronx,40.65785450543724,-74.09307891032059,40.65348673867368,-73.96292729514165,Lyft,Lyft XL,4.134608396227431,1.0,9.735564693398004
2022-02-28 05:48:00,Williamsburg,Williamsburg,40.685491644515814,-74.07267275047408,40.71940822066455,-74.01138294127351,Lyft,Lyft Black,14.199899087699375,1.11,30.35830397785604
2022-03-07 17:05:00,Harlem,Central Park,40.79248407193296,-74.07560985236971,40.70422208264407,-74.00591335030161,Uber,UberXL,10.136954843095957,1.37,27.728349236322558
2022-01-07 16:56:00,Queens,Times Square,40.81129181803433,-74.02578936366774,40.63760443360903,-74.10403438387517,Uber,UberX,14.842545842587304,1.96,55.80993224007445
2022-01-08 05:17:00,Times Square,Manhattan,40.734165800877044,-74.0418227941564,40.62858793617645,-74.03745998183092,Lyft,Lyft Shared,4.165156721907893,1.15,11.257377902839634
2022-03-23 11:26:00,Staten Island,Harlem,40.72241918003323,-73.91140903535141,40.63093612278613,-73.9389377793616,Lyft,Lyft,9.240017591142395,1.27,23.710939096313975
2022-02-18 10:21:00,Manhattan,Bronx,40.71183288143926,-74.07849757126898,40.745045003892315,-73.97574109068265,Uber,UberXL,1.203717809883103,1.0,4.60650616729543
2022-02-24 05:49:00,Financial District,Queens,40.774001005958624,-74.05165809489704,40.61666208366889,-73.95066865098345,Uber,UberPOOL,11.141186869107706,1.51,33.21558630161711
2022-01-13 06:47:00,Financial District,Williamsburg,40.70101654514687,-74.05403702390205,40.794324155706036,-74.06941993224409,Lyft,Lyft Shared,9.096499313943362,1.21,22.28683729727507
2022-01-10 08:26:00,Times Square,Lower East Side,40.69233645858717,-73.94262424298147,40.76470237413342,-74.05497837691223,Uber,UberBLACK,13.41745617549359,2.36,61.31409400478853
2022-01-02 10:27:00,Bronx,Lower East Side,40.69125409530996,-74.06658973720509,40.669389727082645,-73.97652964277472,Uber,UberX,9.581749323923907,1.12,21.58022867489086
2022-01-15 21:00:00,Queens,Lower East Side,40.643905718486586,-74.0826289039944,40.67619820533202,-73.91667130606803,Lyft,Lyft,3.2530093596729612,2.53,20.72769893995203
2022-01-19 00:30:00,Upper East Side,Central Park,40.74172439905654,-74.10229133240001,40.7894333311546,-74.09879931663991,Lyft,Lyft XL,12.917523415395976,1.21,30.37785583210098
2022-03-17 05:01:00,Manhattan,Brooklyn,40.71360617752266,-73.97846516368018,40.71177345702953,-74.00096289682449,Lyft,Lyft XL,4.181746529511068,1.0,9.81805642664437
2022-03-28 20:12:00,Manhattan,Financial District,40.778738049367924,-74.05640524692353,40.67288761984215,-73.93310651626578,Uber,UberX,12.266929267128305,1.02,24.446468741824024
2022-03-16 15:35:00,Queens,Financial District,40.64361923930707,-74.02903104405613,40.78996130379431,-73.92966928326182,Lyft,Lyft XL,9.926895973908994,1.0,19.87206795434074
2022-03-14 18:09:00,Williamsburg,Lower East Side,40.77245546508168,-74.08557842330632,40.80724563103931,-73.99327832597054,Lyft,Lyft Shared,9.121692750965126,2.34,43.20333181520219
2022-01-14 09:33:00,Financial District,Times Square,40.66279972873696,-74.09687114576607,40.750713266153625,-74.09864942347994,Lyft,Lyft,7.226928797527564,2.66,40.29135355249081
2022-02-03 10:12:00,Times Square,Upper East Side,40.682418377197806,-73.96707862839119,40.765750000808,-73.96591440609569,Lyft,Lyft Black,12.542860621462548,1.43,34.963508705210025
2022-03-21 11:11:00,Lower East Side,Times Square,40.652585305684134,-74.02852772763795,40.80098935518846,-73.99827859133961,Uber,UberSUV,13.300542235612657,1.0,25.77594891232215
2022-01-09 09:04:00,Lower East Side,Financial District,40.71098539251014,-73.96441817119396,40.68886317148237,-74.0520106231311,Uber,UberX,11.698708040157577,2.1,48.242752047579096
2022-02-11 01:59:00,Central Park,Williamsburg,40.80657634678499,-74.0810821816187,40.784470913415504,-73.97192250804302,Lyft,Lyft Black,3.5810015791256626,1.0,8.76675276346991
2022-03-17 22:35:00,Central Park,Manhattan,40.68931929936344,-73.94584799417792,40.79140437905141,-73.9734705618058,Lyft,Lyft Shared,8.697286282231342,1.13,20.023883623112475
2022-02-22 10:44:00,Central Park,Staten Island,40.613420619314375,-74.06147872950083,40.71569147678262,-73.98943555011411,Lyft,Lyft Black,13.699669592057255,1.0,26.474421786100194
2022-02-18 02:17:00,Upper West Side,Bronx,40.6155247242078,-74.000592028542,40.75067943780086,-73.9315281803698,Uber,UberPOOL,8.19215903455127,1.0,16.836278310464724
2022-01-20 22:30:00,Staten Island,Harlem,40.797090887307554,-74.10381778141783,40.626732294244505,-74.0378831649842,Uber,UberBLACK,13.180202525204354,1.0,25.56535441910762
2022-02-01 15:00:00,Brooklyn,Financial District,40.61716193121555,-73.91656883789832,40.68230906394126,-74.04884030229083,Uber,UberX,4.358108015283976,1.0,10.12668902674696
2022-03-02 12:03:00,Lower East Side,Manhattan,40.79774647658307,-74.03453869966441,40.69997953799572,-73.95938500623869,Lyft,Lyft Shared,8.320574159927501,1.0,17.061004779873127
2022-02-11 07:13:00,Staten Island,Staten Island,40.63988628534464,-74.08071319315856,40.709655619742485,-73.90902902906024,Uber,UberPOOL,1.0817740253702985,2.39,10.499519861111274
2022-03-05 04:15:00,Central Park,Upper East Side,40.76358961454502,-74.0255220514061,40.628370283954105,-73.96293039088246,Lyft,Lyft XL,8.746895480142115,1.24,22.08076319190839
2022-02-20 18:05:00,Harlem,Harlem,40.64751449056699,-74.0274669017559,40.66622687797072,-74.01467781380185,Uber,UberBLACK,8.173477943661243,1.44,24.197164418026333
2022-03-17 08:07:00,Upper East Side,Upper East Side,40.64321114808228,-74.05615836457568,40.757923074742834,-73.97325112088724,Uber,UberX,13.898179083100779,1.74,46.669955308041864
2022-03-17 02:17:00,Times Square,Financial District,40.68915169284004,-74.09328887916078,40.7384145141829,-73.91234244604404,Lyft,Lyft Shared,1.032885789249667,1.46,6.289023191532899
2022-03-06 20:08:00,Brooklyn,Upper East Side,40.62442296510836,-73.93454407046892,40.62963514575184,-74.00294936351348,Uber,UberX,12.044594831932663,2.71,63.89649099044065
2022-01-02 07:48:00,Lower East Side,Lower East Side,40.78790318028004,-74.0722576856499,40.742942455080176,-73.9819912471244,Uber,UberSUV,4.218818852944209,2.24,22.1377699035413
2022-03-12 14:15:00,Brooklyn,Financial District,40.801592189520306,-74.05008011920958,40.72963639449873,-74.05236258012975,Lyft,Lyft XL,2.0706149301074293,1.13,6.919641024287441
2022-02-15 19:11:00,Queens,Financial District,40.686213974469645,-74.01661465908707,40.648132863100024,-74.07150907879485,Lyft,Lyft Shared,10.638626092062188,1.26,26.608170532997125
2022-03-26 08:48:00,Central Park,Central Park,40.733462408955035,-74.02967235793108,40.70771975995613,-73.99652824254683,Lyft,Lyft,3.168079583489588,2.28,18.340637538123456
2022-01-20 19:41:00,Queens,Financial District,40.6951337779798,-74.02976948918429,40.725186077790475,-74.01111214710816,Uber,UberPOOL,7.71344378639403,2.12,33.91687644752185
2022-01-14 06:51:00,Harlem,Staten Island,40.75014831326736,-73.98309542092298,40.68724157329559,-73.91671939436196,Lyft,Lyft XL,9.16528919652445,1.0,18.539256093917786
2022-03-28 03:31:00,Bronx,Lower East Side,40.787205234333015,-73.98437368478544,40.675285227366324,-73.99876427803028,Uber,UberBLACK,10.344499491391446,1.0,20.60287410993503
2022-02-08 14:00:00,Upper East Side,Manhattan,40.719290402822516,-73.92561959166159,40.76664858676101,-74.04500847695815,Uber,UberBLACK,12.842126877817215,1.04,25.972670917627333
2022-01-04 11:21:00,Bronx,Staten Island,40.68215096535642,-73.9906825573188,40.76483505253844,-74.0998647733774,Uber,UberX,13.05446570853634,1.0,25.345314989938593
2022-01-03 07:19:00,Queens,Staten Island,40.784470218576516,-73.91520483134761,40.617198260949195,-73.90952874427163,Uber,UberBLACK,5.8108421785188415,1.61,20.39704783797684
2022-03-09 14:27:00,Manhattan,Financial District,40.747699800427256,-74.06561836629777,40.63825563619655,-74.03825678976713,Uber,UberX,13.55290252289095,1.0,26.217579415059163
2022-02-01 01:52:00,Brooklyn,Upper East Side,40.77211395582224,-73.93819781609227,40.81192919017505,-73.95968539115216,Uber,UberBLACK,12.783320372013074,1.0,24.87081065102288
2022-03-04 21:18:00,Williamsburg,Financial District,40.62708380096481,-74.02742489052252,40.74513636590867,-74.00491742522313,Uber,UberPOOL,12.822984491990628,1.19,29.67886520457048
2022-03-19 11:51:00,Central Park,Staten Island,40.74486243078701,-74.02535216934643,40.752280030181836,-73.96573885527529,Lyft,Lyft XL,4.5959828730466565,1.0,10.542970027831648
2022-02-24 02:42:00,Upper West Side,Central Park,40.78740391679752,-74.09399332274322,40.74972386275749,-73.91542123222617,Uber,UberBLACK,11.060409973197695,1.0,21.855717453095966
2022-03-28 14:33:00,Upper West Side,Staten Island,40.76670573040591,-74.07664472047176,40.64412426506074,-74.09382367626411,Uber,UberXL,12.44343349130131,1.0,24.276008609777293
2022-02-09 04:47:00,Lower East Side,Manhattan,40.66393257719707,-74.0128602862259,40.665797601578994,-74.05631757761107,Lyft,Lyft Shared,3.6546841120259614,1.17,10.407965719373156
2022-02-04 13:09:00,Lower East Side,Queens,40.61810223198745,-73.96498363220114,40.679719156641774,-73.95121105795452,Lyft,Lyft,9.994365711813147,1.06,21.18954839541339
2022-02-26 19:41:00,Harlem,Lower East Side,40.76042675574013,-74.00232965827185,40.78084805676604,-73.92817931192612,Lyft,Lyft XL,2.594736954348753,1.96,13.799947753416223
2022-01-01 23:24:00,Brooklyn,Harlem,40.702707412916,-74.10498150874702,40.62004767445483,-73.96014228457035,Lyft,Lyft XL,13.372845829430249,2.48,64.23815089972729
2022-02-09 15:34:00,Financial District,Manhattan,40.64807127023917,-74.10360357356191,40.76956237893496,-73.96057454700582,Uber,UberX,4.780812509778672,1.56,16.951618151695776
2022-03-24 04:43:00,Manhattan,Harlem,40.75643725901234,-73.96753239384338,40.80525990931378,-74.02196381659486,Lyft,Lyft Shared,2.370375228743825,1.0,6.648156650301694
2022-03-29 21:33:00,Central Park,Central Park,40.70773972696155,-73.96498196739974,40.62530361576663,-73.919651235949,Uber,UberSUV,1.5871718570095317,1.0,5.2775507497666805
2022-02-04 11:39:00,Staten Island,Brooklyn,40.76169015535414,-73.93022351408972,40.74000632147625,-73.9275859027385,Uber,UberPOOL,7.085900655932242,1.0,14.900326147881424
2022-03-21 15:16:00,Manhattan,Williamsburg,40.7273164157961,-73.91878722251492,40.7394559091746,-73.99187308940157,Lyft,Lyft XL,8.238269080335446,1.15,19.454516524175084
2022-03-24 17:25:00,Staten Island,Bronx,40.79915229406261,-73.93311357255457,40.70983848811779,-73.96798541137015,Uber,UberXL,9.478028998870268,1.84,35.119253376362266
2022-03-08 23:58:00,Staten Island,Times Square,40.66583198685876,-73.99853599731064,40.70507830264203,-74.04466343709828,Uber,UberSUV,9.521446741202706,1.14,21.845286248699395
2022-03-05 06:33:00,Upper West Side,Central Park,40.754067100102056,-73.9069383201318,40.660750034593484,-74.00530422584205,Lyft,Lyft XL,2.186553857079426,1.0,6.326469249888996
2022-03-08 11:10:00,Harlem,Manhattan,40.74159101331305,-74.08978689288347,40.76455590296203,-74.03148646273438,Uber,UberPOOL,12.29132482502284,1.27,30.492469423613265
2022-01-01 00:51:00,Staten Island,Upper West Side,40.74304165882745,-73.977889596746,40.66325208447251,-74.01629267220044,Lyft,Lyft XL,1.5366678872307609,1.79,9.288612156750359
2022-01-22 14:26:00,Upper West Side,Staten Island,40.622857125831786,-73.93163664675444,40.66743876884843,-73.91068176638852,Uber,UberSUV,9.320990024041038,1.0,18.811732542071816
2022-03-28 16:32:00,Harlem,Financial District,40.67780772336301,-73.93606636145516,40.66854077001793,-74.01647486880661,Uber,UberPOOL,6.604161182204779,2.09,29.379719523913977
2022-02-03 01:58:00,Staten Island,Central Park,40.67127779949313,-74.07811051893236,40.64165813389441,-73.93484760844845,Uber,UberX,12.521515662134712,1.2,29.29518289048289
2022-03-10 18:22:00,Upper East Side,Harlem,40.76897525110672,-74.09667717723678,40.70500622158707,-73.92924597762465,Uber,UberPOOL,8.75738477138014,2.0,35.650846699830495
2022-01-27 07:05:00,Lower East Side,Financial District,40.7501623239146,-73.99380478801768,40.646720796573675,-74.10465162705945,Uber,UberSUV,8.570424728747694,1.59,27.82220680774046
2022-03-23 15:35:00,Queens,Manhattan,40.66229578550288,-73.94990502610266,40.66292237234431,-74.06647481228028,Lyft,Lyft,4.179987507940711,1.07,10.502026608618982
2022-01-11 08:39:00,Upper West Side,Williamsburg,40.65856651430818,-74.07070642190044,40.770932511013605,-74.06508511618865,Uber,UberXL,4.421798312226677,2.2,22.52392350207271
2022-02-21 19:55:00,Harlem,Central Park,40.69474637353726,-74.02913564820575,40.651302845482064,-73.94545389595415,Uber,UberBLACK,7.290159976701142,2.02,30.82071551763854
2022-01-11 11:58:00,Financial District,Williamsburg,40.77589100494719,-74.09187277751872,40.74253809031307,-74.02619258909836,Uber,UberSUV,2.534665101440734,1.35,9.363146302153735
2022-03-21 19:50:00,Upper East Side,Williamsburg,40.79069634384437,-74.0458349355277,40.738720479048546,-73.97550030535021,Lyft,Lyft Shared,12.69142909599462,2.0,49.42000183598117
2022-03-29 23:19:00,Times Square,Staten Island,40.74030030620574,-73.90988210363604,40.70166213474067,-73.95586721020234,Lyft,Lyft,9.63957459380177,1.0,19.369255539153098
2022-01-07 17:10:00,Staten Island,Bronx,40.62615619810978,-73.9993515742713,40.755660764027894,-74.02696932882726,Uber,UberBLACK,4.279945300128737,2.12,21.178597063477614
2022-01-30 18:43:00,Financial District,Williamsburg,40.67468823244573,-74.07620267579935,40.67684990051266,-74.01132877777093,Lyft,Lyft Shared,1.560253287768859,2.09,10.9316264000146
2022-03-05 08:47:00,Manhattan,Queens,40.715882391804335,-73.9886406042347,40.79849241570784,-73.98892963501761,Uber,UberBLACK,13.960163039796537,1.0,26.93028531964394
2022-01-29 06:32:00,Harlem,Financial District,40.6576535497098,-74.04636413789903,40.78580884439879,-73.91544584914145,Lyft,Lyft Black,1.151868396755328,1.0,4.515769694321824
2022-01-07 15:50:00,Harlem,Lower East Side,40.73984333849764,-74.09051704530904,40.7330541442203,-74.04381388733997,Uber,UberX,1.842155085329172,1.0,5.723771399326051
2022-01-03 09:27:00,Harlem,Williamsburg,40.76861322294666,-74.0371927272929,40.61998573060413,-73.9293543166564,Uber,UberPOOL,9.510174706131199,2.05,39.242751758245674
2022-01-03 00:56:00,Williamsburg,Central Park,40.784627483864085,-74.05710524608476,40.69015588115954,-74.04808811678957,Lyft,Lyft XL,5.025068610971582,1.21,13.665582783732324
2022-01-07 18:54:00,Upper East Side,Upper East Side,40.718311004393755,-73.98331708100073,40.67238002176644,-73.91879791060731,Uber,UberX,5.568377969744979,1.69,20.693477845520775
2022-03-17 14:17:00,Upper East Side,Williamsburg,40.78878197145949,-74.05673249582823,40.669307051607895,-74.07169310692697,Lyft,Lyft Black,10.688909615688639,1.08,22.902039173651527
2022-02-12 05:20:00,Times Square,Lower East Side,40.6826755278241,-74.01749039888223,40.68909158006743,-73.91069994674413,Lyft,Lyft Black,6.5174050157610575,1.02,14.183567953133489
2022-02-04 05:25:00,Manhattan,Central Park,40.78440015050238,-73.93649812972674,40.72348558394963,-74.10245128623912,Lyft,Lyft Shared,14.105779585680438,1.06,28.816221131437214
2022-02-26 01:23:00,Central Park,Staten Island,40.78092704395834,-73.92355519757824,40.66784203584681,-73.9246523929064,Lyft,Lyft XL,5.069778486375949,2.07,23.54027256689687
2022-03-15 04:24:00,Times Square,Manhattan,40.75733692726806,-74.01934689140533,40.76158063840075,-74.02099278302373,Lyft,Lyft Black,1.396001264047853,1.18,5.832742610258816
2022-01-04 15:04:00,Financial District,Upper East Side,40.774769921592686,-74.0640024934865,40.74283278735955,-73.91241881963217,Uber,UberSUV,9.827624570705591,1.05,20.683260148671526
2022-01-28 17:54:00,Harlem,Manhattan,40.75516916630249,-73.98394420155078,40.75549954760676,-73.91950452170096,Uber,UberPOOL,10.151481970285456,1.6,32.424149516799275
2022-01-18 18:18:00,Brooklyn,Upper West Side,40.71064442960895,-74.09263464976948,40.65921220795544,-73.94787241479608,Lyft,Lyft,14.150946661698427,1.74,47.43963258487171
2022-01-02 01:34:00,Harlem,Central Park,40.642714204856325,-73.93056492512268,40.7865492669089,-73.94010844104368,Lyft,Lyft Black,4.513129842068388,2.17,22.5636105752547
2022-02-19 05:10:00,Lower East Side,Upper West Side,40.80623262824657,-73.94648184968102,40.66838733622894,-74.09383951567186,Lyft,Lyft,8.636008593790844,1.0,17.613015039133977
2022-02-17 09:45:00,Financial District,Staten Island,40.673619862081736,-74.06293966607144,40.63422592262395,-73.97171971641812,Uber,UberPOOL,14.458300274256837,2.89,80.34785363705396
2022-03-02 02:33:00,Brooklyn,Central Park,40.79221120300873,-73.94190427060299,40.80303930227794,-74.05267728001493,Lyft,Lyft Black,8.435997332366298,1.2,20.715594397969227
2022-01-28 20:00:00,Upper East Side,Financial District,40.73167901566758,-73.96467466988219,40.79549631476948,-74.06419323823133,Lyft,Lyft Shared,12.980935539790366,1.0,25.21663719463314
2022-02-22 18:44:00,Bronx,Queens,40.75817757453249,-73.99709178022583,40.73625946824691,-73.90788213515275,Lyft,Lyft Shared,12.290113159342411,1.75,42.01347155048613
2022-03-21 07:47:00,Times Square,Lower East Side,40.777474139854185,-74.01619812773922,40.63824351890925,-73.93959287796177,Uber,UberXL,4.052655391185548,2.82,27.049854355500678
2022-02-13 12:44:00,Lower East Side,Lower East Side,40.62646551659267,-74.07316677374482,40.70611420192739,-74.04282616320845,Lyft,Lyft,11.489384526820006,1.23,27.80590019398006
2022-03-18 18:52:00,Upper East Side,Financial District,40.726805654638696,-73.96241482831272,40.805667906155755,-73.93148636370675,Lyft,Lyft Shared,7.910383692099659,1.02,16.670034890397893
2022-03-30 15:30:00,Times Square,Upper East Side,40.64654755793229,-73.92537931661523,40.7980753385969,-74.04098325206667,Lyft,Lyft,13.364521832773145,1.29,33.395408037485375
2022-02-24 20:41:00,Upper East Side,Brooklyn,40.806452169446175,-74.02099015416084,40.790281837868164,-73.9752685575664,Uber,UberBLACK,14.587973275161751,1.0,28.028953231533066
2022-01-13 13:22:00,Central Park,Manhattan,40.69730326984646,-74.02546841199376,40.63535915799643,-74.0064503640115,Lyft,Lyft XL,2.3749263175710125,1.0,6.656121055749272
2022-01-11 17:58:00,Queens,Lower East Side,40.78829645352933,-74.04309984891928,40.70645625442458,-73.96407487500994,Lyft,Lyft Black,7.70134562630353,1.56,24.92467355980864
2022-01-08 22:42:00,Williamsburg,Financial District,40.62385528864986,-73.99226121645049,40.724277003305524,-73.94510319062186,Lyft,Lyft Black,13.149813474337817,2.04,52.04483410338601
2022-03-08 16:01:00,Williamsburg,Harlem,40.79692837565467,-73.9666839474174,40.65913206800597,-74.10387184826327,Lyft,Lyft Black,4.778643427656556,1.87,20.313110617006082
2022-03-01 11:16:00,Central Park,Financial District,40.77485822726333,-74.10193641113665,40.73161642404626,-73.93576490796721,Lyft,Lyft Shared,6.892532333044664,1.0,14.561931582828162
2022-02-20 07:05:00,Financial District,Financial District,40.73752487266931,-74.03933984163673,40.63098078020264,-73.93655657434248,Uber,UberX,9.594134285230377,1.81,34.91442034846722
2022-01-13 07:49:00,Harlem,Financial District,40.73750029724014,-73.95028384990906,40.695464420133106,-74.06242450939409,Uber,UberBLACK,11.834438703319607,1.51,35.047504273522065
2022-02-08 02:08:00,Harlem,Harlem,40.72558754839504,-73.9674563980402,40.67447683153625,-73.95013649011327,Uber,UberPOOL,2.7340681912209153,1.0,7.284619334636602
2022-01-30 08:11:00,Bronx,Central Park,40.70572114928116,-73.96329234976874,40.665823662121234,-74.09116366829689,Lyft,Lyft Black,7.632254426006257,1.76,27.90734363209927
2022-03-25 14:05:00,Williamsburg,Lower East Side,40.735206750400046,-73.96447026320418,40.79608363414999,-74.04327994657231,Uber,UberSUV,4.4531273286990665,1.0,10.292972825223366
2022-01-01 16:51:00,Queens,Times Square,40.708205285741556,-73.94630736352102,40.77208685085621,-73.92120379345367,Uber,UberPOOL,8.161700000522817,2.21,37.090374752021994
2022-02-15 19:40:00,Times Square,Financial District,40.66506240185993,-74.09646049445232,40.790246499151394,-73.99827247258752,Uber,UberSUV,13.274565969911007,2.67,68.70040949440919
2022-03-15 03:52:00,Lower East Side,Central Park,40.66701193704805,-74.0054024436971,40.71928278297369,-73.9661169359391,Uber,UberX,4.021428734398454,1.25,11.921875356496619
2022-01-13 14:32:00,Financial District,Upper West Side,40.70044235583294,-73.9876592447377,40.67703267443977,-73.99137811591437,Uber,UberBLACK,6.005457053014155,2.02,26.279290682405037
2022-01-17 09:29:00,Queens,Central Park,40.79348397358158,-73.95716381710692,40.78255614663016,-73.93851938752958,Uber,UberXL,1.3648942000436473,1.81,8.848302378638254
2022-03-12 14:45:00,Upper West Side,Financial District,40.62792798234632,-74.01372493620735,40.7786215168568,-74.00747107770792,Lyft,Lyft Black,11.194080720298397,1.0,22.089641260522193
2022-01-16 19:26:00,Lower East Side,Staten Island,40.74806212922603,-74.0433066432017,40.80186654803321,-74.06041565497118,Uber,UberBLACK,9.313823126679807,1.96,36.84641332451174
2022-02-07 00:54:00,Brooklyn,Central Park,40.624991506264045,-74.09558805313904,40.6233696347512,-74.02748352798059,Uber,UberSUV,3.282518085251295,1.0,8.244406649189767
2022-03-24 08:38:00,Brooklyn,Manhattan,40.70182802276753,-74.03752903136659,40.80163305920873,-74.05447563400108,Uber,UberXL,5.188831111608111,1.62,18.760336201408997
2022-01-13 12:57:00,Williamsburg,Staten Island,40.796416538201406,-73.96373138105882,40.77117049956716,-74.02601195048045,Uber,UberPOOL,14.265260260597499,1.18,32.40776243813383
2022-02-19 11:01:00,Upper East Side,Manhattan,40.72046189661768,-74.00565525231245,40.7518136596917,-73.9110859261818,Lyft,Lyft,5.716899888073669,1.0,12.50457480412892
2022-01-15 05:17:00,Manhattan,Central Park,40.73815974469113,-73.9151327091732,40.76739597014815,-74.01282272390006,Uber,UberPOOL,5.49271091795482,1.1,13.323468517063029
2022-03-01 13:36:00,Brooklyn,Manhattan,40.63184724884336,-73.9940348543488,40.70903662006504,-74.10151681966029,Uber,UberPOOL,3.124121082577388,1.09,8.68426096501637
2022-02-20 22:56:00,Staten Island,Manhattan,40.733069436518015,-74.03855517202638,40.68848336397226,-73.92861673779221,Uber,UberPOOL,10.111300797921462,2.52,50.89083651883365
2022-01-10 15:55:00,Williamsburg,Financial District,40.776828877147175,-73.97240575073647,40.62312166614514,-74.01514138409227,Lyft,Lyft XL,11.33585673758505,1.17,26.13516667020539
2022-01-25 23:18:00,Times Square,Staten Island,40.73748874954978,-74.07987098747289,40.69691227268748,-74.01919391678985,Uber,UberBLACK,1.0065589408298277,1.49,6.3496024382137755
2022-01-10 18:17:00,Staten Island,Lower East Side,40.686030941985706,-73.94047765909069,40.668776373898396,-74.03036746360026,Uber,UberX,1.7693600092768864,2.1,11.752398034092558
2022-01-29 06:39:00,Harlem,Upper East Side,40.78584240241519,-73.98960705828135,40.68611243415954,-74.03769153039991,Lyft,Lyft,9.077771135822811,1.28,23.534207344243097
2022-01-17 05:36:00,Brooklyn,Williamsburg,40.6380345477863,-74.0099330265782,40.694376053364316,-73.98491008728365,Uber,UberSUV,10.492627490419686,1.0,20.86209810823445
2022-03-17 19:56:00,Brooklyn,Staten Island,40.64672279735706,-74.03827588468089,40.7100457629562,-74.0216813164082,Lyft,Lyft Shared,4.664975730381187,2.23,23.78006778781258
2022-02-13 15:04:00,Queens,Bronx,40.734471075182164,-74.01480244703406,40.760327276642585,-74.0149972997153,Uber,UberXL,11.194411276595812,1.16,25.624654891489495
2022-01-30 06:53:00,Lower East Side,Manhattan,40.63393478297139,-74.03422348990763,40.70964548363291,-74.05119388783247,Uber,UberSUV,10.78018991968497,1.0,21.365332359448697
2022-02-16 02:49:00,Queens,Central Park,40.66039605701108,-73.94117711863399,40.71415638287667,-74.01850963560861,Uber,UberPOOL,12.043062062380049,1.29,30.412212605822962
2022-03-14 14:11:00,Upper West Side,Lower East Side,40.735677241209466,-73.92002000712338,40.62902311277053,-74.03675203140719,Lyft,Lyft,5.909196421039847,1.0,12.841093736819733
2022-03-08 21:29:00,Manhattan,Harlem,40.77449470106736,-74.07565122981681,40.78186189204468,-73.9327351534713,Uber,UberX,8.91165348917799,1.24,22.438288071516236
2022-01-25 09:07:00,Upper West Side,Lower East Side,40.67324191687651,-73.9654662497725,40.69890912393872,-74.04477051045497,Lyft,Lyft XL,8.167513198062542,1.01,16.961079577575543
2022-03-02 05:55:00,Brooklyn,Staten Island,40.773404498782924,-73.99761758337195,40.70666072654167,-74.1051279473662,Lyft,Lyft,14.796789209427736,1.0,28.394381116498536
2022-02-21 05:22:00,Bronx,Upper West Side,40.79751140270465,-73.96523013229306,40.73455401422768,-73.91104078345641,Uber,UberSUV,14.038355264127798,1.0,27.067121712223646
2022-01-30 17:34:00,Williamsburg,Upper West Side,40.65384466198767,-74.0300256069004,40.677963019621714,-74.06691606917543,Lyft,Lyft Shared,5.302571907814444,1.26,14.84217105673085
2022-03-03 16:02:00,Manhattan,Upper West Side,40.65838052922848,-74.08893904903435,40.62458742608511,-73.97185604123361,Uber,UberBLACK,10.516134401864736,2.3,48.07744096750556
2022-01-03 21:16:00,Upper East Side,Upper West Side,40.80763106871977,-74.02950720778826,40.74526386993692,-74.10348843365172,Uber,UberBLACK,2.7787043278827825,1.24,9.129788391505638
2022-03-04 23:08:00,Financial District,Bronx,40.722922251886295,-73.93747756076112,40.69370059856783,-73.93025586233378,Uber,UberSUV,14.76668428330093,1.92,54.41605919189112
2022-01-03 15:00:00,Times Square,Financial District,40.7081838934234,-74.10444169325412,40.65986034591893,-73.96781107340558,Uber,UberSUV,13.501352372151896,1.29,33.7043029801329
2022-02-09 14:29:00,Harlem,Upper West Side,40.61631835037489,-73.96257027571632,40.67690097407931,-74.03008442993948,Lyft,Lyft Shared,13.469979505021028,1.0,26.0724641337868
2022-02-21 15:19:00,Staten Island,Financial District,40.717337577581766,-74.09766880135957,40.618814878550964,-74.00044496069799,Lyft,Lyft Black,1.5703714842997982,1.18,6.192817115079083
2022-03-01 07:41:00,Upper West Side,Queens,40.77752926366864,-74.04418850179898,40.662100037453584,-73.9664900996371,Uber,UberBLACK,7.614283676915975,1.47,23.262744758866347
2022-03-19 13:28:00,Lower East Side,Financial District,40.680732344270865,-74.06322155414452,40.798653741581525,-73.97541120647561,Uber,UberSUV,13.223790982668811,1.28,32.821291801178134
2022-02-08 05:20:00,Williamsburg,Queens,40.64576078687715,-74.10064688018875,40.73297335925193,-73.9636907088836,Uber,UberXL,6.482677454395311,1.0,13.844685545191794
2022-03-20 05:02:00,Manhattan,Williamsburg,40.73967471123087,-73.93685385602033,40.65445769028297,-73.9785090020444,Uber,UberPOOL,7.708825320585045,1.0,15.990444311023829
2022-02-27 02:15:00,Staten Island,Lower East Side,40.76592739783232,-74.00187264862305,40.68893392676759,-74.05172535138668,Uber,UberXL,7.398751780812897,2.02,31.20458754517359
2022-02-11 08:54:00,Williamsburg,Lower East Side,40.667657144472656,-73.95150314203161,40.61406641495447,-74.02792726809507,Uber,UberXL,7.012481338212101,2.6,38.406790088865066
2022-01-29 17:26:00,Brooklyn,Upper East Side,40.67058097321615,-73.91714302643595,40.75990537992045,-74.04220271899668,Lyft,Lyft,13.806920743772562,2.15,57.32353929844426
2022-03-15 22:25:00,Brooklyn,Upper East Side,40.6955654456061,-74.01676952796831,40.6242250316342,-74.09487726957185,Uber,UberXL,1.7339832319056583,1.02,5.6451600689516
2022-02-03 19:43:00,Brooklyn,Central Park,40.69045140629494,-74.07591006022501,40.75836365908753,-73.96713466019627,Lyft,Lyft XL,9.52347321746018,1.84,35.26558376022179
2022-01-18 01:15:00,Staten Island,Bronx,40.64146941340971,-74.00643066942264,40.65202079589738,-73.94788282747254,Lyft,Lyft Black,2.4099300127250816,1.0,6.717377522268893
2022-03-15 12:47:00,Williamsburg,Bronx,40.677181276171815,-74.00327690610524,40.70767809851631,-74.02090756896268,Uber,UberBLACK,6.611096795057331,1.0,14.06941939135033
2022-03-03 07:50:00,Upper East Side,Lower East Side,40.77183155360973,-74.02437810974524,40.731601238755665,-73.91141814015913,Lyft,Lyft,3.6945048277803902,1.93,17.303190055828267
2022-01-12 17:41:00,Upper West Side,Bronx,40.72481878978727,-74.03999009078694,40.68080616923291,-73.90748425509261,Uber,UberXL,11.852938275121664,1.5,34.86396297219437
2022-03-18 10:09:00,Upper West Side,Central Park,40.78184074766185,-73.99468580651671,40.719865018553264,-73.99777907688616,Uber,UberXL,7.852319062035394,1.27,20.62677911537366
2022-03-09 20:31:00,Lower East Side,Central Park,40.642631845437954,-73.98975154862758,40.742462067133694,-74.08462846087275,Lyft,Lyft,14.600958552297914,1.0,28.05167746652135
2022-01-01 13:05:00,Harlem,Queens,40.81028994739315,-73.97582542834847,40.69069842899479,-73.95139782782124,Lyft,Lyft,5.116222770642534,1.28,14.660339006239276
2022-02-24 18:18:00,Upper East Side,Upper West Side,40.70938255040784,-73.91268305870656,40.81034007825042,-73.93893293429821,Lyft,Lyft Black,8.521759956057833,1.96,34.12963664927837
2022-02-28 10:14:00,Central Park,Manhattan,40.733310903697515,-74.08990985590522,40.68484036552639,-73.96470289555546,Lyft,Lyft,12.750329029502952,1.1,27.294383381793185
2022-03-22 22:23:00,Manhattan,Lower East Side,40.65071249998974,-74.0350027150013,40.762665910321815,-74.09409198070806,Uber,UberPOOL,9.711449160664566,1.0,19.49503603116299
2022-01-12 13:38:00,Manhattan,Harlem,40.62394664485625,-73.92249148471497,40.70264314569541,-74.03386697587092,Lyft,Lyft Black,14.35877209994505,1.0,27.62785117490384
2022-01-27 16:06:00,Central Park,Williamsburg,40.64211018050822,-74.03001640179362,40.708824265843646,-73.91350402499826,Lyft,Lyft XL,10.6664551381779,1.99,42.12093001870454
2022-02-15 12:48:00,Staten Island,Lower East Side,40.659066568967,-74.02714817438788,40.763429840299366,-73.98850813295316,Uber,UberSUV,14.345384627612017,1.0,27.60442309832103
2022-01-09 09:20:00,Upper East Side,Times Square,40.78266768146154,-73.92057844913273,40.66779291132369,-73.97993679915791,Lyft,Lyft Black,1.0943786922710594,2.21,9.757509592358321
2022-01-04 12:46:00,Financial District,Financial District,40.764305914278715,-73.93121730176685,40.739438559603556,-74.01326455020795,Uber,UberXL,13.24063915329176,1.39,35.6828547403822
2022-03-04 22:13:00,Bronx,Bronx,40.766145157274025,-73.9554336256746,40.7349509258127,-74.09480515118638,Uber,UberX,12.298430918769446,1.06,25.463589354317325
2022-01-02 22:19:00,Upper East Side,Lower East Side,40.6840766876398,-74.05161862426458,40.61732700736756,-74.04398066412448,Lyft,Lyft Shared,10.717767745962789,2.57,54.62816043746764
2022-03-16 11:55:00,Queens,Central Park,40.731578653149285,-73.9205857971252,40.66993480727664,-74.0489787868628,Lyft,Lyft Black,10.211821027952578,1.13,23.01887608277622
2022-01-07 13:20:00,Queens,Williamsburg,40.680118023916734,-74.09338425401025,40.794541511217425,-74.00969385980753,Uber,UberXL,14.897634013225852,1.09,31.142236880228314
2022-02-26 05:18:00,Financial District,Harlem,40.79226397350372,-73.95730513974128,40.70871987723547,-73.98841140395703,Uber,UberBLACK,7.780836122221493,1.88,30.29895084210871
2022-02-26 02:24:00,Upper West Side,Times Square,40.663694194731235,-74.009756752794,40.67519247633401,-74.0295323661802,Lyft,Lyft XL,4.859409393130468,1.46,16.065790999448346
2022-03-10 07:47:00,Central Park,Harlem,40.732136770170754,-74.06449050016191,40.620130511329,-73.99681782970616,Lyft,Lyft,7.431561331273308,1.83,28.37457516340277
2022-01-31 16:02:00,Upper West Side,Times Square,40.72884854350677,-73.92436113948976,40.76041592351668,-73.91731353334289,Uber,UberSUV,14.54279229400878,2.01,56.17927189417588
2022-02-27 10:07:00,Lower East Side,Central Park,40.810215120732906,-73.97569740286688,40.74476228846971,-73.97561087454449,Lyft,Lyft Shared,12.826661607098632,1.28,31.931721999900937
2022-01-31 01:50:00,Upper East Side,Manhattan,40.64665096752189,-73.922323322529,40.71629497520898,-74.00800317958894,Lyft,Lyft,2.206899912479864,1.0,6.3620748468397625
2022-02-13 06:16:00,Upper East Side,Williamsburg,40.627763132884304,-74.03198484068875,40.756888672193014,-74.0478722796181,Uber,UberBLACK,13.844680053493615,1.21,32.341110013272726
2022-02-14 18:03:00,Financial District,Queens,40.70635088534863,-73.98150392113025,40.69055108825531,-74.01582208870333,Uber,UberSUV,13.301788279429326,2.69,69.34316832541354
2022-03-18 04:55:00,Lower East Side,Williamsburg,40.67039984134505,-74.05838976779295,40.796232614689636,-73.9813010787581,Lyft,Lyft XL,8.895673396744243,1.29,23.30698269315013
2022-03-04 16:04:00,Brooklyn,Williamsburg,40.7777854175501,-73.96609139016296,40.69191762608607,-74.0600793157351,Lyft,Lyft XL,5.809745704555093,1.17,14.820454330076553
2022-01-29 07:16:00,Brooklyn,Financial District,40.7261795532545,-74.03320526283862,40.80866578083359,-73.94349648684914,Lyft,Lyft,1.6809604856077316,1.9,10.339193614645707
2022-02-15 23:09:00,Brooklyn,Financial District,40.73309260343679,-73.92560903056705,40.666168556663706,-73.91947264999479,Lyft,Lyft XL,8.968093910573762,1.19,21.65105556876986
2022-02-19 06:45:00,Harlem,Central Park,40.72438057774639,-74.03462759607336,40.63252143201975,-73.97710409222164,Lyft,Lyft Black,13.167141333735863,1.29,32.94982156090872
2022-01-20 12:39:00,Lower East Side,Manhattan,40.803913596222536,-74.05040761439639,40.75260250711936,-74.01067450593713,Lyft,Lyft Black,14.904752477885644,1.0,28.58331683629988
2022-03-09 17:20:00,Queens,Central Park,40.77166414787797,-74.0907176154381,40.66394370765978,-73.94147935027662,Uber,UberX,1.2269261905025526,1.64,7.621278166742325
2022-03-01 20:18:00,Staten Island,Times Square,40.78552486428893,-73.92348134687359,40.64357891539484,-73.96166066815947,Uber,UberSUV,8.036851032725245,1.0,16.564489307269177
2022-03-24 14:24:00,Times Square,Williamsburg,40.6583216546914,-73.94966344645323,40.61411555742131,-74.0694657662262,Lyft,Lyft,2.1278923162065846,1.62,10.082574716445668
2022-02-27 23:57:00,Williamsburg,Times Square,40.689562625502575,-74.07607980237144,40.80622359314758,-73.93389380535744,Uber,UberBLACK,4.8996065463904195,2.27,25.138687005535942
2022-03-04 13:41:00,Upper East Side,Times Square,40.68679681320986,-74.08554727980092,40.6820701629084,-74.04720022289398,Uber,UberBLACK,3.5277833547371653,1.15,9.974664001408543
2022-01-02 12:48:00,Bronx,Upper West Side,40.737375811888306,-74.0071762386737,40.65065840814381,-74.01061286114006,Lyft,Lyft Black,10.94408472195185,1.26,27.281706811903828
2022-02-02 22:32:00,Staten Island,Central Park,40.649108980707695,-74.00460952594612,40.78617809397954,-74.03633682623303,Uber,UberXL,3.7716199794520704,1.22,11.102408656130171
2022-03-30 07:40:00,Bronx,Brooklyn,40.72013905704797,-74.0369313178568,40.67588769812052,-73.93883249796072,Lyft,Lyft Shared,1.7005011546432194,2.07,11.33506543269506
2022-03-25 00:16:00,Brooklyn,Central Park,40.786389995322615,-74.09637889937503,40.65415701984491,-74.04320311522072,Lyft,Lyft Black,10.034889767316706,1.0,20.061057092804234
2022-02-07 04:21:00,Upper West Side,Bronx,40.810305166978054,-73.98666364077211,40.73219703518121,-73.99064456363948,Uber,UberXL,4.395444236091889,1.13,11.516990976871709
2022-01-27 00:28:00,Upper East Side,Harlem,40.68180698731465,-73.98920021359072,40.7687599317924,-74.08363334703296,Lyft,Lyft,12.370540286474856,1.0,24.148445501330997
2022-03-02 11:22:00,Queens,Bronx,40.75037057031182,-74.03496708945207,40.80952057543463,-73.98532170546927,Uber,UberPOOL,14.948154797322077,1.0,28.659270895313636
2022-01-06 16:16:00,Brooklyn,Williamsburg,40.678908492501265,-73.96714883022017,40.77976855228579,-74.02660404264965,Uber,UberBLACK,12.917983133989978,2.64,66.2810820790337
2022-02-26 10:35:00,Queens,Upper East Side,40.61289254451092,-73.9129036038687,40.645561144486486,-74.06447190393234,Uber,UberBLACK,4.979124351867595,1.0,11.213467615768291
2022-03-01 22:18:00,Central Park,Manhattan,40.67538674259959,-74.10034624917444,40.76166846946295,-74.07976774459284,Lyft,Lyft XL,13.262913464360436,1.0,25.710098562630762
2022-03-15 12:31:00,Staten Island,Financial District,40.739338254287645,-74.03255770877996,40.636668540708875,-73.95603251057928,Uber,UberXL,12.932814732644218,1.0,25.13242578212738
2022-03-28 20:55:00,Harlem,Financial District,40.67340864468435,-73.92204903791975,40.786608266463645,-74.06305624449833,Uber,UberBLACK,3.7252869823479378,1.0,9.01925221910889
2022-03-26 22:14:00,Staten Island,Staten Island,40.79856429981676,-73.98848273343941,40.66210271896807,-73.98918051876154,Lyft,Lyft Black,1.8017290546300255,1.56,8.81872031913997
2022-02-22 14:30:00,Manhattan,Brooklyn,40.731091911770314,-73.92189946287453,40.79073481461119,-74.03479993156064,Uber,UberXL,7.329447519370628,1.0,15.326533158898599
2022-02-24 22:48:00,Harlem,Times Square,40.75153516757022,-74.06425086888783,40.80935840565307,-73.967705782336,Uber,UberXL,11.999831098060557,1.01,23.734701465822035
2022-01-28 17:57:00,Times Square,Staten Island,40.699613115599355,-74.05817478997285,40.79443363998429,-74.05713840228262,Lyft,Lyft Shared,9.166342409107145,2.4,44.49863811825001
2022-03-07 05:50:00,Central Park,Bronx,40.70687374141773,-74.04174372747588,40.72992840664265,-73.92217675496148,Uber,UberBLACK,3.872956638320145,1.0,9.277674117060254
2022-01-07 06:05:00,Manhattan,Williamsburg,40.636844020003004,-74.06788590554414,40.707957703811594,-74.03097487090258,Uber,UberBLACK,2.9577354772183297,1.0,7.676037085132077
2022-02-10 08:33:00,Brooklyn,Bronx,40.72178344694236,-74.07722479176809,40.680008133468775,-73.93760796444408,Uber,UberXL,4.650067737581949,2.32,24.67927501458271
2022-03-20 01:53:00,Upper East Side,Upper East Side,40.61848321760464,-74.09294511136297,40.631197383648704,-73.92932720147795,Uber,UberPOOL,14.258663209604714,1.53,42.002570743716625
2022-01-16 22:46:00,Staten Island,Financial District,40.65234123185088,-74.05611606505052,40.6160796916187,-73.93948008642295,Lyft,Lyft XL,14.169080647224913,2.38,64.96422089569175
2022-01-23 21:05:00,Financial District,Williamsburg,40.700007687711484,-73.92940542017504,40.78009666808814,-73.9670170804694,Lyft,Lyft Shared,4.577220576943665,2.61,27.431454985190186
2022-03-14 07:51:00,Central Park,Manhattan,40.79674052861166,-74.05823905876949,40.75434725861451,-74.07581932290593,Lyft,Lyft Black,6.969223993465787,2.09,30.714936756101114
2022-01-07 15:26:00,Queens,Bronx,40.77953741347577,-74.03554298295077,40.66757052085748,-74.10136017295709,Lyft,Lyft,6.9878803560647995,1.06,15.612518060500204
2022-02-04 19:16:00,Bronx,Manhattan,40.72798807410228,-74.03169876990641,40.69642236329606,-74.07249682198277,Uber,UberX,12.809456821256344,1.37,34.135672728962085
2022-01-08 22:57:00,Brooklyn,Central Park,40.79042845165325,-74.05967479238534,40.644770690221414,-74.08937107098428,Lyft,Lyft Black,13.649917355842971,2.99,78.89819256444835
2022-03-15 06:06:00,Brooklyn,Upper West Side,40.61670901813711,-73.91329255406905,40.738376276000785,-74.07685799265852,Uber,UberSUV,13.094701672813857,1.0,25.41572792742425
2022-02-18 03:20:00,Queens,Upper East Side,40.788871561003305,-73.91926899116453,40.64658859772339,-73.92856473023747,Uber,UberPOOL,12.141689987693251,1.0,23.74795747846319
2022-01-12 10:29:00,Lower East Side,Queens,40.797869035605885,-73.98585255029599,40.63470019344011,-73.98464046011063,Uber,UberSUV,1.3485596227786307,1.0,4.859979339862604
2022-01-11 04:22:00,Lower East Side,Williamsburg,40.63184583851286,-73.94405104075342,40.65011738374088,-74.085524146356,Lyft,Lyft XL,9.176291298490561,1.27,23.569307410895274
2022-02-14 05:33:00,Times Square,Central Park,40.75821239913264,-74.02107561847279,40.654530499923666,-74.01422931581865,Lyft,Lyft Shared,9.210508801281318,1.42,26.43811437118407
2022-02-11 14:51:00,Williamsburg,Harlem,40.7652469276944,-74.08993667913899,40.70182101132428,-74.02364308153847,Lyft,Lyft Shared,8.61190276829793,1.0,17.570829844521377
2022-02-19 12:20:00,Williamsburg,Central Park,40.75160954743563,-74.02378351267167,40.755553184618876,-74.00088314204325,Lyft,Lyft,7.053847802877181,1.0,14.844233655035067
2022-03-05 18:09:00,Central Park,Harlem,40.64395330239509,-74.07833087549812,40.7809413043862,-74.02059443269737,Lyft,Lyft XL,9.799306876326368,2.18,42.83435573318509
2022-02-27 09:29:00,Brooklyn,Manhattan,40.67570929020732,-74.02444342509169,40.77705169082531,-74.03270682851067,Uber,UberBLACK,8.422424355815945,1.71,29.479104884779215
2022-03-17 04:30:00,Harlem,Staten Island,40.70373783879936,-73.94267297053462,40.63232455349708,-73.98016725990196,Uber,UberPOOL,6.316414546090244,1.0,13.553725455657927
2022-02-19 06:23:00,Staten Island,Queens,40.66803522790951,-73.96043724017765,40.72672711612592,-74.03494115191546,Lyft,Lyft Black,5.367670579962336,1.0,11.893423514934089
2022-02-28 10:37:00,Lower East Side,Financial District,40.63794433775223,-74.10066595722876,40.79942245265016,-73.95768555365532,Uber,UberX,3.189663182531261,1.01,8.162729675124003
2022-01-04 04:34:00,Queens,Financial District,40.65795617906558,-73.97463421513561,40.7162798076737,-74.03009931944767,Lyft,Lyft Black,1.8656819043560517,1.04,5.995541065928014
2022-03-05 11:52:00,Financial District,Central Park,40.67059255369463,-73.99503933213889,40.78496755729259,-74.00347059875298,Lyft,Lyft,14.390562731870487,1.46,40.417887779929096
2022-02-03 09:54:00,Queens,Central Park,40.61985929473798,-74.03127606068098,40.78560886037295,-74.06477144639129,Lyft,Lyft Shared,8.651022362877093,1.75,30.8687559863111
2022-01-19 20:16:00,Harlem,Staten Island,40.67923405250479,-74.07904415451807,40.769206743117145,-73.9656834911096,Lyft,Lyft Black,6.052127734370416,1.0,13.091223535148227
2022-01-04 12:11:00,Queens,Williamsburg,40.68197701974126,-73.99776791348613,40.72211384686058,-74.02102155880614,Lyft,Lyft XL,12.349564794769545,1.0,24.111738390846703
2022-02-22 18:28:00,Bronx,Brooklyn,40.64079003808976,-74.06203211627643,40.78319156933036,-74.00641679585769,Lyft,Lyft Shared,13.684102053352136,1.89,49.98516754146219
2022-03-19 02:50:00,Manhattan,Bronx,40.63598851209446,-73.93266051992164,40.79265431236163,-74.083648931124,Lyft,Lyft XL,7.904698573842534,2.4,39.19973401013864
2022-01-08 20:55:00,Queens,Financial District,40.64942257916871,-74.02740280379795,40.64447370353324,-74.08170155418291,Uber,UberX,9.173649249498103,2.44,45.271482295356904
2022-03-19 01:11:00,Upper West Side,Bronx,40.63297788020907,-74.06389945712117,40.759693884520814,-74.07310109915642,Uber,UberX,5.211566369478391,2.83,32.885282444841735
2022-01-12 05:00:00,Upper West Side,Harlem,40.73911794535094,-73.97063441401518,40.706553402286794,-73.9280672607488,Lyft,Lyft Shared,9.160788096039193,1.0,18.531379168068586
2022-01-08 20:43:00,Financial District,Upper West Side,40.688248653674556,-74.00537145191062,40.61585768415517,-74.08231570250649,Lyft,Lyft Black,7.379534185433386,2.41,37.14818542706531
2022-03-21 09:24:00,Bronx,Brooklyn,40.671356412706814,-74.08735348132564,40.74599209100353,-73.98396340590925,Lyft,Lyft Shared,3.5631595240287073,1.54,13.452714917257367
2022-01-08 18:45:00,Upper East Side,Staten Island,40.726960590652006,-73.96329897638098,40.75561112671509,-74.09879556165434,Lyft,Lyft Black,11.508540892342722,1.34,30.337528392543685
2022-03-17 10:40:00,Times Square,Williamsburg,40.63389285083553,-73.97219518419219,40.623078931328344,-74.05916787544508,Lyft,Lyft XL,8.694015659793646,1.41,24.977483640540818
2022-03-31 01:39:00,Williamsburg,Bronx,40.773014368237035,-74.05853086533988,40.62632244150687,-73.99297761252713,Uber,UberBLACK,10.374367242703816,1.03,21.274796954973628
2022-01-04 19:27:00,Staten Island,Lower East Side,40.691012454111224,-73.97610327438886,40.74345510160171,-74.03705704598615,Lyft,Lyft XL,3.171105052393612,1.43,11.510690393615013
2022-01-24 07:58:00,Times Square,Upper West Side,40.73844690340608,-74.01890006994093,40.75624904636798,-74.02142329231522,Lyft,Lyft Black,7.22493485431944,1.99,30.13583563016745
2022-02-05 17:25:00,Times Square,Times Square,40.76059714641332,-73.99203165227321,40.74989617359623,-74.06796687669528,Uber,UberXL,11.07063467801672,2.72,59.49622106735959
2022-03-07 21:53:00,Upper West Side,Central Park,40.622846695167574,-73.96276502950273,40.785123027726634,-73.9367297452319,Lyft,Lyft,7.498106146992903,1.03,16.09033632995471
2022-02-15 07:59:00,Manhattan,Central Park,40.6764563740792,-74.08865950588925,40.653528410428926,-74.00047898835439,Uber,UberPOOL,5.175884299815437,2.34,27.045246207744214
2022-03-10 17:36:00,Upper East Side,Central Park,40.8065385734769,-74.05172779100194,40.68980239834456,-73.93149571323644,Lyft,Lyft Black,10.487584428200945,1.4,29.194581849092312
2022-02-19 08:02:00,Bronx,Staten Island,40.79994985372423,-74.00301527203624,40.71457321417948,-74.00437176912097,Uber,UberSUV,14.196394197344745,1.68,45.937398940193546
2022-02-08 17:51:00,Brooklyn,Bronx,40.75087725203371,-74.02037701542623,40.80222299453698,-73.91224273129319,Lyft,Lyft XL,11.633634592134333,2.59,59.204448788848865
2022-01-29 18:05:00,Central Park,Williamsburg,40.689296199095914,-74.03715384320697,40.61703383716773,-74.02959191714555,Lyft,Lyft,12.81115985321217,1.78,44.35676294275591
2022-02-21 08:01:00,Williamsburg,Lower East Side,40.76016071766207,-74.06872677460419,40.63169921978175,-74.10017406929231,Uber,UberXL,6.406229801325839,1.53,20.977680293049936
2022-02-15 21:07:00,Queens,Brooklyn,40.64328979826743,-73.96542872496013,40.650156198049146,-73.97233712443114,Uber,UberX,4.990528758718915,1.1,12.35676786053391
2022-01-10 16:08:00,Williamsburg,Upper East Side,40.6279205725084,-73.97028999007895,40.80044295836825,-73.95195753010603,Uber,UberBLACK,13.411750641735667,1.51,39.2155510707865
2022-02-12 08:41:00,Upper East Side,Financial District,40.77326482020827,-74.10124359931413,40.62492161058038,-73.92441415962408,Lyft,Lyft Shared,2.846596135098007,2.5,18.70385809105378
2022-03-25 20:13:00,Williamsburg,Queens,40.64343220183587,-74.04797581133793,40.68793936658029,-73.98405902881801,Uber,UberSUV,14.524180547119133,1.25,34.8966449468231
2022-02-10 00:49:00,Upper West Side,Times Square,40.631224657534105,-74.06224138866072,40.67044597067415,-74.05254253437693,Lyft,Lyft,7.826362940796951,1.0,16.196135146394663
2022-03-24 09:07:00,Staten Island,Manhattan,40.80513236310567,-74.01577428949548,40.64488698105624,-73.9685518519261,Lyft,Lyft XL,14.318679020417754,1.54,42.438839960025845
2022-03-18 07:49:00,Bronx,Harlem,40.66299834438962,-73.96831303583303,40.75210765512835,-74.01928670934973,Uber,UberBLACK,13.691341130276642,1.99,52.65509548618841
2022-01-04 22:54:00,Manhattan,Upper East Side,40.66136334670287,-73.91202835640853,40.80681830882473,-74.04879983692246,Uber,UberX,9.92305237633829,1.0,19.86534165859201
2022-03-11 09:53:00,Upper East Side,Upper West Side,40.784002182939396,-74.00798122143046,40.7672469349873,-74.10406090325476,Uber,UberSUV,9.495681953367562,2.41,46.073038638327695
2022-02-22 18:24:00,Times Square,Financial District,40.77337377891656,-73.9823185730607,40.69291605377468,-74.03478496631321,Uber,UberXL,6.7670882842487625,3.0,43.027213492306004
2022-02-05 23:08:00,Bronx,Brooklyn,40.62007967107103,-74.01542238903305,40.74128794279738,-74.10537930739103,Uber,UberX,4.292169440950676,2.33,23.326320895476385
2022-01-27 20:49:00,Williamsburg,Upper West Side,40.677406394795426,-73.92262758972728,40.68260144638875,-74.07409816415898,Lyft,Lyft,3.207976077418559,1.1,8.925353949030727
2022-01-10 12:12:00,Upper East Side,Manhattan,40.80584728144968,-73.92561329707864,40.76728104155215,-74.0032269367465,Lyft,Lyft XL,11.036635937746246,1.0,21.81411289105593
2022-02-12 10:42:00,Central Park,Upper West Side,40.649871027243606,-73.92675304174625,40.69434642278888,-73.9277910442895,Uber,UberX,6.172304481908456,1.17,15.562793426707563
2022-03-31 10:55:00,Upper West Side,Bronx,40.643798216787594,-74.00644525977823,40.76458813664611,-74.08340556745013,Lyft,Lyft Shared,4.386047475732373,1.12,11.396653052435452
2022-03-20 02:16:00,Manhattan,Bronx,40.64605681879245,-74.05804799348859,40.75253334135975,-73.9775593257807,Uber,UberXL,13.663063271765242,2.41,63.648969348669915
2022-03-18 05:38:00,Staten Island,Financial District,40.73226997503833,-74.07281373093939,40.616825912294026,-74.08612488480445,Uber,UberXL,14.767752449706094,1.0,28.343566786985665
2022-02-17 11:59:00,Lower East Side,Harlem,40.81251614413414,-74.07781228618164,40.688607746302225,-74.03250738157932,Lyft,Lyft,8.954981693611593,1.0,18.17121796382029
2022-02-05 03:21:00,Queens,Williamsburg,40.65698797643964,-74.10176831635678,40.77241407888869,-74.02883717701164,Uber,UberSUV,13.389234662763798,1.0,25.931160659836646
2022-02-24 04:06:00,Queens,Lower East Side,40.67114225984482,-73.92387154541551,40.76304083783395,-74.04525655478753,Uber,UberX,9.71111660101922,1.0,19.494454051783634
2022-03-20 00:41:00,Queens,Brooklyn,40.713318385495754,-74.09956499502255,40.71804464330646,-73.96475380075547,Lyft,Lyft XL,8.771276761744161,2.79,49.80075878921587
2022-02-18 21:49:00,Staten Island,Queens,40.6594124645488,-74.09282233435324,40.76296841057807,-74.08360603723392,Lyft,Lyft Black,12.847402845743336,1.0,24.982954980050838
2022-03-23 14:12:00,Upper West Side,Financial District,40.67076945838835,-74.07087355460361,40.65021999186198,-74.0132503880471,Lyft,Lyft Shared,11.77203697677275,1.0,23.10106470935231
2022-01-12 20:51:00,Upper West Side,Upper East Side,40.66251436380894,-74.09679021438629,40.748206317306554,-74.04311173985101,Lyft,Lyft,11.900810127746547,1.0,23.326417723556457
2022-01-19 02:59:00,Central Park,Williamsburg,40.79178382116734,-74.04028844524944,40.7612562209178,-74.03686928143689,Uber,UberPOOL,8.778429811750186,1.05,18.755364779090968
2022-01-20 22:30:00,Bronx,Bronx,40.74207051888456,-74.0977729556827,40.635255769930126,-73.97015167181156,Uber,UberX,8.173029962779102,1.03,17.306886507909333
2022-02-10 11:10:00,Lower East Side,Upper West Side,40.66883044700883,-74.04538783342781,40.754627867297756,-73.95793004453458,Uber,UberBLACK,11.445952763542387,1.0,22.53041733619918
2022-01-15 04:17:00,Lower East Side,Williamsburg,40.63974414940079,-73.98816390176722,40.68871094579119,-73.98667821421155,Lyft,Lyft XL,3.458839193961962,1.29,11.03332948036913
2022-03-28 00:14:00,Williamsburg,Lower East Side,40.71254163821633,-74.10462500528745,40.776952054575865,-73.92696213168398,Lyft,Lyft Black,6.9825225117632055,1.0,14.71941439558561
2022-03-17 03:41:00,Financial District,Harlem,40.77569592706284,-74.10506523421824,40.63619022115204,-73.95101760801008,Lyft,Lyft XL,3.6934911147284475,1.04,9.322153828805774
2022-02-18 23:17:00,Brooklyn,Financial District,40.65982244685206,-74.04103034053762,40.80774571024084,-74.09453809782772,Uber,UberX,4.114297379965884,1.0,9.700020414940298
2022-03-05 20:32:00,Lower East Side,Central Park,40.8104821030878,-74.08446711137088,40.67693058642966,-73.9264515563141,Lyft,Lyft,2.0130300177378118,2.02,12.166061112703165
2022-03-16 22:03:00,Williamsburg,Queens,40.69193078793564,-74.09158257894947,40.81077112443032,-73.96489895874078,Uber,UberSUV,1.3460196271857885,1.0,4.85553434757513
2022-03-27 15:41:00,Upper West Side,Williamsburg,40.80449178893813,-73.99182268630908,40.73797707600944,-74.03360612187844,Uber,UberXL,8.29186054274553,1.0,17.010755949804675
2022-01-29 09:06:00,Upper East Side,Central Park,40.647829879397364,-73.98191958397435,40.64591630670824,-74.06178884776483,Uber,UberBLACK,1.8178534754890148,2.19,12.441923444811648
2022-01-18 19:07:00,Manhattan,Financial District,40.61655155937901,-73.95490504319366,40.7814235484703,-74.07191238116731,Uber,UberPOOL,7.068642164061135,1.94,28.848040146987554
2022-01-07 13:20:00,Brooklyn,Staten Island,40.77957245107841,-74.00616593449632,40.77651959434842,-74.0358651344044,Lyft,Lyft Shared,13.6729990445108,1.0,26.427748327893898
2022-02-17 14:05:00,Upper East Side,Upper West Side,40.6223018001465,-73.94512621526368,40.67274843255281,-73.97509900177376,Uber,UberPOOL,4.709687582673413,1.01,10.849372802375258
2022-02-04 08:48:00,Central Park,Brooklyn,40.79769299807284,-73.99151905508326,40.72917912166589,-73.99022647903965,Lyft,Lyft,5.308165994376994,1.74,20.51336545287795
2022-02-23 19:22:00,Financial District,Central Park,40.667672787913425,-73.99465418130896,40.68229066969604,-73.97544148289437,Uber,UberXL,5.0912495320400275,2.93,33.43038197553525
2022-03-08 18:44:00,Queens,Times Square,40.7763045722111,-74.05193450623956,40.627163651349974,-73.99777212246524,Uber,UberX,12.38244010792109,1.39,33.59528556251805
2022-03-26 12:19:00,Staten Island,Upper West Side,40.64745449180151,-73.93432096115674,40.78187530304993,-74.06159515641953,Uber,UberX,12.2842333963671,1.15,27.597019710188786
2022-03-29 10:25:00,Queens,Manhattan,40.64716048199985,-74.09349141730705,40.76748253262993,-74.0874474889564,Lyft,Lyft,5.9085254378041885,1.0,12.83991951615733
2022-01-31 07:14:00,Lower East Side,Bronx,40.68531693297108,-73.95679364851627,40.624278458060694,-74.0610210896872,Uber,UberSUV,12.493061222109551,2.16,52.62377141957411
2022-02-27 01:44:00,Lower East Side,Bronx,40.78683583530035,-74.03854656155899,40.7363866171989,-73.95229927594818,Uber,UberSUV,5.973912574730627,2.56,33.16312833479321
2022-01-09 12:41:00,Central Park,Bronx,40.707789105553815,-74.06351519768262,40.73697849389026,-73.94258155200184,Uber,UberSUV,14.218838812207899,1.0,27.38296792136382
2022-02-27 04:11:00,Times Square,Central Park,40.65093859341577,-73.9583637061491,40.615607810977274,-73.95882567185387,Uber,UberX,3.087412455353016,1.71,13.5140817726439
2022-03-25 06:00:00,Upper East Side,Financial District,40.773662921812694,-74.10191262891146,40.672433851131665,-73.99816262733324,Lyft,Lyft,8.8831462929578,1.0,18.04550601267615
2022-02-22 17:34:00,Upper West Side,Central Park,40.756363516044956,-74.02128103587715,40.72059304522838,-73.92403678048646,Lyft,Lyft XL,8.723576838580474,2.09,37.131482287108085
2022-01-04 22:09:00,Lower East Side,Williamsburg,40.7512508187105,-74.00016266920967,40.74196319396756,-73.96331078675148,Lyft,Lyft Black,1.6599494097389664,1.0,5.404911467043191
2022-02-20 05:23:00,Queens,Brooklyn,40.737921511775035,-74.02585418331203,40.70167130044098,-74.05403567515879,Lyft,Lyft XL,6.246115316067994,1.06,14.236543911306129
2022-03-01 17:39:00,Staten Island,Upper East Side,40.64425473514757,-74.01916996816982,40.64479345885247,-74.10430657893423,Lyft,Lyft Black,3.7093709915126647,2.63,23.647379988437038
2022-03-17 02:33:00,Queens,Lower East Side,40.6492276947234,-73.9756116670386,40.79841714781963,-74.10018235975087,Uber,UberPOOL,1.8127243975453557,1.0,5.672267695704372
2022-03-04 01:31:00,Williamsburg,Times Square,40.77307599053044,-74.0173347940156,40.622452757145446,-73.95482708948147,Uber,UberX,6.955710487605366,1.0,14.67249335330939
2022-01-12 08:26:00,Lower East Side,Times Square,40.80409249969546,-74.0287011128969,40.7790720813481,-74.06156853382294,Lyft,Lyft Shared,12.929795541326657,1.83,45.98267022109862
2022-03-10 19:51:00,Staten Island,Queens,40.67962903696592,-74.02901969354532,40.728527810119054,-73.97368283610044,Uber,UberX,6.974919536017353,2.17,31.912256938025898
2022-03-13 08:56:00,Upper West Side,Lower East Side,40.627095895175515,-74.01650661382239,40.72869076794668,-74.05421006640555,Uber,UberSUV,12.456224478641639,2.12,51.51259281576048
2022-02-24 19:24:00,Williamsburg,Brooklyn,40.81075794127074,-73.92204543206486,40.764822935562194,-73.97614167502971,Uber,UberXL,11.622941207128331,1.2,27.408176534969495
2022-02-08 23:57:00,Staten Island,Bronx,40.61449484105601,-73.96506943484317,40.67255448659836,-73.90661145609147,Uber,UberX,13.419581929114907,1.17,30.40159399986277
2022-01-17 00:50:00,Queens,Manhattan,40.66172027936675,-74.06136308051073,40.68480171555078,-73.98823020660396,Uber,UberXL,7.575778945946559,1.0,15.757613155406478
2022-03-25 08:42:00,Central Park,Brooklyn,40.64889534167731,-74.03464680265385,40.77692578746299,-73.9808337584618,Uber,UberPOOL,7.93889045298112,2.59,42.45802097813692
2022-02-17 06:25:00,Manhattan,Upper East Side,40.64816673356157,-73.99107924437273,40.70456985428045,-74.04254793896483,Lyft,Lyft Black,10.386057961588074,1.11,22.949917590384835
2022-02-03 17:14:00,Central Park,Queens,40.79613656687242,-73.96136534317729,40.717779177610495,-74.09683328643035,Lyft,Lyft Black,11.893432599359064,2.38,55.48614677633051
2022-02-13 23:58:00,Lower East Side,Upper East Side,40.65065668176012,-73.98838527830983,40.724774822423605,-73.95794767312626,Lyft,Lyft,5.6769839916226825,2.63,32.703318821443396
2022-03-30 13:11:00,Lower East Side,Upper East Side,40.7816597346785,-74.01173140789744,40.70901645374091,-74.09768952626932,Uber,UberX,9.694388197094225,1.0,19.465179344914894
2022-03-01 03:18:00,Bronx,Harlem,40.686462118990974,-73.91614313668471,40.62824811392138,-74.07874017256596,Lyft,Lyft Black,10.754733607476076,1.0,21.320783813083132
2022-02-16 15:03:00,Bronx,Brooklyn,40.629469033280316,-73.92905361655542,40.78487258791426,-73.91079729210945,Lyft,Lyft,4.101491850229609,1.0,9.677610737901816
2022-02-01 16:39:00,Staten Island,Upper West Side,40.655693671300114,-73.96386563437507,40.7816658998835,-74.00601320344967,Uber,UberXL,8.004570954452817,2.45,40.44459796721645
2022-01-22 21:49:00,Upper West Side,Upper West Side,40.72220794036986,-74.0584008895736,40.64533484645637,-73.97827610512125,Lyft,Lyft XL,6.422482458255567,2.41,33.11181976769286
2022-02-27 17:14:00,Central Park,Bronx,40.679160365299424,-73.97375404141968,40.674525146407866,-74.01910272920769,Uber,UberBLACK,10.829324796552413,2.46,52.770243249158135
2022-02-27 00:49:00,Lower East Side,Williamsburg,40.64147725018915,-74.07181292054428,40.67708048722801,-74.06792694365767,Lyft,Lyft,12.20588551682072,2.78,66.3316330393328
2022-02-17 15:42:00,Manhattan,Brooklyn,40.71810151552578,-74.03222666532979,40.802263880970855,-73.93165650079392,Lyft,Lyft Black,1.1341647419119403,1.19,5.336898075031615
2022-03-20 07:41:00,Times Square,Upper West Side,40.76759794341156,-73.98075171193979,40.65568196061838,-73.92908617366538,Lyft,Lyft XL,2.373264784562962,1.87,12.441509007482294
2022-02-07 15:56:00,Staten Island,Bronx,40.68602438925977,-74.02232581227837,40.755052876847294,-73.9327363972398,Lyft,Lyft XL,3.4983626793895732,1.0,8.622134688931753
2022-01-28 13:48:00,Williamsburg,Times Square,40.65819038377555,-74.00570399244911,40.80213079051759,-74.06698872194569,Lyft,Lyft,6.335509991515201,1.28,17.39154238099405
2022-03-19 14:29:00,Times Square,Lower East Side,40.738594397064105,-73.92899601565892,40.74658314363292,-74.04546105694001,Lyft,Lyft Shared,2.9505650396243057,1.99,15.250342750491646
2022-03-26 07:08:00,Staten Island,Harlem,40.66101104485518,-74.08729031909422,40.80824601978081,-74.09114320985367,Lyft,Lyft XL,10.534400021274433,2.15,45.01068008004505
2022-02-13 21:37:00,Staten Island,Williamsburg,40.746938237971236,-74.03322283869848,40.7448859505919,-74.07073464552498,Uber,UberX,10.205615702838049,2.22,45.198817005525825
2022-01-01 09:50:00,Manhattan,Lower East Side,40.679532643584665,-74.09336223843653,40.73578683222764,-73.98570658217443,Uber,UberPOOL,8.386438450538826,2.05,35.211347941308034
2022-03-23 20:05:00,Upper West Side,Brooklyn,40.66238393282958,-74.00751410504347,40.790691152493515,-73.97260488023386,Lyft,Lyft Shared,11.566263513723015,1.0,22.740961149015277
2022-02-11 23:48:00,Upper West Side,Bronx,40.72489160176479,-74.08983682256002,40.74308502927666,-74.00650682534923,Uber,UberX,11.32400914099794,1.0,22.317015996746395
2022-02-01 22:08:00,Bronx,Brooklyn,40.68986257429156,-74.0836797120979,40.626978512364865,-73.98280076832087,Uber,UberPOOL,3.75655115497729,1.0,9.073964521210257
2022-01-01 05:19:00,Staten Island,Manhattan,40.80217283537171,-74.08015210928596,40.61367792205192,-74.02349374433457,Uber,UberSUV,13.74890287372942,1.0,26.560580029026486
2022-01-19 20:24:00,Brooklyn,Harlem,40.67520828333963,-74.08928255094257,40.79252842594009,-73.9983323187,Uber,UberSUV,6.409583616894494,1.11,15.225616175817557
2022-03-24 08:47:00,Queens,Harlem,40.62364990750098,-74.07555474383332,40.77628632718436,-74.01451343489634,Uber,UberSUV,6.943712450424217,1.47,21.537700278716297
2022-02-27 08:56:00,Harlem,Financial District,40.80587560726131,-73.90919815790951,40.73312335854509,-73.91439885091748,Lyft,Lyft Shared,3.773253497593971,2.22,20.20908983815258
2022-01-04 12:36:00,Times Square,Staten Island,40.73845193155955,-74.05304200488935,40.700360177351264,-73.94186939362987,Lyft,Lyft XL,12.816223093914036,1.04,25.92552603092355
2022-02-07 04:02:00,Staten Island,Harlem,40.79758903865749,-73.94860487500854,40.67105794935282,-74.080698539005,Lyft,Lyft,7.77711451870217,1.0,16.109950407728796
2022-01-23 18:52:00,Bronx,Lower East Side,40.77635841793938,-73.91241136449143,40.66028515430716,-73.90618524802834,Uber,UberSUV,13.191527104913563,2.39,61.14856211630098
2022-03-13 23:10:00,Williamsburg,Financial District,40.719701128603596,-74.01273336131025,40.73658672319106,-74.0604157136442,Uber,UberSUV,4.645754377834034,1.46,15.519902435365957
2022-01-12 23:01:00,Upper East Side,Times Square,40.77363945540615,-74.03299557624611,40.6704184948605,-74.0472961715402,Uber,UberPOOL,9.391135883212302,1.07,20.259901941315036
2022-02-02 05:47:00,Harlem,Manhattan,40.79804395216511,-74.09051796835458,40.725884094088975,-74.07834616949505,Uber,UberXL,2.187651246100284,1.02,6.454957474289007
2022-03-18 22:17:00,Manhattan,Financial District,40.643477197827636,-73.99260055631945,40.713256670030816,-73.95624048143175,Uber,UberSUV,11.114688269916295,1.0,21.950704472353515
2022-03-20 18:05:00,Manhattan,Financial District,40.80896758607734,-73.94013893799602,40.785121203514876,-74.0684970777501,Lyft,Lyft XL,12.395017677909792,1.64,39.6737007356011
2022-03-22 00:10:00,Harlem,Upper West Side,40.76891340491307,-73.92380355370909,40.80965598726245,-74.03893500546478,Uber,UberBLACK,2.4630301607543266,1.09,7.423230031638878
2022-01-21 04:40:00,Staten Island,Upper West Side,40.66921567358039,-74.04106854633557,40.613346442065776,-73.91872173780169,Uber,UberBLACK,5.53632242920212,1.0,12.18856425110371
2022-02-27 17:41:00,Harlem,Brooklyn,40.79428624574034,-74.09336035729625,40.70171931620418,-74.02847843538434,Lyft,Lyft,5.060504652259269,1.39,15.78467756662067
2022-01-27 06:51:00,Manhattan,Central Park,40.661403254997744,-74.08751726938023,40.72473356736551,-74.02283617386155,Lyft,Lyft Black,14.074529681043684,1.0,27.130426941826446
2022-01-08 10:07:00,Financial District,Staten Island,40.68196140592036,-73.95074273354818,40.663869855600396,-74.02371261439163,Uber,UberX,3.0014321602918557,1.45,11.241134106740583
2022-01-02 23:05:00,Lower East Side,Upper West Side,40.65259054192502,-73.92206179453346,40.798158723894886,-74.10311856274603,Lyft,Lyft Black,10.530671447778193,2.0,41.85735006722368
2022-02-12 08:16:00,Times Square,Brooklyn,40.71172685208091,-73.93087550190961,40.69433199324137,-74.08890030443001,Lyft,Lyft Shared,9.605759676005368,1.67,32.24783265312569
2022-03-28 12:47:00,Staten Island,Queens,40.625079308161055,-73.93465458523404,40.678596985435114,-73.98947409691723,Lyft,Lyft Shared,2.441181394434931,1.27,8.600525649131635
2022-03-14 07:44:00,Times Square,Bronx,40.74506180478593,-73.96374971453156,40.6622103496342,-73.96496629953229,Uber,UberPOOL,8.771199360813704,2.52,44.98098918118843
2022-02-10 14:32:00,Queens,Upper East Side,40.76823846100662,-73.93849340056441,40.69963846762637,-74.00023208648994,Uber,UberXL,5.925172667117641,1.0,12.869052167455871
2022-02-21 14:53:00,Upper East Side,Times Square,40.67058758570905,-74.01901563045227,40.68810643591204,-73.96031379839299,Uber,UberSUV,13.527024200333603,1.1,28.789521585642188
2022-02-12 16:15:00,Upper East Side,Central Park,40.77730366924684,-74.02643237371002,40.63505456144551,-74.01037441068098,Uber,UberPOOL,6.9551152641155385,2.24,32.864051835332916
2022-03-12 00:18:00,Brooklyn,Manhattan,40.74853581503636,-74.0495026853825,40.70507907627468,-74.03754499883901,Uber,UberSUV,9.539512144802242,3.17,60.84544362329043
2022-01-06 18:17:00,Upper West Side,Upper East Side,40.63389854604574,-74.07048577887383,40.61559413546446,-73.98955854683325,Uber,UberBLACK,5.941796838735276,2.58,33.27721272688977
2022-02-23 23:57:00,Upper East Side,Central Park,40.660943502443985,-74.00655856916653,40.74014235932145,-73.96480973074965,Uber,UberSUV,2.828371192089748,1.0,7.449649586157059
2022-02-17 00:53:00,Upper West Side,Central Park,40.719942015514356,-74.0384590235165,40.80163849408073,-73.96998727677584,Lyft,Lyft,8.760471962264354,1.0,17.830825933962622
2022-03-26 03:26:00,Staten Island,Central Park,40.79044126339845,-74.08058804356703,40.667995856284335,-74.01542984566787,Uber,UberPOOL,7.719963179181782,1.2,19.211922676281745
2022-03-22 05:44:00,Lower East Side,Times Square,40.64145545900014,-73.91789992450853,40.69560726964404,-73.99490941699449,Lyft,Lyft Shared,5.951564029688581,1.05,13.560998904552767
2022-01-28 05:41:00,Times Square,Queens,40.66709687719447,-73.90723980648833,40.6363224513445,-74.06969264380302,Uber,UberXL,1.506729636217348,1.44,7.396958683267716
2022-02-27 20:59:00,Harlem,Lower East Side,40.6996949113039,-74.00899546887695,40.66644243610378,-74.09739684683439,Lyft,Lyft Shared,13.615524451851561,2.61,68.713907933832
2022-01-08 02:53:00,Queens,Times Square,40.67102799490529,-73.93884363224237,40.65965792878538,-74.02708245079246,Lyft,Lyft Black,9.58337384884037,1.9,36.614718047394234
2022-01-21 19:49:00,Bronx,Williamsburg,40.640879787841534,-74.00167724442498,40.688825191614065,-73.97843208909327,Lyft,Lyft Shared,9.869124646924556,1.24,24.516000483826286
2022-03-30 00:10:00,Williamsburg,Staten Island,40.806148227220476,-74.09351097363374,40.71353856867065,-74.09399188776608,Lyft,Lyft Shared,8.305995908509189,1.0,17.03549283989108
2022-01-02 21:25:00,Bronx,Central Park,40.61408329584903,-73.91245997104909,40.73891519331481,-73.96563416969377,Lyft,Lyft Shared,13.229064672972592,2.63,67.46177015735636
2022-01-20 09:10:00,Harlem,Staten Island,40.80847433463421,-73.9864054904157,40.642711400052605,-74.10328566512038,Lyft,Lyft XL,8.698405112822043,2.4,42.533301473852575
2022-01-08 11:58:00,Queens,Upper West Side,40.73856103231001,-73.92491295549145,40.70075758314307,-73.93977212068467,Uber,UberX,8.330512427554922,1.08,18.444668488078804
2022-02-27 13:41:00,Williamsburg,Williamsburg,40.78053470743205,-74.01406975254915,40.739836025547326,-73.96884186826027,Uber,UberX,6.543493507737087,1.12,15.625247275164691
2022-02-08 19:08:00,Williamsburg,Staten Island,40.6713179324111,-73.9555028935969,40.66878951806927,-73.9100008064438,Lyft,Lyft,6.640056810614052,2.1,29.65220877900664
2022-01-27 08:02:00,Harlem,Upper East Side,40.77193208911707,-73.95477122201405,40.802773911472244,-73.93321131808116,Lyft,Lyft Shared,3.7560432697212685,1.99,18.055420686804318
2022-02-05 04:37:00,Harlem,Financial District,40.66220878558486,-73.91246937948813,40.61525557327115,-74.05031071643177,Uber,UberBLACK,1.319580331808369,1.0,4.809265580664645
2022-01-23 14:59:00,Financial District,Times Square,40.71123630624214,-73.99475360479587,40.64193113709217,-73.97985097335722,Uber,UberBLACK,5.801066419046874,1.77,22.39380323299769
2022-03-21 11:47:00,Lower East Side,Queens,40.73590716603323,-73.97861425009728,40.742715443617506,-74.01978125652339,Lyft,Lyft Shared,10.059511919779268,1.0,20.10414585961372
2022-03-27 11:36:00,Manhattan,Lower East Side,40.800984453472466,-73.90974682859687,40.61296420666994,-73.91565317945901,Uber,UberXL,14.722834217264666,1.1,31.091455868234483
2022-02-11 20:19:00,Times Square,Queens,40.669779363186855,-74.02666006775956,40.806300661484464,-73.96123103580379,Lyft,Lyft Shared,5.20468249722231,1.04,12.072522144944605
2022-03-17 03:00:00,Central Park,Staten Island,40.732605667731974,-74.00400612670171,40.7431840981192,-73.96031844392387,Lyft,Lyft,6.224817460094633,1.0,13.393430555165608
2022-02-01 10:19:00,Manhattan,Central Park,40.64401058155716,-73.95332354050478,40.718403912655,-73.9898744874212,Uber,UberBLACK,8.005382770289692,1.0,16.509419848006964
2022-03-25 06:25:00,Upper East Side,Harlem,40.77031975737883,-74.09290824462273,40.69521915942349,-74.06092367342615,Lyft,Lyft Shared,13.088030437374702,1.0,25.40405326540573
2022-03-07 07:15:00,Central Park,Brooklyn,40.7484644902347,-74.05186977001962,40.61723441861726,-73.91684588713542,Lyft,Lyft,3.3838271926841497,1.2,10.106037104636714
2022-01-19 21:18:00,Central Park,Times Square,40.641741813452725,-73.96335990772651,40.74101373289592,-73.97619674061548,Uber,UberX,2.5655147646613523,1.16,8.107994972262546
2022-01-20 19:50:00,Central Park,Upper West Side,40.61368654796729,-74.04938387158968,40.66089158430315,-73.9896628131763,Lyft,Lyft,12.038943761723006,1.17,27.574737352127855
2022-03-11 09:45:00,Times Square,Brooklyn,40.69871535289211,-73.91226730337146,40.694952450219965,-74.10128787710781,Lyft,Lyft XL,6.402322691127564,2.4,32.889755302735765
2022-01-28 19:33:00,Lower East Side,Harlem,40.67624257632269,-73.90963232970566,40.73301363067673,-73.92160314017536,Lyft,Lyft Black,6.511137046459975,2.02,28.06686945923601
2022-02-08 07:14:00,Queens,Manhattan,40.7940708825456,-74.04873680308287,40.78694694796878,-73.91126400337635,Uber,UberBLACK,13.489658134692458,1.98,51.691665436709364
2022-02-15 02:06:00,Queens,Times Square,40.78177340245287,-73.94660751186092,40.79992714555369,-74.018709801781,Lyft,Lyft XL,3.8290507070536064,1.0,9.200838737343812
2022-03-08 06:05:00,Bronx,Manhattan,40.656571603002874,-74.08333163413437,40.63116647109905,-73.99003635306103,Uber,UberPOOL,4.879579648137227,1.0,11.039264384240148
2022-02-09 02:10:00,Williamsburg,Bronx,40.73513858421263,-74.1056293772376,40.71027059764273,-73.97286364863784,Uber,UberX,11.711484766827368,1.12,25.754510142981644
2022-01-11 21:14:00,Financial District,Financial District,40.66405656318715,-74.02507524919136,40.66944360899605,-73.98910729264402,Uber,UberX,13.425936090174414,1.6,41.59262105248836
2022-03-14 19:43:00,Upper East Side,Queens,40.81141062064805,-73.9934692000101,40.644129683701685,-73.98366774939451,Uber,UberBLACK,11.032300009213447,1.5,32.7097875241853
2022-03-21 03:21:00,Staten Island,Williamsburg,40.64313545647629,-73.94120166922309,40.61825232785109,-74.09685138907636,Uber,UberPOOL,14.337117541158898,1.2,33.10794683643368
2022-02-24 10:25:00,Williamsburg,Manhattan,40.742303786264024,-73.96333568264453,40.73836166349171,-74.03396101235106,Lyft,Lyft XL,10.472372221630206,1.0,20.82665138785286
2022-02-14 12:41:00,Central Park,Manhattan,40.75250045658117,-73.99488315819586,40.715920087349105,-73.94548714425474,Lyft,Lyft,13.074773392171158,1.0,25.380853436299528
2022-02-02 09:15:00,Lower East Side,Bronx,40.734037313503286,-74.00969884485335,40.700863581908465,-74.0440365745906,Uber,UberPOOL,11.077404359401415,2.04,44.64633356306305
2022-02-06 18:59:00,Upper East Side,Central Park,40.73654253288163,-74.07027820222262,40.62462422400317,-73.9497202379414,Uber,UberSUV,9.075607657466609,1.98,36.3969805331218
2022-01-15 18:21:00,Bronx,Times Square,40.68634219467718,-74.02417945824575,40.74950843975066,-73.90620050943073,Uber,UberPOOL,6.716374943716307,1.24,17.67453362786439
2022-03-01 18:49:00,Central Park,Upper East Side,40.70296306272675,-74.05084198693999,40.776023626565724,-74.03875065547602,Lyft,Lyft,4.9610036249709175,1.09,12.188114414632027
2022-02-28 14:18:00,Williamsburg,Central Park,40.70871811831124,-74.04370378935549,40.682654035792396,-73.9831021469566,Lyft,Lyft XL,6.946632951871958,1.0,14.656607665775926
2022-03-22 09:40:00,Brooklyn,Central Park,40.65304170373823,-73.96496751245562,40.69005344127973,-74.06582178309317,Lyft,Lyft XL,1.6052056976328948,1.89,10.0342178449208
2022-03-02 05:58:00,Harlem,Manhattan,40.72194171836175,-73.92669631800369,40.78042868641958,-74.08504128271483,Lyft,Lyft XL,9.308768707324305,1.04,19.541959047330234
2022-02-26 23:04:00,Upper West Side,Brooklyn,40.759639431096154,-74.01303126183826,40.646494279441505,-74.01676896304639,Lyft,Lyft,14.146266032114637,2.25,61.32592250145138
2022-02-16 18:10:00,Lower East Side,Upper West Side,40.65930835646694,-74.04277964624896,40.77577871500268,-74.0568033292991,Uber,UberX,6.715693822804569,2.16,30.785322650201273
2022-03-30 02:13:00,Manhattan,Staten Island,40.63028728609472,-74.00911790544242,40.785125491482006,-73.94202816088233,Uber,UberXL,4.102774423256506,1.06,10.26064655514082
2022-03-24 22:54:00,Bronx,Times Square,40.73902305901477,-73.94099836135275,40.8121333441984,-74.09268359535663,Uber,UberX,6.9453971772995775,1.07,15.68025621449346
2022-01-02 23:18:00,Queens,Times Square,40.77726132541462,-73.92985092961962,40.68839972507298,-74.00320131143178,Uber,UberXL,3.083616157183918,2.65,20.92526992894042
2022-03-28 22:52:00,Lower East Side,Central Park,40.70597167307664,-73.9911413121371,40.80754037347499,-73.9361244016128,Lyft,Lyft Shared,12.974431557714986,1.0,25.205255226001228
2022-03-28 14:42:00,Williamsburg,Financial District,40.72420285703146,-73.97246070747707,40.74312879778507,-73.98708646182747,Lyft,Lyft XL,3.8442461919412114,1.0,9.22743083589712
2022-01-16 09:04:00,Manhattan,Williamsburg,40.66622774977041,-74.06690901070223,40.71314747067381,-73.92846180443134,Uber,UberPOOL,2.748952260303592,2.32,16.960746176832583
2022-02-15 03:44:00,Williamsburg,Upper West Side,40.614907782017035,-74.0067335453834,40.68780774323646,-73.92232197398923,Lyft,Lyft Black,4.203073712615259,1.0,9.855378997076704
2022-03-03 03:06:00,Upper East Side,Harlem,40.616786508487706,-73.97717369487808,40.712825404223665,-73.97762411331696,Uber,UberXL,8.162253466121696,1.12,18.798016793598524
2022-02-16 18:34:00,Harlem,Financial District,40.66561382614907,-74.06392875463277,40.795969383421536,-74.04111240860333,Lyft,Lyft Shared,6.027998526076255,1.63,21.269865795632516
2022-03-30 22:16:00,Upper West Side,Central Park,40.80285172188505,-73.97364527707613,40.78581031139335,-73.98875865332235,Uber,UberSUV,1.0159436216857594,1.3,5.561271739335102
2022-01-17 12:24:00,Staten Island,Harlem,40.74636413552334,-74.07364431705759,40.67567533075972,-73.929586491902,Uber,UberPOOL,12.304353088528929,1.0,24.032617904925626
2022-03-09 00:26:00,Williamsburg,Upper West Side,40.75918637462287,-73.91855597113714,40.68957573049948,-74.04154255602731,Lyft,Lyft Shared,3.922881871053515,1.0,9.365043274343652
2022-03-13 10:56:00,Harlem,Staten Island,40.6386440713049,-74.0607186597755,40.6712714973251,-73.91693644751908,Uber,UberBLACK,8.37168286109748,1.04,17.836462807197414
2022-03-30 00:12:00,Lower East Side,Manhattan,40.78605356641009,-74.07879889036,40.63026956349847,-73.91381518801778,Lyft,Lyft Shared,11.540399299537206,1.22,27.68875250451194
2022-02-09 11:50:00,Lower East Side,Williamsburg,40.7236802178429,-74.08300815571751,40.72421236418196,-73.96444608169296,Lyft,Lyft Black,12.059735807921745,1.0,23.604537663863056
2022-03-01 01:16:00,Staten Island,Financial District,40.61467021369945,-74.0532660895425,40.70735801980428,-73.93228776404112,Uber,UberBLACK,12.317898549865989,1.07,25.740265034624066
2022-02-20 07:16:00,Upper West Side,Times Square,40.69074202583912,-74.05008789242858,40.74744134116319,-74.05282284874353,Lyft,Lyft,3.1102082426757924,1.49,11.834867992777129
2022-02-21 12:35:00,Central Park,Brooklyn,40.77079742441133,-74.02997437752106,40.66101407589378,-73.90907779280153,Lyft,Lyft XL,7.981210192026197,1.02,16.796460192766762
2022-02-12 15:58:00,Williamsburg,Manhattan,40.64563786476428,-73.96116741908875,40.80846366844624,-74.0350450437942,Uber,UberBLACK,13.877919939156039,1.0,26.786359893523066
2022-01-31 21:51:00,Upper West Side,Lower East Side,40.68689713606799,-74.09935034023677,40.62626289772505,-74.00004786634577,Lyft,Lyft,4.557630744649211,1.0,10.47585380313612
2022-01-17 12:28:00,Times Square,Upper West Side,40.680970426794566,-74.08827059227472,40.69352231146803,-73.91996547176731,Uber,UberSUV,14.863196175232021,1.24,35.35313570025349
2022-03-08 04:18:00,Bronx,Bronx,40.68955815060892,-74.08393959533973,40.6370722602783,-73.96922739910502,Lyft,Lyft,13.913133932132773,1.0,26.84798438123235
2022-03-29 11:13:00,Harlem,Brooklyn,40.65550330685926,-73.95832764803113,40.72952576889357,-74.08409863465779,Lyft,Lyft Black,10.150151309369583,1.29,26.138966580901833
2022-03-01 15:21:00,Times Square,Brooklyn,40.80831600891595,-73.90822955681847,40.65400416765893,-74.05982632944848,Uber,UberBLACK,9.874467152377782,1.32,26.110019121992682
2022-01-13 10:19:00,Queens,Lower East Side,40.6753442120959,-73.98193672907458,40.754362242814345,-73.96877857762382,Uber,UberSUV,10.160040299001158,1.0,20.28007052325203
2022-02-18 18:13:00,Williamsburg,Times Square,40.71410574571161,-74.06928705247151,40.69644965425516,-74.07932015047442,Lyft,Lyft Black,13.527073222312328,1.54,40.305462334131725
2022-01-27 03:29:00,Queens,Upper East Side,40.75542244718149,-74.06180143998705,40.715461275891236,-74.09897905017498,Uber,UberPOOL,13.099526527195355,1.07,27.203863422173306
2022-02-25 02:21:00,Upper West Side,Upper West Side,40.765098089494536,-73.9619404564837,40.79452823862428,-74.05611697549814,Uber,UberX,4.555097735619604,1.0,10.471421037334308
2022-03-08 09:08:00,Central Park,Central Park,40.61626811254195,-74.03349121994503,40.772802849156506,-74.08045815429443,Uber,UberPOOL,12.797661188186606,1.94,48.298059733893524
2022-03-16 18:47:00,Times Square,Bronx,40.62927649206882,-74.09413306785503,40.695737839361435,-74.0671865314494,Uber,UberBLACK,9.802305314468292,3.24,63.679071133035215
2022-02-09 04:34:00,Upper East Side,Bronx,40.662829648832044,-73.94316906373871,40.81277391079411,-74.01232334734914,Uber,UberX,5.133108207779446,1.02,11.712598150886311
2022-01-01 14:26:00,Brooklyn,Bronx,40.638033049317045,-74.02306931219843,40.75699603995455,-73.95081604675698,Uber,UberPOOL,3.5634392202611207,1.13,9.871701058066366
2022-01-17 18:53:00,Brooklyn,Brooklyn,40.64821588630895,-74.03385648171177,40.662518612401314,-74.03596613716437,Uber,UberXL,9.761698496029982,2.2,43.082539209715435
2022-01-08 00:20:00,Times Square,Manhattan,40.79340660319102,-73.92322880615698,40.68723442838686,-74.0555437081374,Uber,UberXL,5.8645508226807115,3.19,40.71385496761507
2022-01-31 18:00:00,Times Square,Lower East Side,40.81196277593884,-74.0351528540022,40.713437585698074,-74.03039475961172,Lyft,Lyft Shared,8.225143023854361,2.2,37.166800641839295
2022-03-25 14:07:00,Bronx,Harlem,40.73838145204847,-74.06181276740556,40.787367908706194,-73.95900290567602,Lyft,Lyft Shared,13.92351357943226,1.0,26.866148764006454
2022-03-01 17:44:00,Queens,Queens,40.791060562135286,-73.98800827136407,40.720921186903404,-74.03812071997436,Uber,UberBLACK,1.7873626334600754,1.49,8.385548066747146
2022-01-17 21:18:00,Upper East Side,Williamsburg,40.65227817479891,-73.96170444853416,40.74314930235729,-73.96528344157302,Lyft,Lyft XL,3.29984256328616,1.0,8.274724485750781
2022-03-10 21:23:00,Brooklyn,Bronx,40.7283587436363,-74.04682142346581,40.62221954362349,-73.98529432829693,Lyft,Lyft,4.321137736831609,1.07,10.766330412217188
2022-02-18 23:15:00,Central Park,Upper East Side,40.71254490889708,-74.05623103214802,40.697433157218576,-74.07254962082345,Lyft,Lyft Black,12.802263415436427,1.0,24.903960977013746
2022-01-17 00:52:00,Bronx,Manhattan,40.778381425843925,-74.08396562308728,40.6319272236834,-74.04383783860891,Uber,UberSUV,2.864208115142372,1.28,9.615826177918914
2022-02-01 04:24:00,Upper East Side,Williamsburg,40.808247866614266,-74.07938302492676,40.76235008830262,-74.09113991219883,Uber,UberX,9.375504605783911,1.0,18.907133060121843
2022-03-14 19:18:00,Upper East Side,Bronx,40.71401511071286,-73.9250221916867,40.7280862109553,-74.04577182859788,Uber,UberSUV,2.728388208375893,1.88,13.676397205556686
2022-03-05 09:20:00,Brooklyn,Central Park,40.68747838733952,-73.9384160974361,40.6583987611717,-73.97186160648162,Lyft,Lyft Black,1.7257806036398573,2.04,11.261036754994292
2022-03-08 04:17:00,Brooklyn,Upper West Side,40.672125952661325,-74.03292123065994,40.65443030114621,-74.06605608376616,Uber,UberSUV,8.420362078633197,1.0,17.235633637608096
2022-01-04 10:33:00,Williamsburg,Times Square,40.76189307649392,-74.02909759411052,40.64453320795635,-73.98973528810058,Lyft,Lyft XL,12.91015173203535,1.15,28.856680360721143
2022-02-23 17:03:00,Manhattan,Times Square,40.65345347984415,-74.00385666062327,40.717656282882956,-74.09210554532889,Lyft,Lyft Shared,13.80326351589608,2.44,65.03993521287627
2022-01-03 15:18:00,Upper East Side,Lower East Side,40.69146807417309,-73.91889889361663,40.636961133493074,-73.92757499055968,Lyft,Lyft XL,9.464000522499246,1.08,20.586960987523575
2022-01-03 18:24:00,Times Square,Harlem,40.66417614754117,-74.08002605453531,40.80912742353636,-74.09897412717693,Lyft,Lyft Black,9.535961708942681,2.07,39.71902129064486
2022-03-05 13:51:00,Harlem,Financial District,40.71815093633869,-74.02013411872362,40.72379317627506,-73.99294143504078,Lyft,Lyft,12.779947509052668,1.0,24.864908140842168
2022-01-14 15:11:00,Lower East Side,Staten Island,40.7688425994685,-73.92561740812774,40.769092180533846,-73.97125130205067,Uber,UberSUV,13.024482366476057,1.07,27.063343231226415
2022-02-13 23:06:00,Times Square,Upper East Side,40.6536713033695,-73.92381164731505,40.70689008324821,-74.09576746596542,Uber,UberXL,6.439751365295589,3.66,50.396607494718246
2022-02-14 06:02:00,Staten Island,Queens,40.63679404542024,-74.07038701859744,40.65656693539284,-74.00328667726913,Lyft,Lyft XL,10.861425679776168,1.0,21.507494939608293
2022-02-23 16:03:00,Financial District,Times Square,40.63098343982907,-74.00653054581008,40.729791105384564,-74.08115238295231,Uber,UberBLACK,11.605409476240906,1.49,33.98610520929816
2022-03-04 03:19:00,Times Square,Central Park,40.684572301172594,-74.10138927699309,40.6761970536664,-74.03006935601093,Uber,UberBLACK,4.351190388945603,1.52,15.374166434595303
2022-01-03 22:26:00,Bronx,Brooklyn,40.76250106263572,-74.06461136315677,40.69078890533441,-74.00450682955217,Uber,UberSUV,6.067790772052698,1.24,16.267105975354355
2022-03-08 16:08:00,Times Square,Upper East Side,40.654077411166966,-73.95625815182505,40.71801511256019,-74.0407906359476,Lyft,Lyft Black,14.452376178725107,2.54,70.5908121144331
2022-02-24 01:21:00,Financial District,Manhattan,40.733192905619184,-73.91675282744663,40.74254360373276,-74.0390145674283,Lyft,Lyft,9.452337900068164,1.26,23.992405069650303
2022-03-31 17:31:00,Times Square,Lower East Side,40.73108899259536,-74.08583568372208,40.644450392690175,-73.90835084606225,Lyft,Lyft XL,6.776211500096117,1.42,20.38888557773885
2022-02-02 05:33:00,Queens,Lower East Side,40.615212876237635,-74.07078766374563,40.76460936684651,-74.01815109204308,Lyft,Lyft,9.241772353548871,1.0,18.673101618710525
2022-02-27 20:17:00,Times Square,Central Park,40.797103654927945,-74.10256615484202,40.72985402101548,-74.09233820716518,Uber,UberX,1.5063994248404753,3.22,16.53856075897608
2022-02-03 15:21:00,Upper West Side,Brooklyn,40.727427031695306,-73.98502680366511,40.744776130634406,-74.07218746055057,Lyft,Lyft,8.90998256957033,1.0,18.092469496748077
2022-03-28 05:47:00,Upper East Side,Lower East Side,40.79707659491774,-74.04542146627082,40.742429280897404,-73.92421902778271,Lyft,Lyft,6.541585101807846,1.0,13.94777392816373
2022-03-31 20:54:00,Manhattan,Williamsburg,40.67620513666311,-73.93840981023507,40.766582810103756,-74.02078295477428,Uber,UberXL,2.934310260309369,1.18,9.009350687538847
2022-01-05 11:41:00,Brooklyn,Brooklyn,40.621539234482356,-74.10283170324674,40.69881438798108,-73.91748113487229,Lyft,Lyft XL,5.594938848557854,1.11,13.643168713323634
2022-02-21 00:22:00,Times Square,Williamsburg,40.78028412497665,-74.08028490853562,40.65364444232376,-74.07559961644075,Uber,UberBLACK,9.263014579290514,1.53,28.626721536050354
2022-03-11 09:02:00,Brooklyn,Manhattan,40.62905169063422,-73.94121688182788,40.74110365371726,-73.91365384566542,Lyft,Lyft,2.115917567767851,1.88,11.661368797956229
2022-02-12 15:33:00,Times Square,Times Square,40.63338385562139,-74.00850755997298,40.687214821260014,-73.98850854648794,Lyft,Lyft Black,9.250835880368912,1.39,25.977658278997378
2022-01-21 07:52:00,Manhattan,Manhattan,40.65742179936178,-74.00247588425438,40.76465380421432,-73.96826848181611,Lyft,Lyft,14.284363910081943,1.58,43.446266211376575
2022-01-15 15:00:00,Queens,Brooklyn,40.61482528563377,-74.00944850890822,40.78694419279099,-73.999073364228,Uber,UberX,12.261243301248015,1.0,23.957175777184027
2022-02-20 19:12:00,Upper West Side,Harlem,40.683585613237675,-73.97370709950442,40.66707094916764,-74.05982403719467,Lyft,Lyft Shared,5.480135881719179,1.37,16.563625776421734
2022-02-07 12:22:00,Upper East Side,Financial District,40.617677829672424,-74.08847969663661,40.759477377845535,-73.94907489862199,Lyft,Lyft,9.245195924668357,1.0,18.679092868169626
2022-03-28 20:02:00,Central Park,Upper West Side,40.72911791701275,-74.06753029086534,40.781596421590145,-74.02053281048656,Uber,UberSUV,12.464164090784857,1.0,24.3122871588735
2022-03-28 08:09:00,Harlem,Williamsburg,40.63387094359792,-74.02920218157062,40.68968256414872,-73.92516019152545,Uber,UberX,3.147549730254323,1.85,14.815192251698372
2022-01-21 07:40:00,Central Park,Upper West Side,40.645756488111665,-73.98843256545834,40.61702682053014,-73.94216011141087,Uber,UberX,8.163517454126012,1.87,31.390110868627378
2022-01-02 17:03:00,Bronx,Harlem,40.71718459282613,-73.92098543925844,40.78050406818651,-73.93413528042352,Uber,UberBLACK,6.670252629811806,1.83,25.93648404697231
2022-03-03 17:50:00,Bronx,Bronx,40.723971648453386,-73.95917955407751,40.684260128272896,-73.96831414754318,Lyft,Lyft XL,10.406429289948399,1.72,35.62335216274468
2022-03-04 17:14:00,Central Park,Staten Island,40.74804650038016,-73.91952916490925,40.647688598719185,-73.9937310709775,Lyft,Lyft Black,11.743960055078137,1.38,31.8116635330137
2022-02-26 00:55:00,Staten Island,Manhattan,40.79301731864333,-74.00245559775018,40.77859750572149,-73.94900608301147,Lyft,Lyft Shared,1.5067822305677232,1.9,9.760050916637681
2022-02-04 23:16:00,Upper West Side,Queens,40.66176107545909,-74.09498636839669,40.775590571623056,-73.92573433064798,Lyft,Lyft Shared,3.8495228928349823,1.01,9.329031713085831
2022-02-14 15:13:00,Brooklyn,Williamsburg,40.69028326303129,-73.93936064165175,40.73309536547768,-74.05511709519135,Lyft,Lyft Black,7.938374255515026,1.03,16.883919595565832
2022-03-21 19:47:00,Upper East Side,Central Park,40.74870539871061,-73.92884178357203,40.734597056729484,-74.02920955993767,Uber,UberSUV,3.077738989751855,1.72,13.563994359153083
2022-03-15 17:53:00,Times Square,Upper East Side,40.68739125100097,-74.09443511865071,40.6553131868024,-74.05859174298197,Lyft,Lyft Shared,12.108113807225344,2.1,49.74731824155314
2022-02-13 13:55:00,Manhattan,Times Square,40.79438015180446,-74.0619955661149,40.78482940614763,-73.95208888816504,Uber,UberSUV,3.931927072746804,1.0,9.380872377306908
2022-03-05 19:08:00,Central Park,Bronx,40.79029196696845,-73.98698885246726,40.629227341756156,-73.94626056065295,Lyft,Lyft Black,13.62242284159506,2.3,60.58025193742011
2022-01-16 08:58:00,Staten Island,Williamsburg,40.61391828894441,-73.90902749053097,40.796972469527326,-73.90715504124545,Uber,UberSUV,6.2152721939554745,1.85,24.74694372793085
2022-03-18 07:17:00,Bronx,Financial District,40.73285517678575,-74.08534421213434,40.762539146104395,-74.0531365488161,Uber,UberBLACK,13.77325384518473,1.43,38.042567747574786
2022-03-02 14:29:00,Times Square,Queens,40.66438555368379,-73.96998982717601,40.680719842185965,-73.95908547189653,Lyft,Lyft Black,1.3995718847186138,1.85,9.156113976776512
2022-01-27 19:04:00,Financial District,Manhattan,40.73988679994638,-74.03637203335568,40.63888791103966,-74.08813577072448,Uber,UberSUV,2.0921753546951294,1.82,11.213578504703987
2022-01-17 00:33:00,Financial District,Upper East Side,40.621664358107815,-73.92407136670478,40.72029438500728,-73.94763409947464,Uber,UberSUV,1.2958559053564431,1.63,7.771428970029254
2022-03-04 04:20:00,Central Park,Brooklyn,40.76174783090874,-74.07474203914057,40.76458460425491,-73.96388526033981,Uber,UberBLACK,14.86971497063117,1.25,35.65250149825569
2022-01-03 07:22:00,Upper East Side,Brooklyn,40.78250740242956,-74.0408934294732,40.64757623717287,-73.9519823330911,Uber,UberXL,2.995958933104383,2.24,17.344159017769183
2022-03-21 12:23:00,Queens,Upper West Side,40.67756419194905,-73.99100928792679,40.724856990820136,-73.9704121847108,Lyft,Lyft Black,10.615391009338827,1.0,21.07693426634295
2022-01-20 10:41:00,Brooklyn,Manhattan,40.80874657913971,-74.00526900952347,40.793865397084936,-73.926251442193,Uber,UberXL,1.1501641607717799,1.0,4.512787281350615
2022-03-12 23:19:00,Staten Island,Staten Island,40.69152245113174,-74.10355335170595,40.64039006000407,-73.98829177814258,Lyft,Lyft,12.701347637499474,1.92,47.47652806199822
2022-01-25 06:28:00,Financial District,Upper East Side,40.77929589698305,-74.09657053178066,40.76984219965016,-74.09952164830827,Uber,UberBLACK,4.643179246704915,1.11,11.794375686724297
2022-01-23 02:56:00,Bronx,Manhattan,40.71300159883668,-73.94436325436847,40.738901485037076,-73.9532073623487,Lyft,Lyft Shared,12.589535235012669,1.29,31.6458757930411
2022-02-06 04:24:00,Brooklyn,Queens,40.810534213936585,-74.00457592931157,40.72006516749894,-73.93241835238938,Uber,UberSUV,4.648085148607517,1.22,12.97366179227705
2022-01-17 13:05:00,Lower East Side,Manhattan,40.76827698069417,-73.90887088796455,40.77090904830723,-74.0566027485104,Lyft,Lyft,12.066818144659598,1.0,23.616931753154297
2022-01-21 18:28:00,Financial District,Central Park,40.62102851131832,-74.07376682971022,40.79920006269421,-74.09716305504305,Uber,UberSUV,5.982438690993911,2.33,30.218393762527676
2022-01-23 14:35:00,Central Park,Harlem,40.68174666428774,-73.99204250730835,40.627123506925855,-74.03202811927385,Uber,UberX,4.629321982847106,1.24,13.145628702778222
2022-03-01 04:18:00,Bronx,Staten Island,40.776098241088796,-74.03912398967222,40.73208991196292,-73.99121081876504,Lyft,Lyft Shared,8.324019130310525,1.19,20.30976983887167
2022-03-02 14:13:00,Manhattan,Central Park,40.70502959849498,-74.05675320953229,40.6161873977209,-73.9220884586287,Uber,UberPOOL,7.929530221554394,1.0,16.37667788772019
2022-03-10 09:36:00,Upper East Side,Manhattan,40.8125556590349,-74.06131841279398,40.72101161107053,-74.02599450568088,Uber,UberSUV,2.5269571888182525,1.61,11.144701879495427
2022-03-19 08:30:00,Staten Island,Times Square,40.683122230228484,-74.03068095218975,40.701989620372906,-73.9144802135686,Lyft,Lyft XL,4.716376570237175,1.57,16.88324462672664
2022-01-03 21:32:00,Upper West Side,Harlem,40.782860662652126,-73.92358212852307,40.79855896872141,-74.00777328542488,Lyft,Lyft,4.065302376231017,1.12,10.767992657412794
2022-01-10 11:40:00,Harlem,Harlem,40.78298316880853,-73.98894826534672,40.63543360498781,-73.92493331446197,Uber,UberBLACK,5.783736578163344,1.0,12.621539011785853
2022-02-09 15:39:00,Times Square,Brooklyn,40.681634292312026,-74.10536424109499,40.756670622566304,-74.04328345536247,Lyft,Lyft Black,9.3942836366012,1.2,22.72799563686252
2022-01-19 07:12:00,Williamsburg,Times Square,40.66859340159256,-73.9064082230669,40.725531682721986,-73.96839371778103,Uber,UberSUV,14.533332772986787,1.78,49.72133158785385
2022-03-13 17:33:00,Upper West Side,Queens,40.72180168774824,-73.95318171658589,40.740088325830826,-74.00965320925464,Uber,UberPOOL,12.150773407547778,2.18,51.805200549794776
2022-01-17 20:22:00,Manhattan,Upper West Side,40.66196489824862,-73.9371809828179,40.65884313444276,-74.0218902800899,Uber,UberPOOL,14.857624106508954,1.0,28.50084218639067
2022-03-24 20:56:00,Upper West Side,Central Park,40.799481216139974,-74.02715824478138,40.75801810076666,-74.08041220945583,Uber,UberSUV,3.371874995408038,1.19,9.996929677937237
2022-02-22 05:25:00,Upper West Side,Harlem,40.769387040110935,-74.0888380128801,40.7185767569605,-73.99071711253328,Lyft,Lyft Shared,3.489271692332621,1.09,9.380785753124474
2022-01-24 21:02:00,Financial District,Staten Island,40.701540261722975,-73.94306199259539,40.73585430734955,-74.01440938035019,Lyft,Lyft Shared,1.7557098399221114,1.57,8.748812785186
2022-01-03 16:03:00,Times Square,Staten Island,40.71040058725616,-74.02371131526965,40.672462909233104,-74.00735677973198,Uber,UberPOOL,8.603103549750973,2.93,51.43741345134812
2022-01-11 10:23:00,Harlem,Upper East Side,40.78491717100658,-74.04696034589642,40.74441336718141,-73.99488433859504,Lyft,Lyft XL,7.895609925281576,1.18,19.254434495706455
2022-01-21 02:17:00,Financial District,Harlem,40.75538673198253,-73.91341445133462,40.673595504747716,-73.92298986714464,Lyft,Lyft Shared,3.893047860023988,1.01,9.405962092592398
2022-01-28 07:19:00,Upper West Side,Times Square,40.6741379447582,-73.99645215003434,40.76768134911418,-73.95292628215633,Lyft,Lyft Black,5.175467542877627,2.54,29.354953228091052
2022-01-24 13:26:00,Harlem,Williamsburg,40.66680573514921,-73.9515195647184,40.62498628251283,-73.9898134960406,Uber,UberX,9.315535534718082,1.11,20.870427776189878
2022-03-09 02:55:00,Financial District,Williamsburg,40.79375683113261,-73.98990876692469,40.74433783743376,-74.07307049206608,Lyft,Lyft Shared,1.6459834794904198,1.56,8.393534899008847
2022-02-23 19:11:00,Queens,Central Park,40.64058904931162,-73.94799637132932,40.696038222081,-73.98717054369493,Uber,UberBLACK,8.718516125839407,1.85,32.85119595740508
2022-01-18 02:37:00,Brooklyn,Williamsburg,40.75013263979203,-74.07800658915718,40.67859612802858,-73.92367515940845,Uber,UberSUV,1.165895632793288,1.01,4.585720530962137
2022-03-30 20:34:00,Williamsburg,Harlem,40.654596932957965,-74.06241704384986,40.620881258029755,-73.93839868523744,Lyft,Lyft Black,12.95006350360343,1.0,25.162611131306
2022-01-27 22:21:00,Harlem,Brooklyn,40.639369003642585,-74.0026205997598,40.78791550037384,-73.96698591032015,Uber,UberBLACK,7.460987551608449,1.28,19.912612115602926
2022-01-30 02:32:00,Williamsburg,Bronx,40.75972403296375,-74.05292011574713,40.670599699428905,-73.97219746434087,Lyft,Lyft XL,5.647743260772795,2.58,31.94956082238917
2022-01-27 21:47:00,Bronx,Times Square,40.63439037869877,-73.93326546939616,40.631994819077384,-73.9627958339432,Lyft,Lyft Black,8.82637012686656,1.21,21.71483874363994
2022-03-23 15:13:00,Financial District,Upper West Side,40.67869354630242,-73.98075075528298,40.80843927877,-74.09891544243753,Uber,UberBLACK,14.781344136551983,1.49,42.2673548360593
2022-03-28 00:33:00,Times Square,Bronx,40.751871314685395,-73.9523930372934,40.69743892222486,-73.95276870217533,Uber,UberX,8.606406188087437,1.0,17.561210829153016
2022-02-27 07:23:00,Central Park,Williamsburg,40.64963537143436,-74.03572951929507,40.70331951110078,-74.05060715295195,Uber,UberPOOL,10.69912246536154,2.63,55.81771114682649
2022-02-15 02:55:00,Williamsburg,Upper West Side,40.71841155034921,-74.08361093839144,40.785259643941416,-74.01103836227493,Lyft,Lyft,2.4322224276180267,1.17,7.90497542054791
2022-01-27 03:02:00,Financial District,Queens,40.780471194558665,-74.04929498206157,40.63981392553214,-74.07976464540788,Lyft,Lyft Shared,10.315027006281886,1.24,25.483608603631694
2022-03-30 04:15:00,Times Square,Lower East Side,40.71193705079052,-74.08283968610664,40.78240844208858,-74.02966654569094,Uber,UberSUV,6.757728787489634,1.18,16.904709946166093
2022-02-11 01:00:00,Lower East Side,Harlem,40.723762871729214,-74.03731157143747,40.65722737800869,-73.98397749429182,Lyft,Lyft Black,7.584233814087353,1.0,15.772409174652868
2022-01-02 02:29:00,Brooklyn,Bronx,40.67711572264038,-74.09963535904737,40.64592282942658,-73.93848185866852,Lyft,Lyft XL,9.764435714916651,1.57,30.752787126733498
2022-02-10 22:45:00,Manhattan,Lower East Side,40.68327766217094,-74.02451584797866,40.68021896332479,-74.10277856325344,Lyft,Lyft,11.290906118428707,1.07,23.817221706757753
2022-03-24 17:57:00,Lower East Side,Staten Island,40.81191373437772,-73.95383358670227,40.69823207123053,-74.03315431982523,Uber,UberSUV,2.440913126367527,2.34,15.845539252475023
2022-03-12 14:07:00,Staten Island,Bronx,40.62142247447895,-74.00333286659755,40.63957462557367,-74.01316205838252,Lyft,Lyft,3.2034585225994516,1.0,8.10605241454904
2022-01-30 08:53:00,Bronx,Queens,40.66023599548136,-73.9253611467273,40.65905125524806,-74.06675816087045,Lyft,Lyft Shared,14.20636068350053,2.07,56.63754157598066
2022-03-24 22:07:00,Manhattan,Central Park,40.61878372173536,-73.97535692878647,40.74577089254511,-74.05256679830711,Uber,UberBLACK,3.9268469984043524,1.0,9.371982247207617
2022-03-05 01:55:00,Upper East Side,Central Park,40.643973845058945,-73.99983673103372,40.6960186629989,-74.04751113381948,Lyft,Lyft Black,12.411171815401902,2.05,49.65007888775432
2022-03-29 02:57:00,Upper West Side,Queens,40.77738187348746,-74.07578609239387,40.80760229194465,-73.93545162902579,Lyft,Lyft,13.212795027323617,1.3,33.30910868716123
2022-02-15 12:08:00,Manhattan,Queens,40.79615518040756,-73.94253766668102,40.76231567074756,-73.91525980650937,Uber,UberSUV,11.648464494412718,1.0,22.884812865222255
2022-01-14 19:42:00,Times Square,Brooklyn,40.69513335633648,-73.95395670469641,40.7229656908524,-73.95226698990353,Uber,UberBLACK,8.948241267470836,3.16,57.383774209113724
2022-01-21 10:58:00,Queens,Queens,40.654421125556986,-74.02676030687472,40.704411606332066,-73.93460481797808,Uber,UberSUV,8.705861085768147,1.0,17.735256900094257
2022-03-17 17:57:00,Central Park,Lower East Side,40.77837879493311,-73.93366983093128,40.757864151566324,-74.06079217604697,Lyft,Lyft,12.165787207515567,2.05,48.76976160696209
2022-03-28 04:06:00,Times Square,Times Square,40.71923871910768,-74.08859246450018,40.75673517368132,-73.92960642030513,Lyft,Lyft,9.167597995587785,1.59,29.483841422723014
2022-01-17 22:23:00,Brooklyn,Brooklyn,40.64654921834472,-74.00836453901012,40.68659794957974,-74.05984662697412,Lyft,Lyft Shared,7.528625122627757,1.0,15.675093964598574
2022-03-04 00:10:00,Staten Island,Bronx,40.69631690451985,-74.07121357181718,40.6278472571199,-74.1020618246606,Lyft,Lyft Shared,7.101185811660355,1.0,14.92707517040562
2022-03-12 11:06:00,Williamsburg,Bronx,40.70695910984095,-74.08677204148117,40.68247638965644,-73.9202972732947,Uber,UberSUV,2.6899910137873504,1.08,7.784083016058093
2022-01-06 10:39:00,Queens,Upper East Side,40.76785393622712,-74.07223988522902,40.757297759802704,-74.03675241824182,Uber,UberBLACK,3.878572867888046,1.0,9.28750251880408
2022-01-24 04:45:00,Queens,Bronx,40.628166098271834,-74.07519130413641,40.812513351436124,-74.07736886224743,Lyft,Lyft Shared,9.615995040332523,1.23,23.773429324315757
2022-01-02 00:33:00,Bronx,Upper East Side,40.74617446870013,-73.90757445446084,40.726395150756396,-73.91006045079207,Uber,UberBLACK,6.16101381552631,1.99,26.430730612570375
2022-01-30 09:33:00,Lower East Side,Brooklyn,40.76791325804216,-74.04848842504968,40.78983435096003,-74.00626773839026,Uber,UberPOOL,14.379168748575559,1.31,36.239244356109474
2022-02-15 05:36:00,Financial District,Financial District,40.680689972867825,-73.93108494930536,40.808181825928635,-73.97657302843236,Uber,UberBLACK,14.059508248205365,1.8,48.7874509818469
2022-01-26 04:46:00,Bronx,Central Park,40.7629030966168,-73.93113814277584,40.64943302803885,-74.03474755927098,Lyft,Lyft Shared,1.9649107859679837,1.0,5.9385938754439715
2022-03-14 09:10:00,Upper East Side,Brooklyn,40.78574218027464,-73.91277186816022,40.69220504922297,-73.98236369304216,Uber,UberXL,14.032952186968572,2.13,57.63282927692535
2022-03-21 14:34:00,Staten Island,Lower East Side,40.732915067815426,-74.02321026723723,40.733139661494405,-73.97266216245988,Lyft,Lyft Shared,14.52773786721743,1.19,33.2290141084803
2022-03-13 10:58:00,Lower East Side,Central Park,40.74291719242805,-74.04836760621832,40.66694129601402,-74.03117834502902,Lyft,Lyft Black,11.968871350506335,1.0,23.445524863386087
2022-03-20 21:44:00,Manhattan,Staten Island,40.761525042096615,-73.93100951644125,40.630190175849044,-74.09088512229202,Uber,UberPOOL,9.840168837799652,2.3,45.3566795721436
2022-02-28 08:10:00,Central Park,Queens,40.65958902172931,-73.99445062136331,40.622097167580165,-74.1005462270775,Lyft,Lyft XL,13.065779258316947,2.27,57.57880810366407
2022-01-14 03:29:00,Williamsburg,Bronx,40.633884695848664,-73.92219181978727,40.71364914009315,-74.02450314106648,Uber,UberPOOL,12.822996015993045,1.11,27.683669761066493
2022-01-15 17:01:00,Upper East Side,Lower East Side,40.67208188615926,-74.05998963339916,40.725445977288,-74.00310165913754,Uber,UberPOOL,6.922128057260153,1.55,22.651272355318167
2022-03-13 09:18:00,Central Park,Staten Island,40.80914331184523,-73.95981779215731,40.72372962980659,-74.09373872081702,Lyft,Lyft Shared,2.9519370446496422,2.21,16.94161652018249
2022-03-12 21:01:00,Upper West Side,Financial District,40.61290393505762,-74.00820172094643,40.67862099693954,-74.03514917311632,Uber,UberPOOL,2.950871210050142,1.9,14.56164677341672
2022-01-05 14:13:00,Times Square,Bronx,40.61352810284474,-73.96034452386208,40.761011542263155,-73.93275301640391,Uber,UberPOOL,14.698469921376663,1.6,45.15571577985466
2022-01-01 11:33:00,Bronx,Staten Island,40.68762164033835,-73.96708778955531,40.7048333269119,-73.9378596407586,Lyft,Lyft Shared,6.630558164988601,1.08,15.231754931828458
2022-02-23 10:02:00,Brooklyn,Harlem,40.636278963821745,-74.0635071636813,40.726402440802076,-74.07549973651042,Uber,UberX,7.1960589055153354,1.0,15.093103084651837
2022-01-20 10:27:00,Bronx,Manhattan,40.720732499813536,-73.95509035560204,40.644973509311534,-73.949192503646,Uber,UberXL,4.224129404101419,1.0,9.892226457177483
2022-01-21 14:29:00,Upper West Side,Lower East Side,40.671811152134616,-74.07389726490841,40.728959226895064,-74.02532901702962,Uber,UberBLACK,9.856741744768534,1.07,21.131748917079083
2022-01-13 02:02:00,Staten Island,Times Square,40.6609136731788,-73.93878095731286,40.63007960176353,-73.95951605884989,Lyft,Lyft Shared,6.343951779153354,1.0,13.601915613518369
2022-01-09 01:56:00,Financial District,Upper West Side,40.73505118748495,-73.99402978085863,40.61843616306498,-74.0283980134009,Lyft,Lyft,5.578542047961851,3.14,38.50408855355037
2022-01-26 02:50:00,Brooklyn,Lower East Side,40.66518381919285,-74.10458529777921,40.74014490019832,-74.09688472982299,Uber,UberX,14.081689963211423,1.0,27.14295743561999
2022-02-01 23:20:00,Staten Island,Harlem,40.73536929424385,-73.94050243930052,40.788517656401034,-73.90775880020568,Lyft,Lyft XL,2.9168324162306236,1.07,8.136768699391844
2022-02-04 11:32:00,Manhattan,Financial District,40.78761529624058,-74.0689103916756,40.71791391692711,-73.932297722387,Uber,UberSUV,13.693843472592771,1.0,26.46422607703735
2022-03-28 18:12:00,Upper West Side,Bronx,40.69155338650022,-73.93064483075126,40.74863943128259,-73.98976365674864,Lyft,Lyft,14.46301136869196,2.57,71.47239363069208
2022-03-26 18:54:00,Queens,Queens,40.62899022497118,-73.91608579609445,40.76757057654937,-73.93462810716392,Uber,UberBLACK,10.05203975357316,1.29,25.917479743691413
2022-03-11 16:40:00,Upper West Side,Queens,40.619136661711835,-74.06282107428147,40.80611286255984,-74.0464477613424,Uber,UberBLACK,13.145968726565478,1.62,41.31882133981313
2022-02-15 01:44:00,Upper West Side,Staten Island,40.64226508417724,-74.09909492100333,40.727659018107616,-74.01847167650027,Uber,UberBLACK,9.840507650944613,1.0,19.72088838915307
2022-01-10 09:25:00,Queens,Upper East Side,40.734332949310655,-73.94345845082343,40.613789817058304,-73.9451230578895,Uber,UberPOOL,8.348147574018922,1.48,25.321702216709006
2022-02-22 08:48:00,Manhattan,Brooklyn,40.6422429489517,-74.02567290418902,40.7998544813851,-73.99141853371503,Uber,UberPOOL,2.3809023382194554,2.3,15.333131911333306
2022-03-30 22:40:00,Lower East Side,Central Park,40.74974966173437,-73.98262817498862,40.7603800554985,-73.96963033550895,Lyft,Lyft XL,8.651494109991319,1.06,18.698521574033897
2022-01-14 10:51:00,Central Park,Financial District,40.66883642710636,-73.94909023986183,40.80199295315234,-74.0285290838704,Uber,UberBLACK,10.643619438740437,1.02,21.548860698151678
2022-02-15 04:50:00,Queens,Central Park,40.706570264564235,-73.9153769344572,40.80963730237633,-74.00901284314371,Lyft,Lyft,2.190058576933557,1.1,6.965862760597098
2022-03-27 05:44:00,Williamsburg,Financial District,40.72591725685431,-73.9390289526157,40.66129528812643,-73.9219085389481,Lyft,Lyft,11.417127499333676,1.0,22.479973123833933
2022-01-02 14:03:00,Williamsburg,Queens,40.61460631996481,-74.10094041282275,40.77429583396829,-74.01670603061443,Uber,UberSUV,1.5260477508469972,1.0,5.170583563982245
2022-03-22 16:56:00,Bronx,Central Park,40.80324669884241,-74.0761515614357,40.64846354336011,-74.02919282653187,Uber,UberBLACK,9.23616984160945,1.43,26.68851502862765
2022-01-28 18:09:00,Lower East Side,Bronx,40.79137448484225,-73.928044445909,40.78973457742436,-73.9403491199479,Lyft,Lyft Shared,3.2059713403131056,1.4,11.354629783767107
2022-03-14 05:33:00,Lower East Side,Staten Island,40.7994782148738,-74.09218959119426,40.631899289158945,-74.0978446835933,Lyft,Lyft XL,12.15157496272665,1.0,23.765256184771637
2022-02-24 01:51:00,Lower East Side,Times Square,40.802063933275235,-73.9565341039191,40.715263816804445,-74.01127847274311,Lyft,Lyft,3.602799647773111,1.0,8.804899383602944
2022-02-12 22:26:00,Upper East Side,Brooklyn,40.755760659354486,-74.04419635214443,40.76635201671474,-73.92169413916129,Uber,UberPOOL,10.077191634423434,2.69,54.163379619048314
2022-01-20 04:39:00,Staten Island,Lower East Side,40.677933400332705,-74.04862067202116,40.72640332400308,-73.94511104415747,Lyft,Lyft XL,13.213108008586925,1.0,25.622939015027118
2022-02-20 17:54:00,Manhattan,Upper West Side,40.667832428469765,-74.00679384282421,40.75656674943551,-73.96989687487557,Lyft,Lyft Black,7.2705763806337576,1.11,16.898094619381077
2022-02-15 04:43:00,Upper East Side,Queens,40.71161529783301,-73.93007190263498,40.702018881997994,-73.91577454436496,Lyft,Lyft Shared,12.049136751781312,1.0,23.585989315617297
2022-02-03 07:01:00,Times Square,Financial District,40.63213160051521,-74.00745923311126,40.654976003896536,-73.907915596083,Uber,UberSUV,8.407437530506773,1.44,24.786742576877067
2022-01-01 08:16:00,Upper East Side,Harlem,40.80583617614487,-73.96174684788302,40.761088009860096,-73.95822329085108,Uber,UberSUV,6.980338269118029,2.18,32.079990496685284
2022-02-02 12:47:00,Queens,Manhattan,40.67402695518524,-74.1013124952643,40.785862421662706,-73.99935728616177,Lyft,Lyft XL,8.01650238299209,1.06,17.520611920450328
2022-02-02 01:31:00,Central Park,Brooklyn,40.65931965374773,-74.028671437049,40.80819242076783,-74.03519711205621,Lyft,Lyft XL,12.918032682945134,1.0,25.106557195153982
2022-01-21 21:51:00,Financial District,Upper West Side,40.811915538799184,-73.95539868125749,40.75953426801859,-73.94262179089264,Uber,UberSUV,4.4818250309119705,1.79,18.514316909331747
2022-03-31 10:48:00,Staten Island,Williamsburg,40.697650577705325,-74.01622871488132,40.647993467985096,-74.04012842300745,Lyft,Lyft,1.1564100733054823,1.0,4.523717628284594
2022-01-21 11:40:00,Manhattan,Brooklyn,40.634610774081,-74.01147943895086,40.76785647496478,-74.06679175168664,Lyft,Lyft Black,13.494689509984704,1.0,26.11570664247323
2022-03-06 03:24:00,Lower East Side,Upper West Side,40.74661787639659,-73.94310311054015,40.77806410070023,-73.90947753364941,Lyft,Lyft Black,6.574062780774959,1.0,14.004609866356178
2022-01-28 02:16:00,Upper West Side,Brooklyn,40.77693202867101,-73.9622669619413,40.65867792769515,-73.99014359135997,Uber,UberBLACK,5.477455559874451,1.28,15.469500454118771
2022-01-11 01:21:00,Upper East Side,Staten Island,40.69021272643991,-73.94969177074007,40.79143348178338,-73.95013796720701,Uber,UberBLACK,10.749906890974541,1.24,26.427297953414755
2022-03-05 23:09:00,Times Square,Upper East Side,40.63639968422166,-74.0648510735802,40.63287390456667,-73.92139317700752,Uber,UberSUV,3.8957327926199135,3.68,34.28851918447225
2022-01-28 08:50:00,Upper West Side,Bronx,40.70591289795177,-74.1025969106232,40.75572936461016,-73.93288032559643,Lyft,Lyft Shared,11.609936532890615,1.81,41.29947396793102
2022-02-19 23:24:00,Lower East Side,Financial District,40.62400536531226,-73.92971034562224,40.63072394643931,-74.08691097039944,Lyft,Lyft,10.749807743498325,2.18,46.46051654144611
2022-03-06 01:34:00,Times Square,Williamsburg,40.629158897226155,-73.91226703066374,40.75157368338672,-73.9858896908408,Uber,UberX,8.550762345315555,2.84,49.597288856218306
2022-03-26 00:55:00,Queens,Upper West Side,40.739426985230345,-74.09748025032307,40.69570298200876,-74.06922740263822,Uber,UberXL,5.234192180939461,2.29,26.701025165114892
2022-03-20 04:20:00,Upper East Side,Central Park,40.632329009805325,-74.06483236674404,40.77137303806486,-73.99165207950887,Uber,UberPOOL,1.505275010146921,1.0,5.134231267757112
2022-01-30 23:01:00,Williamsburg,Brooklyn,40.73710993320684,-73.95626381503781,40.76718296099789,-74.06878580110507,Uber,UberBLACK,7.748475762288965,1.83,29.389493628730413
2022-01-08 16:56:00,Brooklyn,Bronx,40.77943352646393,-74.00777748933965,40.693695909621155,-74.10124888029775,Uber,UberBLACK,14.322290952570805,1.24,34.179371367078645
2022-02-05 06:52:00,Brooklyn,Financial District,40.77211963915791,-74.03341094969426,40.75307419686618,-74.02044012831645,Uber,UberXL,7.496231426630803,1.14,17.80498169612845
2022-03-13 01:10:00,Williamsburg,Staten Island,40.71165282473165,-73.9501560299452,40.79537464250151,-74.10266617887557,Uber,UberSUV,11.71924595847499,2.35,54.070399004228406
2022-01-31 19:37:00,Upper East Side,Manhattan,40.7935611571303,-74.03229007752904,40.69059300454078,-74.08751843448172,Lyft,Lyft Shared,12.121672081642012,1.87,44.34317188717348
2022-03-04 13:46:00,Times Square,Financial District,40.80987822055623,-74.10330088653022,40.66337325172492,-73.941907468019,Uber,UberBLACK,9.820106007150462,1.32,25.98444487651757
2022-02-06 14:38:00,Central Park,Times Square,40.662270236539904,-74.08119928028295,40.61973941145623,-74.04288415739657,Lyft,Lyft XL,2.76076668254375,1.19,8.724296616397359
2022-02-28 01:39:00,Staten Island,Staten Island,40.74618700930229,-73.9269354831164,40.61908956883345,-74.09606434524788,Lyft,Lyft XL,14.624823814546271,1.0,28.093441675455974
2022-02-28 11:06:00,Queens,Manhattan,40.76688424048198,-74.04159083160822,40.74427848237775,-73.99667314770693,Lyft,Lyft,14.177939085891925,1.24,33.86612781638548
2022-03-31 15:33:00,Staten Island,Central Park,40.78407329818503,-73.9598201396272,40.61420217886476,-74.07866617852203,Lyft,Lyft XL,7.423331827418326,1.0,15.490830697982071
2022-03-10 02:16:00,Manhattan,Queens,40.642254203303246,-74.05767804229043,40.78683515091675,-74.06539850355543,Uber,UberX,12.022325072234917,1.0,23.539068876411104
2022-01-05 15:57:00,Lower East Side,Bronx,40.67477810301964,-74.0851184435294,40.74503318627397,-74.10103618712492,Lyft,Lyft Shared,9.527722301178951,1.0,19.173514027063163
2022-01-29 05:46:00,Times Square,Brooklyn,40.7471121887812,-73.95340998329684,40.67688521329382,-74.0590849445041,Lyft,Lyft,12.93380507636509,1.22,30.663673838039465
2022-03-08 11:01:00,Upper West Side,Brooklyn,40.80974890720207,-73.92170087146896,40.6925610374883,-74.09811670520216,Uber,UberPOOL,8.66691766081185,1.0,17.667105906420737
2022-03-05 08:32:00,Central Park,Bronx,40.765994323252905,-74.07482118140244,40.68385016451714,-73.96764817590977,Uber,UberX,10.014219819788892,1.27,25.431603549480812
2022-03-15 22:26:00,Central Park,Queens,40.8070678515486,-74.10267961422774,40.79035900851082,-74.01040835535312,Lyft,Lyft Shared,4.3631469756615395,1.12,11.35176807229662
2022-02-25 04:44:00,Harlem,Financial District,40.629894381635275,-74.0230951708558,40.693957928253006,-74.10435251067372,Uber,UberPOOL,5.427370934283677,1.0,11.997899134996434
2022-02-08 13:56:00,Brooklyn,Staten Island,40.73272212359986,-73.98577619491786,40.77327262857801,-74.06692704974516,Uber,UberSUV,5.294440408515839,1.0,11.765270714902718
2022-02-13 06:54:00,Times Square,Lower East Side,40.79868468086744,-73.9817296485066,40.76385928625878,-73.9910880810731,Lyft,Lyft,3.3270064095853566,1.87,15.56262847536808
2022-01-30 10:00:00,Williamsburg,Queens,40.780143809556655,-74.08755984993695,40.72883363714753,-74.00420081799648,Uber,UberPOOL,6.228399290345505,1.01,13.53369574568568
2022-01-30 16:36:00,Staten Island,Lower East Side,40.713338782714956,-73.91103768760965,40.61978184146064,-74.04038154269652,Lyft,Lyft XL,7.542980641729076,2.16,33.91246682573591
2022-03-26 16:13:00,Central Park,Times Square,40.81150901723295,-74.00976682166139,40.69857991055096,-74.03023250068766,Uber,UberX,12.5150733348839,2.1,51.24289450569834
2022-03-04 20:51:00,Queens,Central Park,40.74496495419024,-74.08977270380696,40.685745073790194,-74.09290756784904,Lyft,Lyft,2.7553726688399367,1.0,7.3219021704698894
2022-03-19 04:03:00,Bronx,Bronx,40.659990512694236,-74.04254864317888,40.81034276093527,-73.93969235359302,Uber,UberBLACK,1.6619756185879906,1.08,5.841133919131303
2022-01-18 04:10:00,Bronx,Williamsburg,40.74482324202501,-74.01164350483769,40.69635127636368,-74.00654678969433,Lyft,Lyft Shared,6.5428309384864445,1.01,14.08945368377479
2022-02-10 02:08:00,Williamsburg,Financial District,40.62039109270311,-73.99498093291888,40.79935319817431,-74.01929418412453,Uber,UberSUV,6.35225181789186,1.0,13.616440681310754
2022-02-22 13:41:00,Williamsburg,Times Square,40.6255449747638,-74.02873548324229,40.690654383337716,-73.98346253548357,Lyft,Lyft XL,5.634278879383798,1.0,12.359988038921646
2022-03-31 17:40:00,Lower East Side,Upper West Side,40.81277900589665,-73.97307230072975,40.76008114197949,-74.07373251431227,Lyft,Lyft Shared,12.26528059236102,1.22,29.236374064690775
2022-01-14 10:53:00,Bronx,Upper West Side,40.74205569372606,-73.90685161357094,40.62356251580129,-73.93162478994262,Lyft,Lyft,11.230684008964515,1.0,22.1536970156879
2022-02-20 09:18:00,Lower East Side,Brooklyn,40.64462309940701,-74.10295392627641,40.6453926024729,-73.9996619175114,Uber,UberPOOL,1.0011985952867006,1.59,6.760835091385245
2022-01-08 15:42:00,Financial District,Brooklyn,40.64629234791247,-73.92359214760117,40.647500855729795,-74.08155679609544,Uber,UberBLACK,5.003233955482542,1.28,14.407244060280894
2022-02-07 22:16:00,Financial District,Lower East Side,40.61487416396128,-73.98445374907584,40.74628364964863,-73.93919818805462,Uber,UberSUV,10.158965138149442,1.04,21.089316551431985
2022-01-06 06:22:00,Upper West Side,Financial District,40.64991134644868,-74.08453395848117,40.734158507641055,-73.97086151951015,Lyft,Lyft XL,8.392311010331193,1.18,20.28012223633391
2022-01-06 13:30:00,Upper West Side,Queens,40.74400772397905,-74.04064519827696,40.65038517826072,-73.99504787582197,Lyft,Lyft Shared,1.4897332956223217,1.0,5.107033267339062
2022-03-10 15:16:00,Lower East Side,Brooklyn,40.721989243406014,-73.91151323312982,40.744474135748156,-74.01128549493096,Uber,UberX,8.63523366945943,1.0,17.611658921554003
2022-02-18 05:34:00,Bronx,Central Park,40.7514554791491,-73.923662860288,40.68519026078476,-73.9071228922907,Uber,UberPOOL,7.320386448910342,1.0,15.310676285593098
2022-01-18 07:09:00,Upper East Side,Harlem,40.72404972822081,-74.08545055708653,40.698906381733245,-74.07581588282528,Lyft,Lyft Black,4.205851952976961,1.88,18.5372529252942
2022-02-20 16:28:00,Upper West Side,Upper West Side,40.792663517069485,-73.95120679903698,40.79539729698341,-73.99303105809429,Lyft,Lyft XL,3.2498698430355004,2.13,17.438889839914825
2022-01-10 00:51:00,Upper East Side,Central Park,40.77821891201875,-73.93126620605929,40.71502094507082,-74.10127715483188,Uber,UberX,1.7921825246585372,1.03,5.805409000697013
2022-03-29 11:32:00,Brooklyn,Times Square,40.65532173672639,-74.04619479369053,40.70765838504401,-74.10212680983936,Lyft,Lyft,13.408243298663862,1.24,32.19588795810058
2022-02-08 19:00:00,Harlem,Financial District,40.66574686652734,-74.08096582062059,40.79837348499388,-73.91393384172385,Lyft,Lyft Black,12.574826876956758,1.71,41.905169429293096
2022-01-09 16:00:00,Queens,Brooklyn,40.775615690607694,-73.93456396388503,40.690813354893294,-73.93456635052814,Uber,UberPOOL,7.354471638887292,1.96,30.125837721383412
2022-01-14 06:16:00,Harlem,Upper East Side,40.793556591302654,-74.06668760690776,40.69612508409711,-74.04578487340972,Lyft,Lyft Black,11.090610057802708,1.21,26.509366797397234
2022-02-23 22:30:00,Times Square,Staten Island,40.76450225781227,-74.07330744188408,40.730801491868554,-74.07455888300395,Lyft,Lyft XL,10.569919389958883,1.75,36.74537813174908
2022-02-08 06:07:00,Staten Island,Harlem,40.65305583477576,-73.96736992651283,40.72333632313184,-74.06641956078997,Lyft,Lyft XL,5.3101343819792515,1.0,11.79273516846369
2022-02-22 20:57:00,Queens,Harlem,40.72192831914122,-74.08694687345644,40.737309543919174,-73.95050346852427,Lyft,Lyft,7.344461012529219,1.0,15.352806771926133
2022-01-23 19:58:00,Upper East Side,Manhattan,40.66677434304329,-73.96951482908938,40.76204132571005,-73.93651279666679,Uber,UberBLACK,14.121157385482885,2.25,61.22705720533886
2022-02-01 01:43:00,Brooklyn,Manhattan,40.66332998772942,-74.09759762396403,40.802258275292466,-74.03974191413684,Lyft,Lyft XL,12.037948520384216,1.0,23.566409910672377
2022-01-20 16:09:00,Harlem,Financial District,40.693296493811054,-73.91503800166204,40.66646710882582,-73.993952405637,Uber,UberPOOL,12.087418507858198,1.49,35.24294375924025
2022-01-20 17:16:00,Harlem,Times Square,40.64648959710196,-74.07339594190118,40.61843335718567,-73.91652438860447,Uber,UberBLACK,9.659142800377483,1.38,26.77682986291162
2022-01-05 16:54:00,Manhattan,Central Park,40.71314916048976,-73.94367266203041,40.79537233242546,-73.9810292232092,Lyft,Lyft XL,9.905945688673121,1.78,35.30702082021678
2022-02-06 14:51:00,Queens,Manhattan,40.7098306605283,-74.02351371985063,40.61410585730288,-73.93316115701381,Lyft,Lyft Shared,13.120974266551013,1.0,25.46170496646427
2022-03-16 09:12:00,Brooklyn,Central Park,40.674136275452646,-74.08212259988278,40.67400000246272,-74.02834655233481,Lyft,Lyft Black,3.5650387480896715,1.2,10.48658137098831
2022-02-20 14:53:00,Times Square,Upper West Side,40.65175701945587,-73.99692504659969,40.72251958795678,-73.92163725786568,Uber,UberPOOL,7.272530820967353,1.51,22.99266269440623
2022-02-15 14:10:00,Manhattan,Lower East Side,40.648916285124585,-73.98105994155794,40.74336388899979,-73.92854837553504,Uber,UberXL,4.863944681484575,1.0,11.011903192598005
2022-01-31 19:13:00,Williamsburg,Queens,40.70185696041452,-73.91189628797355,40.628691275309826,-73.91679467601838,Uber,UberX,7.322964559191683,2.05,31.39613535610016
2022-02-21 05:21:00,Upper East Side,Manhattan,40.75428305049172,-74.05403671764088,40.637136213753784,-73.95363293598834,Uber,UberXL,7.981393350276397,1.0,16.467438362983692
2022-01-23 07:48:00,Queens,Central Park,40.70768912997964,-73.95846743186875,40.62174157646773,-74.06191102573698,Lyft,Lyft XL,8.140668784818299,1.0,16.746170373432022
2022-03-09 08:25:00,Brooklyn,Staten Island,40.72972727945892,-74.08233526141643,40.718727702450984,-74.05523514607137,Uber,UberPOOL,3.6973412230123297,2.12,19.017135937375745
2022-02-13 12:32:00,Financial District,Lower East Side,40.69067478490018,-74.00107042856874,40.65076679042332,-73.98547298906188,Lyft,Lyft,5.8750232449618895,1.68,21.472568340187955
2022-01-25 15:39:00,Brooklyn,Harlem,40.751567662372246,-74.03419520926093,40.76265606492318,-74.0442669086387,Lyft,Lyft,4.819127533971357,1.0,10.933473184449875
2022-03-08 13:43:00,Harlem,Upper East Side,40.63639662868882,-73.99746324964123,40.72959011985115,-73.96731847291827,Lyft,Lyft Black,1.3949661491939656,1.0,4.941190761089439
2022-01-21 18:18:00,Williamsburg,Queens,40.64398006995621,-74.05607506740228,40.67812601436559,-73.97128675254956,Uber,UberPOOL,12.044034278873946,1.44,33.95096638276234
2022-03-19 07:07:00,Bronx,Williamsburg,40.711506403333225,-74.05806433000852,40.72495610826701,-73.9086954832687,Lyft,Lyft,4.041917625442785,2.33,22.305919117742956
2022-02-26 04:57:00,Lower East Side,Queens,40.76794261604143,-74.03878347223619,40.72631348769007,-73.95588346698531,Lyft,Lyft,5.359086645792656,1.0,11.878401630137148
2022-03-16 14:25:00,Upper East Side,Financial District,40.7523992184812,-74.08868479326922,40.61464878794878,-73.93088209181262,Lyft,Lyft,3.1245358987294147,1.05,8.3663347139153
2022-01-29 03:09:00,Manhattan,Brooklyn,40.74505238087649,-73.9290390389695,40.61679516461301,-73.93363356419272,Lyft,Lyft Shared,2.475858265901258,1.12,7.652682201166466
2022-01-11 15:01:00,Manhattan,Staten Island,40.770559897905926,-74.0780212443042,40.746587499997155,-74.1046114091039,Lyft,Lyft,9.507482485395522,1.05,20.094999066914273
2022-02-18 06:42:00,Upper East Side,Queens,40.73217083057628,-73.96215939107483,40.68951030646519,-74.08073456131497,Lyft,Lyft Black,10.72891389569344,1.01,21.488355310638156
2022-03-03 01:12:00,Upper West Side,Upper East Side,40.6411926554515,-73.96063940715754,40.786221014812334,-73.9774840995283,Lyft,Lyft Shared,13.231379550674387,1.12,28.733503919321798
2022-03-01 11:36:00,Harlem,Times Square,40.78286939413939,-73.9267567249291,40.639879244863415,-73.98008164563521,Uber,UberBLACK,7.266054198672981,1.01,15.367750796154493
2022-02-02 00:47:00,Williamsburg,Brooklyn,40.790709252170494,-73.97686706710195,40.77321697851019,-74.07664758370919,Lyft,Lyft Black,12.526765619237928,1.0,24.421839833666375
2022-02-08 12:52:00,Lower East Side,Central Park,40.74029422819432,-74.03522882432434,40.74673711137045,-73.97419632381326,Lyft,Lyft,1.7636713924418188,1.1,6.145067430450501
2022-02-15 15:15:00,Bronx,Harlem,40.67375056338557,-74.10365526450329,40.79238751441175,-74.0234618690222,Uber,UberX,11.363239117039656,1.15,25.743518723042307
2022-02-05 05:45:00,Brooklyn,Upper West Side,40.705597231179574,-73.9588594675771,40.809425067301994,-74.08127266597351,Lyft,Lyft,1.608134318761182,1.0,5.314235057832068
2022-03-20 04:38:00,Harlem,Financial District,40.655518762486835,-73.9452536757605,40.63495234565679,-74.10059958072208,Uber,UberX,12.302900217978205,1.14,27.394285934866517
2022-03-21 21:12:00,Manhattan,Brooklyn,40.61822249030005,-74.03557070678968,40.686793856350846,-74.01776359561995,Uber,UberX,5.751568766845706,1.15,14.450032143276982
2022-02-03 17:09:00,Central Park,Lower East Side,40.80538057244793,-73.98873018820126,40.680488820011966,-74.03524959142527,Uber,UberXL,5.63145746519518,1.95,24.09234859997855
2022-01-27 22:07:00,Manhattan,Bronx,40.673395182905544,-74.03337500278933,40.75830062571628,-74.07532440892436,Lyft,Lyft Black,2.98972194100021,1.21,9.355736210067946
2022-02-23 03:27:00,Staten Island,Times Square,40.808906726794305,-73.92337198965646,40.632629945374674,-73.9861202179622,Uber,UberXL,3.805843430799971,1.24,11.358680244835938
2022-01-07 18:05:00,Williamsburg,Staten Island,40.68891141342014,-74.09727721340637,40.74382671524042,-73.97023312509958,Uber,UberBLACK,1.4713400938299241,2.01,10.200438780046756
2022-01-26 18:58:00,Bronx,Upper West Side,40.8100109816154,-73.99567833292356,40.708447745374094,-73.93724883771215,Uber,UberSUV,1.602283512211959,2.13,11.297511791770077
2022-02-17 14:40:00,Harlem,Lower East Side,40.651002106737366,-73.9874137791368,40.75190592708797,-73.92833701825823,Lyft,Lyft,14.977614056410081,1.11,31.869015304576585
2022-02-08 08:38:00,Bronx,Lower East Side,40.76159248447754,-73.92695464736381,40.67729971131909,-74.07043749187152,Lyft,Lyft XL,2.022804819939002,1.87,11.294628773250384
2022-03-15 18:46:00,Staten Island,Brooklyn,40.724394087255334,-73.92024078682397,40.66899006637017,-74.09265466928265,Lyft,Lyft,13.578622094991028,1.9,49.89891846584516
2022-03-21 05:54:00,Financial District,Queens,40.71190373384345,-74.06775107145877,40.65010768681884,-74.03777949701217,Lyft,Lyft,11.013866269391729,1.6,34.83882555429684
2022-03-27 08:49:00,Brooklyn,Bronx,40.66687813025275,-74.00919048096382,40.751749352441784,-73.91635159242684,Uber,UberPOOL,13.09482640575516,2.12,53.88180596535165
2022-03-14 13:24:00,Staten Island,Brooklyn,40.804264213444426,-73.96815466878199,40.69647833537873,-74.07782313443022,Uber,UberX,4.279268828514436,1.08,10.787818085892285
2022-03-17 01:19:00,Staten Island,Williamsburg,40.689482800771664,-73.98910411673857,40.812063387143255,-74.01543274253895,Uber,UberBLACK,9.14055118309893,1.26,23.30491535873314
2022-01-31 13:28:00,Brooklyn,Upper West Side,40.799550247618185,-74.03363546046722,40.62173958439485,-73.97937941871653,Uber,UberX,13.6935882339819,1.1,29.11015735041516
2022-01-02 00:13:00,Williamsburg,Upper West Side,40.79692311700181,-73.93732483060779,40.62766777933051,-74.10267319056298,Uber,UberBLACK,1.5990815617621668,2.25,11.921383649438532
2022-03-19 19:17:00,Williamsburg,Bronx,40.614671842123045,-74.09867204323983,40.72910790004889,-73.97282090650522,Uber,UberBLACK,10.801637508225232,2.08,44.51796052993985
2022-01-11 21:31:00,Times Square,Times Square,40.73248136105686,-74.07574918264254,40.69554587782714,-74.10440149835516,Lyft,Lyft XL,10.383371777886962,1.29,26.66546178857982
2022-03-10 11:08:00,Lower East Side,Staten Island,40.63769999277864,-74.062602126113,40.6177374630562,-74.10361093376414,Lyft,Lyft Black,2.0034429524812305,1.0,6.006025166842154
2022-01-11 18:51:00,Upper West Side,Central Park,40.636207751429055,-73.99360842579041,40.70071736561695,-74.08729551692147,Lyft,Lyft,14.974045991116494,2.17,62.28893965126488
2022-02-20 18:16:00,Staten Island,Times Square,40.65241224034891,-74.00822309010609,40.80212725542501,-74.03705736889657,Uber,UberSUV,10.713773171555127,1.8,38.24838549039865
2022-02-26 05:26:00,Financial District,Bronx,40.66035093268998,-74.05515446032676,40.72586443439122,-73.92237885908199,Uber,UberBLACK,5.223126895185473,1.23,14.317780641886731
2022-01-26 14:36:00,Lower East Side,Staten Island,40.64657722407914,-73.97352202739636,40.72563130264721,-73.92545463520574,Lyft,Lyft,7.457606034626655,1.0,15.550810560596645
2022-02-07 05:48:00,Times Square,Harlem,40.6773941262125,-74.04649138256687,40.72995943309887,-74.03656559482035,Lyft,Lyft Shared,6.829948870786941,1.05,15.175031050071004
2022-03-01 12:51:00,Lower East Side,Central Park,40.64244590604063,-73.93394980515157,40.6729802648746,-74.01422477899489,Lyft,Lyft XL,7.541845214236065,1.08,16.954087454906166
2022-01-18 02:53:00,Central Park,Upper West Side,40.68416261124599,-74.0721243747554,40.70675747713718,-74.04166218871586,Uber,UberPOOL,13.873629372687999,1.08,28.92115951438032
2022-01-30 09:42:00,Upper East Side,Williamsburg,40.69156323184108,-73.96124339184281,40.63924388298852,-73.98619520305783,Lyft,Lyft Black,9.046151251470437,2.03,37.21145232084873
2022-01-29 12:11:00,Bronx,Lower East Side,40.62948212780737,-73.94001356543826,40.73115061619411,-74.07154906575128,Uber,UberX,3.573075038375518,1.27,11.11615927278959
2022-01-07 00:44:00,Times Square,Harlem,40.636675853315275,-73.98116538371814,40.65967530819073,-73.92277020388211,Uber,UberXL,3.693357990373338,1.14,10.218249190794808
2022-01-25 19:50:00,Harlem,Upper East Side,40.642822273841276,-74.10112406280072,40.67797256550394,-74.10126365033452,Uber,UberPOOL,1.1772026390445482,1.89,8.618597728639843
2022-02-04 15:06:00,Central Park,Bronx,40.69447983691013,-73.97471813411605,40.74810680427277,-73.95282922773302,Lyft,Lyft Shared,4.164968524369221,1.0,9.788694917646136
2022-03-25 14:14:00,Upper West Side,Manhattan,40.667666218791496,-73.9628282382888,40.715901525345316,-73.95253414612927,Uber,UberXL,1.518166851576009,1.27,6.54912582762768
2022-02-03 08:30:00,Brooklyn,Upper West Side,40.61941482073958,-73.9332706041699,40.69385951198728,-73.91818899314812,Uber,UberXL,8.296363629890646,2.07,35.22857724927886
2022-03-01 19:25:00,Staten Island,Manhattan,40.812468072341616,-74.0768968929428,40.72064644739595,-74.04701865993601,Lyft,Lyft XL,6.775329556233156,1.65,23.688764093623238
2022-01-02 19:20:00,Upper West Side,Central Park,40.676399677956894,-74.00842025602016,40.74296640792858,-74.07469570652388,Uber,UberXL,1.2530325874635804,2.49,11.685089499872552
2022-01-14 01:02:00,Upper East Side,Brooklyn,40.78394610629302,-73.91268040335272,40.66706005964329,-73.99728579302938,Uber,UberSUV,14.18013457014836,1.0,27.31523549775963
2022-01-30 23:35:00,Upper West Side,Queens,40.64846899385903,-73.920478764221,40.81193582267227,-74.09801794967403,Lyft,Lyft Shared,4.642968798803064,2.03,21.569146657747883
2022-03-17 00:45:00,Staten Island,Brooklyn,40.713317842408046,-73.91657916286366,40.6264267914771,-74.02560795664756,Uber,UberX,13.556472214559262,1.06,27.797255958007433
2022-01-10 03:09:00,Harlem,Upper East Side,40.76586587887545,-74.0500549679062,40.7792694077945,-73.94115777251567,Lyft,Lyft XL,9.337587260237076,1.0,18.840777705414883
2022-03-13 17:00:00,Financial District,Lower East Side,40.73492706125353,-74.05215446230075,40.76443173556073,-74.04323374864389,Lyft,Lyft Black,13.555364802018108,2.31,60.5725622121582
2022-01-29 00:46:00,Williamsburg,Lower East Side,40.68254606135658,-73.90634723755682,40.653421984219456,-74.04296502256034,Lyft,Lyft,7.01040466035826,1.49,22.00463015188416
2022-02-20 02:04:00,Central Park,Lower East Side,40.65662639989537,-73.95528224847365,40.65848163841854,-74.03357368902198,Lyft,Lyft Shared,5.834568465108199,2.16,27.454668798108994
2022-02-27 02:14:00,Williamsburg,Williamsburg,40.74574663900917,-73.96225921565829,40.80493351203261,-74.10040152829428,Lyft,Lyft XL,1.5195601502631757,1.77,9.131837565440186
2022-02-20 10:04:00,Lower East Side,Staten Island,40.7314024001033,-73.97374978864913,40.731133015911304,-74.07062547662595,Lyft,Lyft XL,12.220593877246154,1.0,23.886039285180768
2022-02-01 10:15:00,Financial District,Lower East Side,40.72296906810826,-74.05912702790641,40.72580922198367,-74.0208906571755,Lyft,Lyft XL,9.325342988780784,1.63,30.675540875497184
2022-03-14 05:21:00,Queens,Central Park,40.783585497834274,-73.91140111543233,40.73518868921175,-73.96971057742043,Uber,UberBLACK,9.05743808839517,1.0,18.350516654691546
2022-02-02 08:38:00,Upper East Side,Manhattan,40.7282430042176,-73.9880026095423,40.715246050409995,-74.06469153550859,Uber,UberPOOL,13.141002588212105,1.33,33.91068352406368
2022-02-10 22:36:00,Manhattan,Harlem,40.741014974123814,-74.0761800440443,40.64135669696015,-74.00397464396757,Uber,UberX,7.915858856205458,1.0,16.35275299835955
2022-01-05 06:25:00,Williamsburg,Manhattan,40.797624601784484,-73.98889463726914,40.782231683506964,-74.08840944550552,Uber,UberX,4.12049520730572,1.05,10.196409943424262
2022-02-28 01:06:00,Brooklyn,Williamsburg,40.66986631988549,-73.90672502851477,40.76614654930954,-74.06237586388845,Uber,UberSUV,2.7716222598905755,1.0,7.350338954808507
2022-02-16 15:09:00,Williamsburg,Financial District,40.72729381875986,-74.03724546909477,40.650306985308916,-74.03409784593417,Uber,UberSUV,11.971039986962339,1.15,26.966717973761703
2022-01-20 01:17:00,Bronx,Lower East Side,40.79817102537796,-74.03825165623066,40.79990838976484,-73.9831307513507,Lyft,Lyft,3.4220137745010457,1.08,9.167606033806976
2022-03-22 22:55:00,Manhattan,Upper East Side,40.80388860368297,-74.01577651107134,40.67730297284007,-74.00049432580118,Uber,UberX,4.46944688778389,1.0,10.321532053621809
2022-01-31 03:56:00,Upper East Side,Financial District,40.67169792756347,-74.1014598590799,40.711388029441146,-74.03325486503955,Uber,UberSUV,14.48375241163814,1.0,27.846566720366745
2022-02-18 12:59:00,Harlem,Bronx,40.78062077769222,-74.05693600119342,40.80203800721518,-74.02732809696974,Lyft,Lyft,7.423780002888234,1.14,17.660441105762025
2022-01-01 03:55:00,Harlem,Manhattan,40.66206615952671,-73.98383229482207,40.65786528807132,-74.02936309618259,Uber,UberBLACK,6.198051512237544,1.22,16.28283997862716
2022-03-22 14:27:00,Brooklyn,Williamsburg,40.619344492361165,-73.97421031658419,40.72289562222302,-73.95341786693231,Uber,UberX,6.718537390296513,1.0,14.257440433018898
2022-03-07 00:48:00,Central Park,Central Park,40.7979586343625,-74.08910113979942,40.658102762072275,-74.1028913155279,Lyft,Lyft Shared,2.506545389656405,1.0,6.886454431898708
2022-03-27 03:39:00,Upper East Side,Harlem,40.6396822429611,-74.0845842781679,40.661337808632254,-73.9194879261874,Uber,UberX,6.7933505611085145,1.1,15.827199830133893
2022-03-01 20:03:00,Brooklyn,Manhattan,40.619841361312865,-73.97144229292303,40.79983193486616,-74.04955908190738,Lyft,Lyft,3.9830561684123063,1.0,9.470348294721536
2022-03-22 21:56:00,Central Park,Harlem,40.7498271587728,-74.01540097227983,40.789079124031105,-73.94177559828523,Lyft,Lyft,1.57532156154876,1.11,5.835062133308466
2022-03-25 18:42:00,Lower East Side,Queens,40.69570420390217,-74.07206785240272,40.64146254348288,-73.98901834869537,Lyft,Lyft Shared,13.930485352066032,1.83,49.18737933999147
2022-02-09 22:27:00,Harlem,Brooklyn,40.797554649171275,-74.06181618883494,40.80799739108701,-73.98211528046818,Uber,UberPOOL,10.829289974619044,1.01,21.66577003013916
2022-03-18 06:29:00,Brooklyn,Williamsburg,40.78189111545457,-73.91462625354943,40.73291898349976,-74.09183606895743,Uber,UberBLACK,2.221165240661815,1.13,7.217354263408739
2022-03-05 19:31:00,Staten Island,Financial District,40.64836848015956,-73.94656346285885,40.64107686922557,-73.98235270152496,Uber,UberX,10.54212118961035,2.52,52.790754446181644
2022-01-29 12:06:00,Staten Island,Lower East Side,40.75673773882162,-74.0102720980748,40.76763904923067,-73.95747181506064,Lyft,Lyft,4.524262246783217,1.0,10.41745893187063
2022-01-13 03:19:00,Queens,Upper West Side,40.75846708887925,-74.04099061277896,40.68885250560546,-74.08764448836045,Lyft,Lyft,10.170690334564252,1.24,25.170398026004428
2022-03-16 00:03:00,Brooklyn,Lower East Side,40.7690464619167,-74.02678861210288,40.799420898591364,-74.10169595120294,Uber,UberX,12.060428982119891,1.0,23.60575071870981
2022-03-20 03:05:00,Staten Island,Manhattan,40.661391898666764,-74.0029795554276,40.76082496466555,-74.07285681633223,Uber,UberXL,9.985607287818093,1.0,19.97481275368166
2022-02-14 07:03:00,Bronx,Queens,40.771373557706255,-74.07779193226051,40.711928890968004,-73.92005305225406,Lyft,Lyft Shared,13.844243236387651,1.73,46.23844639816361
2022-03-05 20:06:00,Queens,Bronx,40.6444628092469,-73.93031048046693,40.654766553794914,-73.9893514153195,Lyft,Lyft Shared,10.483078212538649,1.53,31.893441914072234
2022-01-29 23:46:00,Queens,Financial District,40.63111213445247,-73.96928267024975,40.69873245459984,-74.08712318619551,Lyft,Lyft Shared,3.425133640897311,2.37,20.130741775621598
2022-02-23 01:22:00,Harlem,Lower East Side,40.71273347768081,-73.91352523989394,40.719086448455805,-74.08819767522638,Uber,UberBLACK,2.0842022251289443,1.0,6.1473538939756525
2022-03-12 10:23:00,Williamsburg,Upper East Side,40.67482994434389,-73.95483806359718,40.7370247952175,-73.92980330318399,Uber,UberSUV,8.115802988500468,1.01,16.869681782174574
2022-03-08 14:08:00,Staten Island,Brooklyn,40.716388649678954,-74.01967100004971,40.779538076310224,-74.05505419152935,Lyft,Lyft XL,1.3864749892181234,1.03,5.074121168065667
2022-03-17 06:59:00,Manhattan,Queens,40.70338584466414,-73.97951153101386,40.646793788948,-74.02434543617726,Uber,UberXL,7.819322881014745,1.0,16.183815041775805
2022-02-26 07:31:00,Upper West Side,Brooklyn,40.711543410820084,-73.96721657887629,40.65051392591822,-73.92973468015879,Uber,UberX,3.100440392671463,1.67,13.236037047582352
2022-02-20 13:08:00,Williamsburg,Bronx,40.664141828853055,-74.04795872721458,40.628862440055656,-74.04043316700383,Lyft,Lyft XL,11.149952653595427,1.19,26.194776401112478
2022-01-27 09:58:00,Manhattan,Bronx,40.75614953607206,-73.95797190138903,40.71377606878226,-73.98478732478155,Lyft,Lyft XL,10.436333495598328,1.96,40.69662388990226
2022-02-23 18:27:00,Harlem,Staten Island,40.64925331938962,-74.09801200450862,40.64855812940148,-73.99501784177019,Lyft,Lyft,7.249099799927219,1.64,24.904916425791114
2022-03-03 04:27:00,Manhattan,Queens,40.72125037848062,-73.97023934848737,40.804706853528685,-74.00689799024984,Uber,UberBLACK,7.01508209250806,1.0,14.776393661889106
2022-03-16 17:42:00,Williamsburg,Upper East Side,40.67488985273168,-73.93812677487725,40.736363203789864,-74.10422091019419,Uber,UberPOOL,6.84034650698482,2.4,34.72945532933624
2022-03-04 09:23:00,Staten Island,Financial District,40.737446832349505,-74.05783897393616,40.643343381933526,-73.95855843207829,Uber,UberSUV,8.978759164278046,2.41,43.89291677534266
2022-03-11 12:08:00,Central Park,Bronx,40.63400650218951,-74.07495434220857,40.78508397587517,-74.04715843856381,Lyft,Lyft Black,5.533936935101334,1.0,12.184389636427333
2022-02-16 04:39:00,Times Square,Bronx,40.77298630322703,-74.01029745003792,40.78782722481661,-74.0433833348959,Lyft,Lyft Shared,6.751872927394635,1.6,22.90524419670498
2022-03-13 21:38:00,Staten Island,Williamsburg,40.67966535247082,-74.06191533285823,40.72648941743466,-73.94524952639277,Uber,UberXL,7.622667686942111,1.45,22.967519255615606
2022-03-08 17:41:00,Harlem,Upper West Side,40.73486046305599,-74.05673413544275,40.70855621022225,-74.0252105082683,Uber,UberSUV,11.46506179725938,1.91,43.09696905733948
2022-03-17 15:02:00,Brooklyn,Queens,40.645644392941904,-73.97727615537468,40.631652179936616,-74.0939697808107,Uber,UberSUV,12.013753868261624,1.0,23.52406926945784
2022-03-28 16:17:00,Times Square,Queens,40.70541848030519,-74.03761769739333,40.78119972741551,-74.00450362038669,Lyft,Lyft Black,1.6606153793890561,2.86,15.461379973842224
2022-03-08 08:35:00,Upper West Side,Upper West Side,40.77347217629462,-74.02853273129759,40.6663964235763,-73.98781464173773,Lyft,Lyft XL,11.640314091604761,2.45,56.032846667755415
2022-01-01 08:20:00,Upper West Side,Upper East Side,40.79676619654461,-74.08818334290706,40.74058464140492,-74.05312705671416,Lyft,Lyft XL,10.42672768682418,1.34,27.800676425602703
2022-03-05 23:42:00,Bronx,Lower East Side,40.71063417227651,-74.09582964023784,40.67166814039333,-73.99643757725103,Lyft,Lyft XL,1.1017914435570018,2.18,9.653334357169962
2022-03-22 15:02:00,Financial District,Queens,40.7260333544016,-74.03286530679897,40.68831799516146,-74.10138560727668,Uber,UberXL,7.517880675966213,1.51,23.64099968624072
2022-02-10 00:53:00,Bronx,Bronx,40.762317292971154,-73.97815789903382,40.753550950209636,-73.96273779481562,Lyft,Lyft Black,2.8639492231389343,1.06,7.9626258089227235
2022-01-19 01:36:00,Upper West Side,Upper West Side,40.78002582432278,-74.0181195457156,40.6660732517985,-74.08944058065289,Lyft,Lyft,2.6495376718522827,1.18,8.421295292374964
2022-02-15 11:31:00,Queens,Brooklyn,40.774853833747564,-73.97593174137758,40.74009436822691,-74.03530670672978,Lyft,Lyft XL,7.465602144181352,1.26,19.611652727919882
2022-01-10 23:34:00,Central Park,Queens,40.80586466861827,-74.08336280466304,40.708554565763386,-74.05283868049344,Uber,UberXL,11.549038605285974,1.22,27.707197422285553
2022-03-07 13:22:00,Financial District,Upper West Side,40.7647532581074,-73.98566042881464,40.72355761234581,-74.03175768915904,Lyft,Lyft Black,7.943503704413937,1.65,27.06186694649524
2022-02-01 21:57:00,Manhattan,Manhattan,40.79181285860797,-73.99739856775247,40.70630670361386,-74.02010708361296,Lyft,Lyft Black,12.987310132211801,1.0,25.227792731370652
2022-02-14 14:29:00,Times Square,Times Square,40.74940682167135,-73.98832309308756,40.65716897110842,-73.95047801068148,Lyft,Lyft XL,13.116581110299187,1.5,38.18102541453536
2022-03-12 14:14:00,Upper West Side,Central Park,40.62028758868361,-74.06471428221688,40.80856945546502,-74.09719092571808,Uber,UberPOOL,5.592873761086655,1.0,12.287529081901646
2022-01-22 03:15:00,Brooklyn,Brooklyn,40.791515492926415,-73.96164342267838,40.709541043240534,-74.0438770696494,Lyft,Lyft Black,1.6582481517310563,1.01,5.455953608184642
2022-01-19 19:01:00,Williamsburg,Financial District,40.62326596149642,-73.98882943681824,40.805378926256175,-74.10226474964523,Lyft,Lyft Black,11.43721878271025,1.06,23.866040841927514
2022-02-06 06:34:00,Bronx,Bronx,40.6670571243912,-74.05488953382445,40.62933919872367,-74.05993233243186,Uber,UberPOOL,14.370334706915841,1.0,27.648085737102722
2022-01-09 08:15:00,Brooklyn,Upper West Side,40.78440649676582,-73.9746874760818,40.7246039584062,-73.91327767504103,Lyft,Lyft,6.935380665427017,2.16,31.615738915314125
2022-01-10 19:26:00,Times Square,Lower East Side,40.69328607625796,-73.90859229082376,40.6583925762153,-74.06660415639313,Lyft,Lyft Shared,10.655317660648697,2.79,58.99958847811727
2022-03-04 05:16:00,Lower East Side,Central Park,40.712177153596635,-74.08939502945724,40.77403333049136,-73.92878607788387,Lyft,Lyft Black,8.868457449360308,1.0,18.01980053638054
2022-02-14 05:54:00,Upper West Side,Staten Island,40.809208257406844,-74.03666208501689,40.68312352616597,-74.09654470552883,Uber,UberSUV,2.2532862915277496,1.01,6.507683520275298
2022-01-03 17:52:00,Manhattan,Central Park,40.73898775890603,-73.95531941278242,40.62008125797375,-73.94281026402398,Uber,UberX,5.308673823440984,1.67,19.689599249006275
2022-03-19 22:20:00,Financial District,Harlem,40.613475519308686,-74.09949484728678,40.66271295276749,-74.00414000679598,Uber,UberX,13.687549210698746,2.57,67.98475257511761
2022-03-22 01:36:00,Manhattan,Financial District,40.61818799557145,-73.97734814437183,40.702574389924116,-74.05571984339822,Lyft,Lyft,11.594893282682545,1.0,22.791063244694453
2022-01-21 05:42:00,Harlem,Financial District,40.743148851181395,-74.05533215230739,40.68027023197657,-74.02332466963989,Uber,UberBLACK,8.333375229323224,1.16,19.81675171552614
2022-01-18 06:41:00,Upper West Side,Lower East Side,40.76810477511391,-74.01096550571482,40.7253254459651,-74.02957590363124,Lyft,Lyft Black,2.9394002435557085,1.0,7.6439504262224895
2022-03-05 20:04:00,Brooklyn,Upper East Side,40.71885554623331,-73.95400142463775,40.70440336472549,-74.02759399147801,Lyft,Lyft Black,4.779458868321359,1.78,19.338014374821036
2022-02-21 05:53:00,Times Square,Central Park,40.66988733678636,-74.05882077508375,40.800538974609665,-74.0392688709375,Lyft,Lyft Shared,7.5940360134942555,1.6,25.263300837783916
2022-03-14 08:40:00,Staten Island,Manhattan,40.64277550886248,-73.91539718466551,40.790360938031675,-74.01973474953347,Lyft,Lyft Black,9.413293101087287,1.55,29.408557536699266
2022-02-17 04:37:00,Staten Island,Central Park,40.63221477919692,-74.05893520927688,40.73568040441587,-74.06598037103119,Uber,UberBLACK,2.8376525254899025,1.0,7.46589191960733
2022-01-21 03:27:00,Bronx,Lower East Side,40.76922910137437,-73.91096726599221,40.723131599845225,-74.0101170508378,Lyft,Lyft Black,11.632820590190331,1.01,23.08601039316141
2022-03-30 14:58:00,Queens,Staten Island,40.720149441084835,-74.01919634756334,40.78996399573048,-74.00663690637631,Uber,UberX,10.864967765268261,1.0,21.513693589219457
2022-02-08 21:08:00,Brooklyn,Upper East Side,40.64079555630209,-74.06418003957617,40.64983977171075,-73.94282217781715,Lyft,Lyft Shared,12.87241418175362,1.0,25.026724818068836
2022-03-10 03:10:00,Times Square,Times Square,40.72631480871724,-74.06785323513384,40.749146702787854,-74.03976344577708,Uber,UberBLACK,5.230522405486401,1.56,18.179326166977877
2022-02-27 14:20:00,Financial District,Upper West Side,40.70410107995915,-74.02559212052691,40.68988078773466,-74.0541783166624,Uber,UberSUV,14.854322930014803,1.02,29.064966430076424
2022-03-12 23:09:00,Upper West Side,Williamsburg,40.73212137256814,-73.92793356530092,40.707413267902865,-73.96345921077331,Lyft,Lyft Black,10.601585683556582,2.31,48.63191012577749
2022-03-16 23:20:00,Upper East Side,Harlem,40.65721289385714,-74.0019044902158,40.80850672232262,-73.99403995430663,Uber,UberXL,14.140054209828833,1.0,27.245094867200457
2022-03-21 05:38:00,Upper West Side,Upper East Side,40.72180885109484,-74.00915826955874,40.62031779920114,-74.05905350584709,Uber,UberPOOL,1.6322301851049483,1.29,6.9097596428744215
2022-03-13 07:06:00,Harlem,Bronx,40.73644729441542,-74.08072279158239,40.62200085160476,-73.92131015988402,Uber,UberSUV,11.487890459126799,1.2,27.124569964166277
2022-02-02 20:27:00,Queens,Upper West Side,40.74277471754763,-73.93045744518001,40.769987142413456,-74.06334099467988,Uber,UberX,3.9380323809388393,1.09,10.236796766640838
2022-01-29 09:30:00,Times Square,Bronx,40.793878509435864,-74.07472753339303,40.79831637656164,-74.0780549749327,Lyft,Lyft,12.83668262866091,1.69,42.18948887426464
2022-01-08 13:33:00,Williamsburg,Bronx,40.691112313062064,-74.02653921221521,40.81240405144495,-74.03281252873813,Lyft,Lyft Shared,3.9218537518474905,1.25,11.704055082166388
2022-01-24 01:43:00,Upper West Side,Upper West Side,40.73112527325293,-74.09155858380674,40.76135777649456,-73.94678776666763,Uber,UberXL,7.509172558672553,1.09,17.048746655667895
2022-01-18 17:19:00,Upper East Side,Williamsburg,40.69272653968941,-73.9080195204769,40.72839682176198,-73.97385344115868,Uber,UberSUV,14.713675520341484,2.16,61.01769346689081
2022-03-14 01:05:00,Brooklyn,Brooklyn,40.68840189862091,-74.07590909482752,40.808123481529876,-73.98724914330951,Uber,UberBLACK,8.249979322720412,1.09,18.461835558089184
2022-01-29 14:35:00,Financial District,Financial District,40.76265662678755,-73.98789676538877,40.67173937737134,-73.92224109539362,Lyft,Lyft,12.958812708201268,1.41,35.500870357486626
2022-01-28 09:36:00,Central Park,Manhattan,40.6173592446949,-73.95201906784263,40.72942445068404,-74.01116476608115,Uber,UberBLACK,10.09719270410783,2.01,40.541875336699285
2022-03-12 08:42:00,Manhattan,Williamsburg,40.73533401756037,-74.02891859747524,40.6332815140808,-74.06447704871105,Lyft,Lyft XL,3.1684201576890114,1.68,13.515155263605692
2022-02-14 03:17:00,Times Square,Upper East Side,40.7942217730456,-73.96187906688778,40.7793104564226,-74.01404669360215,Lyft,Lyft Black,3.9554683158137687,1.21,11.400704158735655
2022-02-24 02:01:00,Central Park,Staten Island,40.79296078692563,-74.00708465880825,40.75168173842836,-74.02368048946153,Lyft,Lyft XL,10.151876059231927,1.12,22.697677076094582
2022-03-31 21:46:00,Upper West Side,Staten Island,40.73327395128175,-74.02211811734108,40.68550736849508,-74.09606148533227,Uber,UberPOOL,5.397790067477303,1.0,11.946132618085281
2022-01-27 23:12:00,Bronx,Central Park,40.802523112574576,-73.97212778789203,40.648543044042945,-73.98697079882712,Uber,UberX,6.605010919233012,1.1,15.464646019523551
2022-03-27 16:31:00,Bronx,Upper East Side,40.6918700586166,-74.04383719283305,40.749617132383015,-74.10215895239178,Uber,UberSUV,1.0008887308152776,1.66,7.057581763018381
2022-03-22 23:16:00,Williamsburg,Upper West Side,40.67963557568983,-73.97102448752145,40.74939528224937,-74.10456705682563,Lyft,Lyft,1.0871379061044275,1.27,5.591163996317091
2022-01-14 16:30:00,Upper East Side,Lower East Side,40.79686270618664,-74.10537924858167,40.61334241279002,-74.07037960647445,Uber,UberPOOL,8.477859364479098,1.92,33.285607464649765
2022-01-01 03:48:00,Financial District,Bronx,40.79676360163425,-73.9505488738171,40.76262682086328,-73.96011336898724,Uber,UberSUV,3.57379142269032,1.08,9.454465788884706
2022-03-13 00:21:00,Upper West Side,Brooklyn,40.62715929743321,-74.08518466644553,40.77735231716763,-73.98131792629393,Uber,UberPOOL,5.5476556535166,1.66,20.26593967346572
2022-03-05 04:02:00,Lower East Side,Williamsburg,40.79376151414043,-74.07389849044826,40.67634005636925,-74.01658318677299,Uber,UberXL,7.181697754196461,1.0,15.067971069843805
2022-03-29 03:11:00,Times Square,Upper West Side,40.688047896196814,-73.95984443189097,40.69616095028025,-73.98483979227271,Lyft,Lyft,13.90079880374677,1.21,32.459941466933785
2022-03-01 18:07:00,Williamsburg,Staten Island,40.70178650593624,-73.91798014634021,40.62544803873529,-73.96254158189103,Uber,UberX,8.15522104582997,2.66,44.61255396833851
2022-03-16 02:02:00,Manhattan,Bronx,40.70833209239672,-74.03414407820128,40.681625343213526,-74.06594784199692,Uber,UberX,8.795892378982376,1.29,23.081727045552718
2022-03-24 01:53:00,Upper East Side,Williamsburg,40.72571911002993,-74.0432452403961,40.738813491152364,-73.97688028101665,Lyft,Lyft,6.4638454636394025,1.09,15.054785221892162
2022-03-04 18:40:00,Upper East Side,Lower East Side,40.72264752253933,-74.02224588907625,40.726841537958606,-74.09707385992594,Uber,UberSUV,5.092245579634442,2.33,26.588631350959435
2022-01-10 05:59:00,Staten Island,Manhattan,40.75198379250647,-73.9666756000786,40.672756799303265,-73.99349222943519,Lyft,Lyft,12.481385029854357,1.0,24.342423802245126
2022-01-03 13:11:00,Queens,Times Square,40.80111268859628,-73.91204175245903,40.721924409000614,-74.03419043195791,Uber,UberXL,1.376588451058492,1.06,5.203571576713504
2022-01-20 23:24:00,Upper East Side,Central Park,40.806218263673586,-74.08763487700134,40.648984123371655,-74.00187263109363,Lyft,Lyft XL,4.600003915249917,1.0,10.550006851687355
2022-02-27 20:42:00,Lower East Side,Harlem,40.69824513812142,-74.05294598053854,40.69275969389837,-73.99249352120059,Lyft,Lyft Shared,5.653558926834899,2.71,33.58700321051451
2022-03-23 22:23:00,Upper West Side,Upper East Side,40.65924597478107,-74.05855192691466,40.634316964675264,-74.00473647817905,Lyft,Lyft XL,7.8440306969147775,1.14,18.49884124034498
2022-03-25 10:39:00,Manhattan,Williamsburg,40.6801859784942,-73.95653309400792,40.713682594286105,-73.98922225856231,Uber,UberBLACK,4.193243606778343,1.0,9.8381763118621
2022-03-28 13:09:00,Williamsburg,Bronx,40.66261886955774,-74.08595971136734,40.72782052433083,-73.99115061075042,Lyft,Lyft XL,4.701630380476603,1.0,10.727853165834055
2022-01-20 09:36:00,Times Square,Times Square,40.80886140085052,-74.06571543615715,40.62701017907692,-74.07545848129072,Uber,UberPOOL,2.669069644978003,2.14,15.345665820442623
2022-03-09 10:42:00,Staten Island,Upper East Side,40.755418908901845,-74.00083454625333,40.67811864620993,-74.05478173317525,Lyft,Lyft,4.000039834460553,1.08,10.260075287130446
2022-01-25 10:58:00,Manhattan,Brooklyn,40.73655752582414,-74.04795220528055,40.62862312916641,-74.03226623577407,Lyft,Lyft XL,8.75876581666054,1.0,17.827840179155945
2022-01-02 07:59:00,Financial District,Lower East Side,40.67388658300671,-74.07648739302701,40.785202446657195,-74.0276206182882,Lyft,Lyft,2.8448257010971014,1.54,11.51680526445669
2022-01-08 14:33:00,Staten Island,Upper West Side,40.787271526130624,-74.05749317121574,40.66963555034226,-73.95664341348284,Lyft,Lyft Shared,5.759812275848972,1.13,14.21502877549134
2022-03-11 02:09:00,Staten Island,Lower East Side,40.803676413208386,-73.963093344554,40.707959609093905,-74.00926395352508,Lyft,Lyft Black,7.709007603268721,1.06,16.95020910406348
2022-02-28 03:54:00,Bronx,Manhattan,40.653823132353466,-73.9794552790427,40.69632841983675,-73.97825336198233,Uber,UberBLACK,10.320286234275152,1.0,20.560500909981513
2022-03-15 23:10:00,Queens,Brooklyn,40.75212424590375,-73.94047518340463,40.62489981126118,-74.00622249145653,Uber,UberBLACK,2.4557959633455635,1.0,6.797642935854736
2022-02-26 12:52:00,Central Park,Upper West Side,40.76377052475308,-73.90864921566994,40.7902241084081,-74.01946295592883,Lyft,Lyft Shared,13.80018518812312,1.05,27.982840283176234
2022-03-17 11:21:00,Times Square,Staten Island,40.65507919279819,-74.03210589364099,40.740606485151986,-73.91204004558249,Lyft,Lyft Shared,7.081651817604774,1.59,23.679696182485287
2022-02-13 22:43:00,Lower East Side,Lower East Side,40.64203524814086,-73.91095189399704,40.78855375900378,-74.04646633335453,Uber,UberBLACK,3.804563052441594,1.98,18.13281097671012
2022-03-15 20:00:00,Harlem,Central Park,40.7282462823154,-73.95065854107206,40.63538783076021,-74.05234382927377,Uber,UberBLACK,13.357485249927988,1.0,25.87559918737398
2022-02-06 03:29:00,Upper West Side,Upper East Side,40.64124245408121,-74.0268536726822,40.792921554571194,-73.92054272216649,Lyft,Lyft Black,13.570157535275031,1.25,32.809719608414134
2022-02-28 05:47:00,Times Square,Lower East Side,40.61391160843902,-73.94595095803245,40.62139633910729,-73.97661192948641,Lyft,Lyft Black,10.694642105985999,1.23,26.095217133134863
2022-03-06 00:57:00,Williamsburg,Williamsburg,40.63350693317106,-74.07742058184594,40.790718717222134,-73.91659879581913,Uber,UberSUV,4.688920791892414,2.48,26.54991623681308
2022-02-23 08:33:00,Manhattan,Brooklyn,40.77356972269397,-73.94191044547307,40.71751467464278,-73.92476441593445,Uber,UberPOOL,13.090520687659017,1.51,38.36670091713895
2022-02-25 18:43:00,Financial District,Financial District,40.777300035050565,-74.07979685012982,40.779067137970664,-74.06190040478235,Uber,UberX,14.331866583659293,2.57,70.88256996000767
2022-01-17 19:02:00,Times Square,Williamsburg,40.63985066689,-73.93418289150138,40.78213447274258,-73.9651481765766,Uber,UberBLACK,1.5040103740851336,2.7,13.856449017552258
2022-03-23 20:20:00,Financial District,Lower East Side,40.732718579969465,-73.94858669457948,40.65397199333535,-73.95970427637415,Uber,UberSUV,13.116197653553678,1.73,44.03428839613376
2022-03-15 04:09:00,Manhattan,Financial District,40.720948540603175,-73.92841610110287,40.628191780729075,-73.9532299259407,Lyft,Lyft XL,6.132933576124991,1.1,14.555897134040608
2022-03-14 14:58:00,Manhattan,Williamsburg,40.71865044247153,-73.99793531311634,40.62526950540862,-73.90976498591793,Uber,UberXL,9.14205186470612,1.24,22.938252546412283
2022-01-18 02:37:00,Manhattan,Bronx,40.73634191157975,-73.97477392466588,40.62795402564732,-73.92756510617967,Uber,UberSUV,7.705102330020421,1.0,15.983929077535736
2022-01-04 05:08:00,Staten Island,Bronx,40.74743734130312,-73.9153181274246,40.667692060119755,-74.04155699892299,Lyft,Lyft XL,14.723916909507142,1.0,28.2668545916375
2022-02-20 13:58:00,Manhattan,Central Park,40.69654623312438,-73.965882160469,40.76409654097852,-73.92939483848528,Uber,UberBLACK,1.6593064347387603,1.0,5.403786260792831
2022-03-14 01:42:00,Manhattan,Bronx,40.793345795287046,-74.07987807659478,40.62461487185101,-73.99277676650932,Uber,UberBLACK,14.809902549232179,1.0,28.417329461156314
2022-03-08 21:07:00,Queens,Upper East Side,40.76225503224465,-73.91539010762457,40.75245758861569,-74.02520679526896,Uber,UberBLACK,3.939845794285742,1.14,10.709992359600056
2022-03-14 20:15:00,Central Park,Queens,40.63480915546036,-74.03482676823991,40.64859349252338,-74.0613645804596,Lyft,Lyft,6.2312002754571,1.0,13.404600482049926
2022-01-28 21:49:00,Financial District,Williamsburg,40.75151856584986,-74.00047339921161,40.616836073481394,-74.08163472608872,Lyft,Lyft Black,1.765745630047164,1.35,7.5465740509864245
2022-02-20 13:35:00,Brooklyn,Williamsburg,40.78919467252219,-73.95145119529766,40.6362271124513,-74.03880221296282,Uber,UberBLACK,4.239068652616765,1.0,9.918370142079338
2022-02-09 11:07:00,Upper East Side,Upper East Side,40.791013665308014,-73.91142456049275,40.71626090742904,-73.9103158885766,Uber,UberX,9.394858053889662,1.0,18.941001594306908
2022-01-21 09:25:00,Financial District,Harlem,40.802429300723105,-73.95979399168624,40.80308440003861,-73.96657626153387,Uber,UberXL,7.800560397569161,2.74,44.25368710634413
2022-02-03 01:29:00,Staten Island,Brooklyn,40.79318096035442,-73.91904209329661,40.79614049781219,-74.03306442702744,Lyft,Lyft Black,6.956236705527859,1.0,14.673414234673753
2022-01-06 21:34:00,Upper East Side,Central Park,40.65553241306183,-74.06126292462054,40.649215272436074,-74.00890706590614,Uber,UberXL,9.923321017176907,1.0,19.865811780059587
2022-03-16 23:56:00,Financial District,Williamsburg,40.70473589290418,-73.99793398257061,40.61622298684635,-73.93767572351344,Uber,UberX,6.067932070403003,1.0,13.118881123205256
2022-03-17 09:33:00,Upper East Side,Harlem,40.74144932615091,-73.92667833383007,40.74319017313872,-73.92825927515705,Uber,UberSUV,2.4221059475596407,1.95,13.140436546047274
2022-01-22 11:53:00,Harlem,Staten Island,40.70796182293597,-73.9171330236409,40.658091537690545,-73.98893848062744,Lyft,Lyft,11.31659220558852,1.0,22.30403635977991
2022-02-05 21:15:00,Queens,Lower East Side,40.792027810027655,-74.00970502617436,40.76915106683683,-73.92354250110185,Uber,UberX,11.241941388812396,3.13,69.4027339572199
2022-02-24 22:00:00,Bronx,Times Square,40.80654813505603,-73.94748138296397,40.782983779729676,-73.93676464922844,Lyft,Lyft XL,4.6710091929450215,1.0,10.674266087653788
2022-01-20 00:33:00,Times Square,Financial District,40.75837443886936,-74.01924191364341,40.669486369326016,-74.03434040465079,Lyft,Lyft Shared,12.462672214705405,1.56,37.923095146145755
2022-03-22 12:36:00,Upper West Side,Times Square,40.644221261435206,-74.02480497874993,40.79379512108883,-74.01964813178934,Lyft,Lyft XL,2.967347043469699,1.0,7.692857326071973
2022-02-27 03:51:00,Lower East Side,Staten Island,40.661584393900675,-74.06396413924062,40.782677626756886,-74.10199526989292,Lyft,Lyft XL,12.273126677097972,1.0,23.97797168492145
2022-02-03 07:55:00,Williamsburg,Upper West Side,40.65304690463983,-74.01629283460606,40.65412637044478,-74.06451583443128,Lyft,Lyft XL,9.112734558997143,1.35,24.90383539563075
2022-03-05 03:00:00,Bronx,Harlem,40.719683315562115,-73.92008172485457,40.721645087203335,-73.91800444670646,Uber,UberBLACK,9.810372656984672,1.0,19.668152149723177
2022-01-02 22:54:00,Queens,Williamsburg,40.73207342039995,-74.09256928742786,40.72487327976435,-73.94091940535748,Lyft,Lyft Black,7.534900775042372,2.54,39.84263394506334
2022-03-05 22:23:00,Central Park,Central Park,40.73473047375432,-74.03558025731186,40.76983966125302,-74.04082322841005,Lyft,Lyft Shared,7.534937324965172,1.83,28.705636783200966
2022-02-12 01:11:00,Bronx,Bronx,40.6602201217095,-73.9990846535259,40.72005822676906,-73.91851156630261,Uber,UberPOOL,1.5958344264567308,1.99,10.532493390135565
2022-02-08 18:39:00,Staten Island,Times Square,40.65291205958817,-74.06961933226866,40.69152594166369,-73.99941982526342,Uber,UberXL,8.411170279662675,1.37,23.59078074549127
2022-03-26 23:04:00,Central Park,Upper East Side,40.66383553375744,-73.93852420899493,40.67078542508627,-74.07649570693722,Uber,UberXL,4.117216612564691,2.87,27.853720436606164
2022-02-16 16:46:00,Brooklyn,Queens,40.691766106843275,-74.08978332268249,40.78447152900759,-73.92876143932477,Uber,UberBLACK,4.288103485159363,2.08,20.80869668598008
2022-02-23 15:51:00,Staten Island,Bronx,40.68371132012072,-74.06590706247813,40.66405831995801,-73.93354196247529,Uber,UberPOOL,5.5119731498532545,1.15,13.967845964079673
2022-02-20 22:13:00,Financial District,Financial District,40.787981768262696,-74.03045956125621,40.621347086030504,-74.07169294729374,Uber,UberX,1.6444833896560112,2.28,12.261488724727482
2022-01-17 09:01:00,Lower East Side,Queens,40.79366241772325,-73.98851081522514,40.72541336032022,-73.96032747329686,Uber,UberPOOL,4.44637595957616,1.63,16.758287424690995
2022-03-16 12:35:00,Staten Island,Brooklyn,40.639728313099994,-73.91308777753449,40.63566601327101,-74.00910995208729,Lyft,Lyft,6.122615593734391,1.05,13.875306153486944
2022-02-12 17:58:00,Lower East Side,Bronx,40.76986985418591,-73.91918299772993,40.77423334277294,-74.07300253509834,Uber,UberXL,10.792528106015027,1.35,28.872347650460505
2022-02-02 20:45:00,Williamsburg,Financial District,40.72526540268366,-74.07823082137189,40.758581260744585,-74.0815179250376,Uber,UberPOOL,1.9711901174938875,1.0,5.949582705614303
2022-02-25 14:12:00,Upper West Side,Bronx,40.75371849617234,-74.07091763727333,40.63645568565718,-74.01619144010537,Uber,UberBLACK,12.278415406126577,1.0,23.987226960721507
2022-02-15 09:20:00,Manhattan,Upper East Side,40.71066518224682,-74.02207718780613,40.77092644345796,-73.94292419086769,Uber,UberBLACK,2.04626203064914,1.96,11.918678765126549
2022-01-27 03:40:00,Queens,Lower East Side,40.61311634905095,-74.0563879331197,40.75340169429667,-74.04573070149532,Lyft,Lyft Shared,6.23253609110245,1.0,13.406938159429288
2022-03-19 22:10:00,Upper West Side,Bronx,40.67427010191133,-73.95491847378395,40.63781179137334,-74.01154278505507,Lyft,Lyft Shared,14.421641429894418,2.83,78.4981791815521
2022-03-02 16:56:00,Upper West Side,Times Square,40.61329900679227,-74.0356029523418,40.677074280703856,-74.07937417252487,Lyft,Lyft Black,1.424898608123483,1.61,8.039651828387912
2022-03-17 13:04:00,Staten Island,Queens,40.68785452957248,-74.08335890865732,40.707031596808214,-73.96383206282553,Lyft,Lyft XL,6.26824078003286,1.0,13.469421365057505
2022-01-28 12:38:00,Williamsburg,Manhattan,40.673522842389815,-74.06951980571213,40.75019550942701,-73.93635096039985,Lyft,Lyft Black,13.580957729894848,1.0,26.266676027315984
2022-02-28 14:53:00,Staten Island,Harlem,40.798506217909456,-73.99256828576887,40.709526663569704,-74.08712226371954,Lyft,Lyft XL,14.117608228995252,1.0,27.20581440074169
2022-01-18 10:40:00,Central Park,Harlem,40.65298815674855,-74.06605331811907,40.659331252583385,-73.98964356015782,Uber,UberSUV,7.335603028756105,1.0,15.337305300323184
2022-02-22 01:30:00,Williamsburg,Financial District,40.699911045531785,-73.96996591561667,40.76362592239975,-74.01691436568093,Uber,UberXL,12.792534040352626,1.0,24.886934570617097
2022-02-16 01:12:00,Manhattan,Upper West Side,40.75327227465717,-73.91515778321669,40.72709701289443,-74.0135333731112,Uber,UberX,1.3464925792748441,1.0,4.856362013730977
2022-02-09 15:53:00,Upper East Side,Upper East Side,40.71265768001446,-73.90701612446748,40.693110286378385,-74.09333967670625,Uber,UberPOOL,13.682989083394162,1.0,26.445230895939783
2022-03-10 11:13:00,Queens,Staten Island,40.7200440009901,-74.08445483244759,40.6756955144379,-74.0020381089226,Lyft,Lyft Black,8.980766430443964,1.0,18.216341253276937
2022-03-11 05:03:00,Staten Island,Lower East Side,40.67377948000754,-74.03501144331601,40.72416812700752,-74.08846512658637,Uber,UberX,2.5767042850984367,1.2,8.411078998706717
2022-03-10 11:52:00,Upper East Side,Financial District,40.65723485302464,-73.92812605234998,40.721330374097384,-74.03534252983535,Lyft,Lyft XL,10.206656999691738,1.12,22.805047719395805
2022-03-30 00:04:00,Queens,Brooklyn,40.67473958652895,-74.05162127341276,40.795507346537654,-74.03354942542175,Lyft,Lyft Shared,1.888656926306428,1.0,5.805149621036248
2022-03-17 14:17:00,Central Park,Staten Island,40.74699780363827,-73.95208194538763,40.71332995523779,-73.92493822990824,Uber,UberXL,3.356956187442581,1.16,9.71462106050844
2022-01-09 09:08:00,Williamsburg,Bronx,40.69172952368619,-73.96127269317039,40.730600237500745,-74.02347408869522,Uber,UberPOOL,10.007386581043445,1.65,33.02132875276294
2022-02-18 11:32:00,Bronx,Central Park,40.643114238953736,-74.00337786828581,40.61362135949677,-74.0910189879653,Lyft,Lyft Shared,2.0915382380941674,1.21,7.4538322191644
2022-02-01 14:58:00,Manhattan,Financial District,40.61849268796163,-73.93925871808705,40.75774962780159,-74.10575107128024,Uber,UberSUV,4.572421379122408,1.0,10.501737413464214
2022-01-04 13:16:00,Upper East Side,Manhattan,40.65229989369132,-74.07662808424675,40.66699552344154,-73.9760375675596,Lyft,Lyft Black,3.8032560956530963,1.08,9.888154020784352
2022-03-08 14:34:00,Lower East Side,Staten Island,40.6451143944625,-73.9515434975738,40.622282420362666,-73.90604720346983,Uber,UberSUV,1.6932460928358688,1.09,5.95486692208442
2022-03-21 09:31:00,Lower East Side,Upper East Side,40.67860098219074,-74.08592233860205,40.742151437895004,-73.97285835461099,Uber,UberX,2.9846346376689326,2.27,17.531461098139836
2022-02-05 10:56:00,Financial District,Harlem,40.628016891732564,-73.96297680392448,40.8078475454924,-74.09885744864091,Uber,UberXL,1.2049947596769177,1.46,6.728761610974524
2022-02-14 10:35:00,Williamsburg,Times Square,40.79757364556029,-74.02852904310274,40.63923723875695,-74.08827452583726,Lyft,Lyft,2.0852736557040688,1.0,6.1492288974821205
2022-02-21 18:26:00,Bronx,Brooklyn,40.61631372004056,-74.07369622528947,40.713216024859804,-73.96756299781579,Lyft,Lyft,9.457785590750923,1.65,31.434355893293294
2022-03-23 12:38:00,Manhattan,Harlem,40.75399635250124,-74.01487870672753,40.77474912670043,-74.08031864535673,Uber,UberPOOL,9.712864947468521,1.16,22.6171158433611
2022-01-16 23:01:00,Times Square,Queens,40.79911698725515,-74.09527225576696,40.71633655464643,-74.04054287875994,Lyft,Lyft Shared,3.1086140682587753,1.93,15.324344015544014
2022-01-19 06:51:00,Brooklyn,Lower East Side,40.63918484388514,-73.98555092118194,40.66735928786127,-74.07497127078891,Uber,UberBLACK,7.200919115474097,1.0,15.10160845207967
2022-01-26 14:36:00,Bronx,Staten Island,40.68507467404575,-74.04608333391894,40.701089201956535,-74.09013060581977,Uber,UberPOOL,3.079158837832056,1.0,7.888527966206098
2022-02-27 11:57:00,Financial District,Lower East Side,40.641152028178034,-73.98803830525065,40.622939253803445,-74.00961314014326,Uber,UberXL,3.6525248250789613,1.81,16.09437238343761
2022-01-07 04:35:00,Staten Island,Williamsburg,40.630477488078746,-74.0391758628743,40.68410262756269,-73.91834246250768,Lyft,Lyft XL,3.714160337641821,1.09,9.809760844051773
2022-02-05 19:13:00,Upper West Side,Lower East Side,40.740613701443024,-73.93366386773243,40.682722132551625,-73.93620628509207,Lyft,Lyft Shared,4.379411967566538,1.36,13.82300048280836
2022-01-27 19:50:00,Williamsburg,Upper East Side,40.75584731055454,-74.01217745744756,40.71316224260325,-73.9249746694022,Lyft,Lyft Shared,11.191264581812566,1.16,25.61826710107951
2022-01-03 12:59:00,Williamsburg,Brooklyn,40.78006703168563,-73.93357509403269,40.692661587903224,-73.90890270899587,Uber,UberX,13.774032304987319,1.11,29.53105775243787
2022-01-09 21:00:00,Financial District,Upper West Side,40.79341210730739,-74.08669556445331,40.69854776440321,-74.07117661482685,Uber,UberBLACK,7.795197000947063,3.1,50.03894373013781
2022-02-05 06:29:00,Queens,Upper East Side,40.743514078986294,-74.0768374364299,40.64000381002648,-74.02660097119723,Uber,UberX,6.106069567917441,1.0,13.18562174385552
2022-03-23 16:25:00,Lower East Side,Upper West Side,40.63522852190766,-74.0527897190476,40.63114256994931,-74.01635573204794,Uber,UberBLACK,3.1372649116343894,1.46,11.665711849225865
2022-01-07 14:52:00,Central Park,Upper East Side,40.61742192901233,-73.97630140462836,40.681757977339316,-73.9474373634461,Lyft,Lyft Shared,14.087400329202387,1.16,31.497422668280844
2022-02-17 00:51:00,Upper West Side,Queens,40.80795421189929,-73.990519896069,40.76165741364846,-73.91371370114314,Uber,UberSUV,10.802844543946634,1.0,21.40497795190661
2022-03-26 02:20:00,Staten Island,Staten Island,40.69709665953705,-73.92152486553444,40.783614216042494,-74.01062328317123,Uber,UberPOOL,12.063239505207441,1.91,45.09637804615588
2022-01-09 19:48:00,Brooklyn,Williamsburg,40.773366413010734,-73.91670021145205,40.623305362136804,-74.04226886983086,Uber,UberPOOL,6.120554705258625,1.95,25.761392931695056
2022-02-04 22:29:00,Financial District,Manhattan,40.68131068514247,-73.9831799217174,40.629688439843605,-74.05106391161456,Lyft,Lyft Shared,5.493916314049645,1.35,16.35437729194229
2022-02-25 11:39:00,Harlem,Manhattan,40.65947158752479,-73.9273720918799,40.69534490140721,-74.01497309816733,Uber,UberXL,8.452158898723951,1.0,17.291278072766914
2022-02-11 15:47:00,Harlem,Lower East Side,40.6812918646703,-73.97925432255221,40.784710822041895,-74.09670850416032,Lyft,Lyft,12.481261980769936,1.25,30.427760582934233
2022-02-02 14:32:00,Staten Island,Central Park,40.69789553710116,-73.99172192863756,40.65525719347649,-74.09273459345368,Lyft,Lyft,5.072486432205272,1.0,11.376851256359226
2022-03-27 16:11:00,Upper East Side,Upper East Side,40.709327968193534,-74.02631567714637,40.77886010833137,-73.98188146095066,Uber,UberBLACK,13.750568892273389,1.7,45.15794245451333
2022-01-12 18:17:00,Lower East Side,Financial District,40.65271062358128,-73.96680908616347,40.77200829255672,-74.01512696271799,Lyft,Lyft Shared,11.282022805562676,2.28,50.71527099419507
2022-02-15 19:41:00,Queens,Upper West Side,40.658517063071386,-73.97435162664793,40.68928537561347,-74.06892563570113,Uber,UberX,5.393182264765547,1.75,20.891620685844487
2022-03-17 00:49:00,Central Park,Williamsburg,40.80435594944026,-73.99049583079046,40.741336347710664,-74.07815940322982,Uber,UberSUV,6.680080591356303,1.0,14.19014103487353
2022-01-14 00:09:00,Financial District,Staten Island,40.689649405876814,-74.038037634864,40.725193115161396,-73.91014729857454,Uber,UberSUV,1.7885424724119723,1.0,5.6299493267209515
2022-03-30 13:05:00,Brooklyn,Manhattan,40.72287106236822,-74.06553612592046,40.65012213349893,-73.91378780379011,Lyft,Lyft Shared,6.666014041296952,1.0,14.165524572269666
2022-03-10 02:54:00,Williamsburg,Upper East Side,40.79983098299229,-74.0030624650163,40.73271593007193,-73.90685207664153,Lyft,Lyft,7.478464158052144,1.17,18.237155363611762
2022-02-06 22:31:00,Brooklyn,Lower East Side,40.61879538099766,-74.02848277485045,40.755009234675185,-74.06791164664924,Uber,UberXL,9.1133992305556,1.54,28.410610926347346
2022-03-19 17:48:00,Brooklyn,Financial District,40.73955690586647,-74.08079739980671,40.805082055386706,-74.06356728478701,Lyft,Lyft Black,13.95148921128385,1.59,42.79501873039732
2022-03-14 02:33:00,Queens,Times Square,40.76818007141413,-73.93559203929097,40.623856331726635,-74.0714854268439,Uber,UberSUV,5.712388320931526,1.0,12.49667956163017
2022-01-29 20:51:00,Manhattan,Williamsburg,40.65819464544543,-74.05391906752662,40.779578836715345,-73.94644065199803,Lyft,Lyft Black,11.88497815144473,1.91,44.500539471204014
2022-02-13 11:22:00,Times Square,Financial District,40.61679871437825,-74.02040088385394,40.76011530322901,-74.05359048878964,Uber,UberPOOL,3.6251402487033193,1.4,12.381593609323133
2022-03-21 02:58:00,Queens,Financial District,40.679107276503395,-73.94170732661667,40.80841122870956,-73.92855077810019,Lyft,Lyft Shared,9.351549875463727,1.0,18.86521228206152
2022-01-29 00:56:00,Staten Island,Central Park,40.64860467834659,-73.99625425973016,40.713363004477294,-74.02531771615472,Uber,UberXL,12.43038332969544,2.1,50.93165873663074
2022-02-17 09:26:00,Upper West Side,Queens,40.79611072898875,-74.1051857788964,40.751647297592115,-74.03163515843079,Uber,UberSUV,12.506469430400015,1.99,48.52877979136805
2022-01-09 05:31:00,Manhattan,Times Square,40.62913566189794,-74.062362914562,40.70952180429991,-74.04306590705401,Lyft,Lyft Shared,12.474977603257658,1.15,27.980892426556036
2022-01-09 00:53:00,Bronx,Bronx,40.696986562132615,-74.09912282217233,40.79367648543336,-73.9849292632209,Uber,UberPOOL,12.574090096047975,2.28,55.87061948323142
2022-03-08 10:31:00,Times Square,Staten Island,40.77167056447565,-74.09268070421544,40.649399701901935,-74.0491151843307,Uber,UberPOOL,11.188293814792596,1.0,22.07951417588704
2022-03-29 19:56:00,Financial District,Brooklyn,40.807328785422044,-74.01061632589197,40.732119281634,-74.03524502569958,Lyft,Lyft Black,9.820100702169437,2.07,40.748314793608785
2022-03-12 06:47:00,Times Square,Lower East Side,40.80205408664469,-73.98496452497216,40.753052818161855,-73.96771263168212,Uber,UberSUV,13.861287758981192,1.05,28.09511625712794
2022-01-18 22:02:00,Queens,Lower East Side,40.78790417846068,-74.05200118088267,40.684659016219456,-73.91536750868495,Uber,UberSUV,6.827025554703102,1.0,14.44729472073043
2022-03-14 23:21:00,Queens,Bronx,40.79207974489393,-74.01241584366846,40.68838874260527,-73.9536549425765,Lyft,Lyft Black,13.714823172403957,1.14,30.21107222894589
2022-03-28 05:41:00,Times Square,Central Park,40.71009805010001,-73.90935499764126,40.71330409167609,-74.10026580825627,Uber,UberSUV,1.965831594549791,1.4,8.316287406646989
2022-01-18 10:30:00,Times Square,Times Square,40.743033077222016,-74.01713740659984,40.76817444339332,-74.08759212261337,Lyft,Lyft XL,1.541061299043085,1.17,6.080323009790717
2022-01-27 23:04:00,Brooklyn,Bronx,40.718199911152034,-73.98790491487988,40.675845424087974,-73.99487629774148,Lyft,Lyft Black,7.296642614579172,1.0,15.269124575513551
2022-02-05 19:10:00,Upper East Side,Bronx,40.64903657521334,-74.01552452855121,40.613481938030766,-73.95813486966101,Lyft,Lyft Black,6.378800622735112,2.05,28.008947234062212
2022-02-02 01:44:00,Harlem,Staten Island,40.68110316521795,-74.02131038384768,40.75516961342853,-74.07869919449978,Lyft,Lyft,9.135814815092953,1.0,18.487675926412667
2022-03-24 16:23:00,Queens,Brooklyn,40.74827343517274,-73.99013379611725,40.71371668862171,-74.08688767170831,Uber,UberPOOL,14.996115703708675,1.24,35.64157107704782
2022-02-12 23:35:00,Brooklyn,Queens,40.7174844946296,-74.04076057944754,40.74325667797041,-73.91644030842552,Uber,UberX,12.485706966317068,2.38,57.95296951471058
2022-01-02 16:57:00,Staten Island,Brooklyn,40.714785868086864,-74.08335498355613,40.745537322671574,-73.96853668510373,Lyft,Lyft,7.4781141651033245,1.76,27.432591628518242
2022-03-07 00:15:00,Manhattan,Brooklyn,40.630704823355174,-73.97770518699959,40.69617703566889,-74.02556353118402,Uber,UberX,12.338736311169344,1.11,26.742995284446454
2022-01-15 10:06:00,Central Park,Bronx,40.70460959223263,-74.06546438839966,40.70406323543311,-74.04116170694873,Uber,UberSUV,2.0216176612332495,1.07,6.46047907065926
2022-01-04 08:47:00,Staten Island,Williamsburg,40.73643855192738,-73.91682015336615,40.756669210383535,-73.9765225853916,Uber,UberPOOL,7.657102217051095,1.16,18.443917500613722
2022-03-29 23:34:00,Lower East Side,Upper West Side,40.78679393934196,-73.9421055179175,40.61360567990625,-74.10066668037182,Lyft,Lyft Black,11.877665154559043,1.0,23.285914020478327
2022-03-29 23:23:00,Lower East Side,Brooklyn,40.74014418411185,-74.03578569207959,40.80707828662794,-74.04459487906404,Lyft,Lyft XL,2.0572442745013615,1.0,6.100177480377383
2022-01-09 14:02:00,Times Square,Staten Island,40.74157828668206,-74.0680067079836,40.66217854980175,-74.00845468885869,Uber,UberXL,5.071090418870556,1.12,12.739337220986291
2022-02-23 23:03:00,Harlem,Williamsburg,40.760873813915644,-74.09469992033763,40.61287853819553,-73.98242354850818,Uber,UberX,6.464828586596205,1.0,13.813450026543359
2022-02-18 04:22:00,Times Square,Lower East Side,40.702123583410746,-74.08227596406242,40.72534311564924,-74.04881746635681,Uber,UberBLACK,14.23803784672161,1.46,40.028186698373716
2022-02-06 00:04:00,Bronx,Manhattan,40.697188472540944,-73.9376132924377,40.800928530567674,-73.99012146649554,Uber,UberX,2.3461219591760516,1.77,11.692112768547819
2022-01-02 02:06:00,Central Park,Upper West Side,40.68608297989946,-73.94302150629434,40.63491072744048,-74.03892219715463,Lyft,Lyft XL,8.651850936355054,2.74,48.335625239822484
2022-01-18 19:00:00,Upper East Side,Times Square,40.7273777346637,-74.0503489507714,40.64596950014169,-74.02670815952297,Lyft,Lyft Shared,5.874867159617835,1.79,22.87802137750287
2022-01-08 00:31:00,Bronx,Bronx,40.801072949877295,-73.91074360430032,40.723039906375476,-73.93757820638528,Lyft,Lyft,9.022561565361535,1.44,26.336855144711066
2022-01-10 01:28:00,Times Square,Times Square,40.734643070352,-74.09385996366251,40.75008353994266,-74.09395925567394,Lyft,Lyft,7.371277528753389,1.47,22.637611442718093
2022-03-27 06:19:00,Brooklyn,Lower East Side,40.70681936580638,-73.90666008359456,40.71913825877127,-74.08920981816303,Uber,UberSUV,13.811937012884261,1.21,32.271776624782426
2022-01-23 20:25:00,Upper East Side,Central Park,40.73855131306608,-73.97403683156257,40.741456489238814,-74.06320131794872,Uber,UberXL,3.7645144549795746,2.61,23.719419773119203
2022-03-11 04:23:00,Central Park,Brooklyn,40.637496607529684,-73.99917504999729,40.673283682175416,-74.06488978265865,Lyft,Lyft XL,1.945335074185908,1.0,5.904336379825339
2022-01-04 17:30:00,Financial District,Brooklyn,40.72313025576799,-73.95295313514929,40.64080259333998,-74.0684945291586,Uber,UberPOOL,1.633981412642092,2.29,12.273180511163185
2022-03-01 01:04:00,Manhattan,Financial District,40.615601449968906,-73.92191365736129,40.64460363364037,-74.06263469926796,Lyft,Lyft,3.9537727756894494,1.0,9.419102357456536
2022-02-25 07:47:00,Lower East Side,Lower East Side,40.77595906008403,-74.08149071399517,40.70096180033161,-73.95914962565668,Lyft,Lyft Shared,1.7330702583203712,2.03,11.231732092683119
2022-03-27 03:40:00,Upper West Side,Central Park,40.673150586440464,-74.01766520202406,40.732754452696646,-73.94111871813647,Uber,UberX,14.507763737109885,1.0,27.8885865399423
2022-03-03 10:27:00,Williamsburg,Lower East Side,40.72504893079334,-73.97267123709315,40.61845791836236,-74.03130294558602,Lyft,Lyft,12.94997071717413,1.0,25.16244875505473
2022-01-30 17:51:00,Upper West Side,Williamsburg,40.74290760980501,-74.01934623399167,40.77515394369697,-74.01029005049162,Lyft,Lyft Shared,2.4825446038741834,1.2,8.213343668135785
2022-02-20 14:49:00,Upper East Side,Harlem,40.64436837627286,-73.90805217172955,40.81170969549761,-73.97799670136065,Lyft,Lyft XL,13.386200773955176,1.0,25.925851354421557
2022-01-14 05:35:00,Queens,Bronx,40.73032248679729,-73.98157538385773,40.75846057807753,-74.02034451166611,Uber,UberXL,12.02605177236207,1.0,23.545590601633624
2022-02-02 19:23:00,Bronx,Lower East Side,40.71394577660127,-74.00433363955358,40.6401051692991,-74.01565983821152,Uber,UberX,12.223794124792247,1.3,31.059131633902364
2022-03-16 03:29:00,Upper West Side,Lower East Side,40.76100706785068,-73.95377350929004,40.733620200482214,-74.06569957075205,Uber,UberX,11.650633667904224,1.0,22.88860891883239
2022-03-04 14:25:00,Upper West Side,Bronx,40.624678031912254,-74.04820935944062,40.73762247636079,-74.0685540124045,Uber,UberPOOL,8.402655700669612,1.17,20.12943754712103
2022-01-23 10:22:00,Staten Island,Bronx,40.640563126908184,-73.97637800152684,40.710384584034294,-74.0496245767343,Lyft,Lyft Black,2.6923349344128917,1.0,7.211586135222561
2022-03-25 16:23:00,Upper West Side,Bronx,40.627273834886424,-73.9502921773709,40.6898115161269,-73.94031017366451,Lyft,Lyft XL,12.886651604554327,1.29,32.316615997281396
2022-03-05 00:28:00,Queens,Manhattan,40.798072010456295,-73.98883069957225,40.719439836842184,-74.09022060490062,Lyft,Lyft XL,8.476510456665665,2.16,37.44120952619622
2022-01-22 14:32:00,Financial District,Harlem,40.71001821428699,-73.99405292106692,40.751450973443795,-74.04588687910609,Uber,UberX,14.275237170261697,1.56,42.87139747481443
2022-03-07 12:46:00,Upper West Side,Times Square,40.69986452800419,-73.92808202223634,40.783530979853005,-74.02734449363675,Lyft,Lyft,10.38601878292776,1.18,24.39712878674582
2022-01-25 09:22:00,Upper East Side,Financial District,40.781350006569596,-74.09670051443008,40.7936721555454,-74.0051344003121,Uber,UberXL,13.057389602521079,1.54,39.039664978794306
2022-03-11 14:58:00,Williamsburg,Central Park,40.68798568171588,-73.97769391317155,40.78693066889786,-74.0413074826865,Lyft,Lyft XL,13.788471631089092,1.24,33.02098343946333
2022-02-04 09:10:00,Queens,Staten Island,40.6456365738778,-73.95987356894932,40.672895341845816,-74.03671557831551,Lyft,Lyft Shared,4.942827424700077,2.39,26.648375703808075
2022-03-24 09:15:00,Harlem,Lower East Side,40.68502214188065,-73.98247166116927,40.7858291726059,-74.09713514925333,Uber,UberXL,9.48984946847722,1.94,37.06803894548016
2022-03-31 08:51:00,Financial District,Upper East Side,40.722453162955915,-74.04691451878179,40.76595664304077,-74.07882719154016,Lyft,Lyft Black,14.406450055890842,1.32,36.578899629107845
2022-03-15 06:24:00,Financial District,Brooklyn,40.653375960844635,-73.95375048466194,40.6662078964205,-74.00489801814811,Uber,UberBLACK,8.596648734762438,1.24,21.754727754434487
2022-03-14 14:51:00,Upper East Side,Upper East Side,40.69206508348676,-73.94260948518502,40.651015795547984,-74.05658313540906,Lyft,Lyft XL,4.650650672642515,1.27,13.51107111994799
2022-03-11 10:51:00,Upper East Side,Harlem,40.75086911110374,-73.94757509711606,40.63001332696242,-74.02080656289206,Uber,UberSUV,12.758866321573723,1.0,24.828016062754017
2022-03-31 12:20:00,Upper West Side,Times Square,40.668925283548184,-74.07676667199773,40.7106861161837,-73.98143958389912,Uber,UberPOOL,3.378889692277914,1.0,8.41305696148635
2022-01-18 20:41:00,Central Park,Upper West Side,40.650170266339245,-74.04979290347444,40.74258833263187,-74.07826169631542,Lyft,Lyft,10.003760297973413,1.22,24.408028236173234
2022-02-18 18:42:00,Financial District,Queens,40.635766489690646,-74.01984560471044,40.79323244660919,-74.02056839492275,Lyft,Lyft Black,12.3844097645242,2.79,67.4418806752894
2022-02-21 18:03:00,Financial District,Harlem,40.74276867075831,-73.93710983900759,40.76751668152097,-73.98648097405912,Lyft,Lyft Shared,2.5390648105731666,2.17,15.0670986181516
2022-01-01 09:07:00,Bronx,Upper West Side,40.67696972955377,-74.0462526652312,40.67221687056995,-73.99986421950436,Lyft,Lyft XL,10.293175055762932,1.91,39.1799376238876
2022-01-30 20:15:00,Financial District,Bronx,40.775766789520006,-73.95621140124864,40.743452270688564,-73.94474316146444,Uber,UberPOOL,5.152618392978705,2.39,27.525826428633437
2022-01-20 08:01:00,Queens,Upper East Side,40.66044785631696,-74.04826252685024,40.712618304011755,-74.08699739529604,Lyft,Lyft Shared,14.336416644153825,1.98,54.625683671993
2022-01-15 13:08:00,Harlem,Upper West Side,40.66773956481561,-74.07194430934598,40.71173107058045,-73.93281763044857,Lyft,Lyft Shared,11.51980062264561,1.0,22.65965108962982
2022-02-19 07:21:00,Times Square,Queens,40.812645422665796,-73.98527187174959,40.78715044367317,-74.04491305749563,Uber,UberBLACK,7.145391607226398,1.66,24.907362618992686
2022-02-25 11:54:00,Staten Island,Queens,40.73808964897949,-74.0271029511608,40.64935158299675,-73.94249531149461,Uber,UberXL,10.980644158248666,1.12,24.322062550167388
2022-01-05 04:52:00,Central Park,Queens,40.6438880384301,-74.09798809672554,40.79021894984674,-74.04145689323983,Uber,UberPOOL,9.169416575458632,1.0,18.546479007052607
2022-01-05 01:05:00,Lower East Side,Queens,40.804818351327235,-74.07822297944398,40.61913268535762,-74.054742918906,Lyft,Lyft XL,12.560106448626103,1.06,25.948997462201422
2022-02-10 00:59:00,Bronx,Upper West Side,40.804686710101045,-73.92638941000604,40.74937013270497,-74.05092749695656,Lyft,Lyft Black,3.661614075933195,1.29,11.491093776419188
2022-02-18 00:25:00,Staten Island,Williamsburg,40.76972029467289,-74.09348778493144,40.748545669204205,-73.95702203824494,Uber,UberPOOL,11.806557854337226,1.0,23.161476245090146
2022-02-02 08:53:00,Financial District,Central Park,40.70019257708566,-74.01048175485339,40.80194135748136,-74.05801607851315,Uber,UberXL,4.137467048426909,2.4,23.377361603393016
2022-02-17 14:52:00,Lower East Side,Financial District,40.6932109962502,-73.93447879291796,40.77175814218842,-74.06894456599575,Uber,UberPOOL,5.698766175299453,1.15,14.343766927790147
2022-02-25 13:25:00,Upper East Side,Williamsburg,40.80845624748082,-73.98140578724275,40.701811785877545,-74.0917467513906,Lyft,Lyft Black,9.316190457810162,1.0,18.803333301167783
2022-03-12 04:35:00,Bronx,Queens,40.7365310229109,-74.10162610456611,40.79515675057466,-74.05119375648006,Lyft,Lyft Black,12.848342476346675,1.0,24.98459933360668
2022-03-25 15:54:00,Central Park,Harlem,40.64322243741568,-74.09986306422749,40.66365261166419,-74.05682630493625,Lyft,Lyft Black,2.7507915904525264,1.0,7.3138852832919214
2022-02-15 01:04:00,Queens,Manhattan,40.773139500282106,-74.08227834451009,40.75886819909879,-73.96988286963604,Lyft,Lyft,14.677510118939846,1.0,28.18564270814473
2022-01-13 14:23:00,Financial District,Upper East Side,40.726322879642204,-74.08642788475127,40.764962788591895,-74.10243442421879,Lyft,Lyft Shared,4.597216933043344,1.48,15.606791856582262
2022-03-01 16:47:00,Staten Island,Williamsburg,40.73266885344408,-73.9179544823872,40.80742652147609,-73.99461143219358,Uber,UberPOOL,6.3192728393042,1.77,23.99894761974476
2022-01-11 01:23:00,Queens,Financial District,40.72633736702996,-74.10313255442976,40.73310423141253,-74.05891760690042,Uber,UberXL,8.720913028944416,1.11,19.715373558724533
2022-01-02 20:45:00,Upper West Side,Manhattan,40.705328658632105,-73.98519213439333,40.779531941659684,-73.91677638450196,Uber,UberXL,11.951495482617783,2.82,66.03063020671875
2022-02-22 13:16:00,Queens,Times Square,40.65773079941499,-73.93230927609952,40.672403556334494,-74.01328418600353,Lyft,Lyft,8.542835062630363,1.0,17.449961359603137
2022-02-20 18:06:00,Financial District,Times Square,40.76254223260695,-73.99629806533963,40.72479719386869,-74.03385402926642,Uber,UberSUV,5.0020206934814855,1.79,20.143829822330755
2022-01-29 17:51:00,Manhattan,Upper East Side,40.76249230248238,-73.91056310924768,40.78322581411157,-73.99239621659171,Uber,UberXL,2.2808142865357617,2.37,15.384677253407073
2022-02-28 22:44:00,Williamsburg,Queens,40.69357988118329,-73.98693480305207,40.72879298412134,-74.02441721547704,Lyft,Lyft XL,8.954724331972667,1.1,19.987844339047385
2022-03-16 21:23:00,Upper West Side,Brooklyn,40.694170752305126,-74.09774584883186,40.73668786264376,-73.9573956782074,Lyft,Lyft,1.7524372838433586,1.11,6.179109423865724
2022-03-07 12:26:00,Bronx,Brooklyn,40.70656785808294,-74.00285417836265,40.72963001441117,-74.09834812475736,Lyft,Lyft,11.612563887469474,1.12,25.56062521944017
2022-01-11 11:51:00,Financial District,Staten Island,40.75079009749596,-73.98335983674994,40.67920255484219,-73.93712161727831,Uber,UberBLACK,12.652886015413468,1.47,36.224549274651146
2022-02-21 13:16:00,Harlem,Lower East Side,40.80771914430323,-73.93161750240426,40.75950545125369,-74.04786226438178,Uber,UberX,8.612261342711637,1.0,17.571457349745366
2022-03-15 07:59:00,Times Square,Harlem,40.75711855096361,-74.07149316300215,40.672171516239054,-74.08792393002813,Lyft,Lyft XL,6.815226478722323,3.08,44.43407072031332
2022-03-20 02:41:00,Staten Island,Upper East Side,40.6558559029224,-74.07318427676202,40.7361976474607,-73.9682910457897,Lyft,Lyft Shared,13.438476222379487,2.85,74.14940015911769
2022-01-29 04:45:00,Staten Island,Upper East Side,40.78715753617274,-73.93390271926214,40.72461976142587,-74.01806104334705,Lyft,Lyft Black,5.673977064684223,1.0,12.42945986319739
2022-01-24 01:38:00,Manhattan,Manhattan,40.66386337881574,-74.0709496893239,40.70253504939398,-73.93895838150486,Lyft,Lyft XL,12.513370026051536,1.23,30.010028981075934
2022-03-21 20:49:00,Queens,Harlem,40.80760312365922,-74.09960843332593,40.75357810785079,-73.96835104653944,Lyft,Lyft,5.536527501896325,1.0,12.188923128318569
2022-03-18 06:38:00,Financial District,Upper East Side,40.707977141126406,-74.00656925665524,40.6203503959001,-73.99121475209014,Lyft,Lyft Black,9.51257122818435,1.89,36.18782933721974
2022-03-07 21:53:00,Central Park,Upper West Side,40.65922157898732,-74.0711221173219,40.67079069708046,-74.08875069739493,Lyft,Lyft Black,6.455685885364729,1.0,13.797450299388275
2022-01-24 05:14:00,Williamsburg,Harlem,40.625638573229686,-74.03826302365144,40.70762073948144,-74.02755107785002,Lyft,Lyft XL,2.2074147480570723,1.0,6.3629758090998765
2022-03-19 13:51:00,Central Park,Central Park,40.706712012530446,-74.06351856675495,40.62768943383414,-73.9387288990411,Lyft,Lyft XL,13.494998527597863,1.0,26.11624742329626
2022-03-31 12:11:00,Staten Island,Central Park,40.658470114718845,-73.91294353539013,40.77304047534626,-74.07506160598888,Lyft,Lyft Black,5.4043123263045745,1.03,12.316272968163995
2022-02-25 13:30:00,Harlem,Staten Island,40.72464969912121,-74.00341891200515,40.639945059252916,-74.044689408282,Uber,UberPOOL,9.520280247521672,1.0,19.160490433162927
2022-03-21 14:48:00,Williamsburg,Upper West Side,40.774050074832175,-73.95343247274782,40.794814807307404,-73.97692477197027,Uber,UberBLACK,9.782237888808565,1.0,19.618916305414988
2022-02-27 16:05:00,Williamsburg,Manhattan,40.81042223584314,-74.07040892689912,40.7829864760442,-74.0022420569413,Lyft,Lyft,1.6721946127239924,2.0,10.852681144533975
2022-03-22 10:37:00,Central Park,Times Square,40.673547963566286,-73.99754417240815,40.744175347242155,-74.06155320895861,Lyft,Lyft,7.370627390848323,1.0,15.398597933984565
2022-01-22 17:08:00,Staten Island,Williamsburg,40.79794597685143,-74.02808958873726,40.66410376842252,-74.03853835200934,Lyft,Lyft,6.200381037098362,2.15,28.703933652082586
2022-01-01 00:30:00,Lower East Side,Staten Island,40.76345565010891,-74.05637684153571,40.6546066063956,-73.92036750968794,Lyft,Lyft XL,4.066115554072255,1.51,14.519710351635933
2022-01-28 23:55:00,Staten Island,Queens,40.64721753788725,-74.00377126584002,40.80344111804417,-74.09317958295418,Uber,UberXL,1.155470800150476,1.0,4.522073900263333
2022-02-11 08:01:00,Upper West Side,Harlem,40.65975305238845,-73.9858374001765,40.785606295770165,-73.93319294028964,Lyft,Lyft XL,14.490336038169286,1.81,50.42313940090121
2022-02-07 17:34:00,Upper East Side,Times Square,40.731540981390054,-74.05539696910849,40.71478243258663,-73.99062478922228,Lyft,Lyft Black,9.563648484650596,1.59,30.585851908540285
2022-01-31 16:01:00,Financial District,Manhattan,40.71996150411361,-73.91022488674876,40.69568924701958,-74.06072547927407,Lyft,Lyft XL,1.6065954228480295,2.21,11.738507797864756
2022-03-22 02:43:00,Queens,Central Park,40.72643023178245,-73.94120132358191,40.78750014083838,-74.01761228238543,Uber,UberSUV,13.847075087295538,1.05,28.069000472905554
2022-03-03 15:55:00,Upper East Side,Times Square,40.73251985683036,-73.91976924614944,40.72181169078518,-74.03450000371731,Lyft,Lyft XL,12.4537534240928,1.1,26.723475341378645
2022-01-20 23:14:00,Central Park,Times Square,40.62509626385732,-74.10499132742663,40.772774826485495,-74.05508214033878,Uber,UberBLACK,11.613368542965429,1.02,23.27986284919329
2022-03-29 18:48:00,Financial District,Harlem,40.80107260358907,-74.05223308987935,40.77156809410821,-74.03914042977915,Uber,UberPOOL,2.7985340288509812,2.27,16.792176429610524
2022-03-07 02:29:00,Upper East Side,Queens,40.663178334300014,-74.00689192165527,40.72533289955336,-74.06744284249537,Lyft,Lyft,11.48948810426356,1.24,28.032189186251923
2022-01-14 18:18:00,Upper East Side,Upper West Side,40.786344528502056,-73.98389497526695,40.78925312894186,-74.07480839604807,Uber,UberXL,10.91964414926113,1.54,33.27844098225874
2022-01-18 14:21:00,Queens,Williamsburg,40.679049363892005,-73.92792699685997,40.79241504721075,-74.0386978643238,Uber,UberX,2.4967537448790753,1.0,6.869319053538382
2022-02-08 23:56:00,Upper East Side,Upper East Side,40.67164929515995,-74.0948514055932,40.674905578927486,-73.91743443506886,Uber,UberSUV,9.145255187206418,1.21,22.39007785890959
2022-02-03 00:32:00,Financial District,Harlem,40.73081605232476,-74.06185610912647,40.704899183002084,-74.01384978591369,Uber,UberSUV,10.060044322718326,1.77,35.585987289620014
2022-02-14 14:44:00,Times Square,Upper West Side,40.781521447548755,-73.916494108305,40.73341049322341,-74.01745348229315,Uber,UberXL,14.695266011966286,1.95,55.02259526583495
2022-03-30 03:56:00,Financial District,Queens,40.71881557293455,-74.04452375935627,40.809850301019004,-73.94901246586517,Uber,UberSUV,12.863847819651436,1.86,46.52182465296543
2022-01-11 07:47:00,Lower East Side,Upper West Side,40.79186737285512,-74.00964401643137,40.66854106469165,-73.98668326074738,Lyft,Lyft Black,10.089464903354553,1.71,34.4677237232885
2022-01-16 08:04:00,Staten Island,Upper West Side,40.641022501480215,-74.0040579374692,40.76667007970469,-74.07915315720437,Uber,UberX,6.357796775734801,2.35,32.021439240209375
2022-01-10 03:52:00,Manhattan,Upper East Side,40.81222456098932,-74.07156404251451,40.640921096790294,-74.09143523532462,Lyft,Lyft Shared,2.125053154913206,1.19,7.400423195106751
2022-01-30 17:38:00,Lower East Side,Financial District,40.79642850565317,-74.04114365448103,40.61959956352635,-74.0639959475103,Lyft,Lyft,13.876650134061574,2.22,59.46078577082922
2022-02-17 00:55:00,Brooklyn,Bronx,40.68714431344169,-74.02426349980577,40.671595614964914,-74.00926711532334,Uber,UberPOOL,13.201963944775478,1.25,32.004296129196355
2022-03-29 22:34:00,Financial District,Williamsburg,40.78456411377719,-73.91606630033274,40.625462010948745,-74.0603574463396,Uber,UberXL,4.939775434714034,1.52,16.939802656339328
2022-02-08 19:57:00,Manhattan,Harlem,40.63957753812705,-74.0003052841567,40.61682170139468,-74.0635937438694,Lyft,Lyft Black,3.1875361084688074,1.42,11.471027229544985
2022-01-19 17:17:00,Brooklyn,Williamsburg,40.795445144485306,-74.09412596667363,40.71938734402522,-74.023442948425,Uber,UberPOOL,4.4252825481346285,2.32,23.76664714542659
2022-01-19 08:17:00,Queens,Upper East Side,40.71070369027229,-74.01671355205607,40.6619824959407,-74.07928551806944,Uber,UberX,12.744204953991524,1.55,38.44365593770201
2022-01-19 14:50:00,Times Square,Financial District,40.73610284363145,-73.97745982276645,40.67000583341644,-73.9235709352871,Uber,UberBLACK,7.517558483137744,1.88,29.432767409523176
2022-03-09 04:33:00,Bronx,Brooklyn,40.70460550542459,-73.91715715659345,40.698371298526595,-74.07632297030538,Lyft,Lyft Black,4.125566263906121,1.0,9.719740961835711
2022-02-07 03:42:00,Williamsburg,Queens,40.70752027667825,-73.95622178528316,40.80068514575007,-74.08491240508226,Lyft,Lyft,11.286130763221948,1.26,28.035918332904394
2022-01-19 23:02:00,Upper West Side,Brooklyn,40.72130290230547,-73.92225934421785,40.72506772392241,-73.93979868185257,Uber,UberPOOL,2.989652709155723,1.0,7.731892241022515
2022-03-02 14:09:00,Upper West Side,Central Park,40.749163231016716,-73.9595835956672,40.7035178276122,-74.04558343108131,Uber,UberX,9.177611474429412,1.0,18.56082008025147
2022-01-31 15:27:00,Lower East Side,Bronx,40.713282004985565,-73.98537887772592,40.67861739269948,-73.93024491717148,Lyft,Lyft XL,10.154879870381114,1.0,20.27103977316695
2022-03-11 06:07:00,Times Square,Upper East Side,40.7258259888734,-74.04267892765075,40.760027977238025,-74.07850970388611,Lyft,Lyft,8.731129058654023,1.24,22.04655005727923
2022-02-23 01:55:00,Harlem,Williamsburg,40.648971972486635,-74.08352279554246,40.73000542259014,-73.95318993056179,Uber,UberX,12.697928208964573,1.0,24.721374365688003
2022-03-04 08:50:00,Times Square,Times Square,40.8070629295019,-74.0437621863096,40.779504495413036,-74.0007973909082,Lyft,Lyft,2.2979343445999265,1.34,8.738656038086829
2022-01-18 11:07:00,Williamsburg,Times Square,40.649133742325965,-74.06523587725697,40.75701847871469,-74.00261225302995,Uber,UberPOOL,13.332177617937761,1.0,25.831310831391082
2022-02-11 08:12:00,Staten Island,Brooklyn,40.68272539214971,-74.06281218320572,40.76037219979706,-74.06306121608723,Lyft,Lyft Shared,14.61984252505528,1.55,43.53132284921245
2022-03-07 16:25:00,Lower East Side,Queens,40.81024898239799,-73.93859194375601,40.802086681613815,-73.92821272886093,Uber,UberBLACK,8.480044691192152,2.42,41.962989267198765
2022-03-03 09:17:00,Lower East Side,Bronx,40.62756071044643,-73.9547844757722,40.71465259410873,-74.03072691974461,Lyft,Lyft,6.304084237337718,2.12,28.688152520522934
2022-02-23 21:12:00,Central Park,Staten Island,40.77571661717623,-74.00928733019434,40.80570238972067,-73.95777429567097,Lyft,Lyft Black,7.6585755662327495,1.08,17.174707820179897
2022-01-21 09:43:00,Harlem,Harlem,40.78628204826919,-73.9271579109929,40.70990185937892,-74.02673944126192,Uber,UberSUV,9.91786870050325,1.96,38.91828964272615
2022-02-25 17:45:00,Upper West Side,Brooklyn,40.74330843263225,-73.9885863770552,40.664122080879096,-73.9504364135476,Uber,UberX,10.62582915777814,2.44,51.47229050371266
2022-03-15 04:33:00,Times Square,Manhattan,40.720213034083486,-74.06850905470993,40.7350867150361,-73.99679862868831,Lyft,Lyft XL,4.610855616548552,1.29,13.634006554358358
2022-03-29 15:11:00,Upper East Side,Staten Island,40.7256487149839,-74.01835912262383,40.64151121509452,-74.07274909992363,Lyft,Lyft,14.39593214546796,1.0,27.69288125456893
2022-01-11 16:02:00,Times Square,Upper West Side,40.787543442062564,-73.97145961478941,40.62137437098469,-73.91501334019942,Uber,UberX,11.485890739027562,1.96,44.296605234864536
2022-03-26 04:11:00,Central Park,Harlem,40.69850507022258,-73.97246689310705,40.67243343152551,-74.07218467593452,Uber,UberSUV,2.454493154662212,1.28,8.698064666443356
2022-01-29 14:07:00,Queens,Upper West Side,40.62625278452005,-73.96653432694347,40.65766048215315,-74.06310526697875,Uber,UberBLACK,6.780749809157948,1.0,14.36631216602641
2022-02-13 05:07:00,Times Square,Central Park,40.7714979954284,-74.07314960356823,40.79000409727103,-73.92316564580403,Uber,UberX,4.913249091214623,1.81,20.087716496422317
2022-02-07 23:38:00,Upper West Side,Manhattan,40.790212530162286,-74.00643818443001,40.629397757646416,-74.04878553533683,Uber,UberXL,11.144051543623702,1.08,23.762257417448797
2022-02-14 00:22:00,Williamsburg,Central Park,40.78625209841187,-73.93732051333595,40.61944041857771,-73.94574556847684,Lyft,Lyft Black,10.624004975566995,1.28,26.99777114527007
2022-03-23 22:33:00,Central Park,Staten Island,40.78670011864603,-74.04691046502005,40.70813157740495,-74.0538633433221,Uber,UberXL,2.668761469628654,1.0,7.170332571850144
2022-02-06 18:27:00,Central Park,Harlem,40.70138167352477,-74.07478825560884,40.76666823450526,-74.03499157276131,Lyft,Lyft Shared,10.260639014134371,1.6,32.72978923957624
2022-01-28 16:05:00,Central Park,Bronx,40.76904461679298,-73.94081115935168,40.78689198020747,-73.96174167440358,Lyft,Lyft XL,10.19435828252997,2.36,48.00269970684877
2022-01-02 23:19:00,Bronx,Upper East Side,40.70531647955454,-74.00609042043915,40.69002340274726,-73.95670878175288,Uber,UberSUV,11.654849899178803,2.88,65.94044349186117
2022-01-03 00:21:00,Financial District,Williamsburg,40.656163885246436,-73.99993366684171,40.74099558108698,-74.06553971061946,Uber,UberX,5.841822243828259,1.44,18.321392054447212
2022-02-13 21:48:00,Staten Island,Upper West Side,40.79264563322431,-74.06888200519305,40.6830275503561,-74.09234304767932,Uber,UberSUV,8.965693314129204,2.91,52.93279320220298
2022-03-05 07:58:00,Times Square,Bronx,40.66695221281295,-74.08945451173439,40.62984224633511,-74.00802644669216,Uber,UberX,8.899453105608687,2.08,37.59400930441562
2022-01-29 11:56:00,Williamsburg,Brooklyn,40.77926890949487,-73.98665291577146,40.62087506043085,-74.02197614983343,Uber,UberXL,11.679197391024319,1.0,22.93859543429256
2022-03-03 04:41:00,Staten Island,Bronx,40.63318802999311,-74.03057871019219,40.61977485238844,-74.03345768226899,Uber,UberX,1.093975776652026,1.0,4.414457609141046
2022-01-18 13:47:00,Lower East Side,Queens,40.75780469252214,-74.06618351087631,40.68572469060268,-74.06750027788277,Uber,UberSUV,13.368011217247835,1.0,25.89401963018371
2022-02-19 06:51:00,Upper East Side,Financial District,40.765599352146324,-74.01509452666738,40.812403074737574,-74.03815025349277,Uber,UberX,6.557059584803403,1.0,13.974854273405954
2022-03-26 17:13:00,Staten Island,Bronx,40.687934304321,-73.91371320695345,40.74994079864162,-74.0596604887663,Uber,UberBLACK,10.943526071689718,1.16,25.115357925530127
2022-01-19 16:33:00,Upper West Side,Upper West Side,40.788042775067254,-74.05206269705016,40.63292492885286,-74.01727200632111,Lyft,Lyft Black,3.166969500858019,1.61,12.947936568667467
2022-01-03 20:16:00,Lower East Side,Financial District,40.779756372599365,-74.06970354294994,40.73539809520823,-73.93344011149775,Uber,UberXL,6.984242673926866,1.0,14.722424679372017
2022-02-18 04:29:00,Times Square,Central Park,40.80542597374473,-74.10467020983903,40.68035764230334,-74.00520546257343,Lyft,Lyft Shared,4.189444561581976,1.71,16.811912850534068
2022-02-18 16:10:00,Upper West Side,Brooklyn,40.738194889246685,-73.91597457284234,40.75962198925227,-74.06116231211172,Lyft,Lyft,8.241420740457283,1.26,21.322332732708308
2022-02-27 18:07:00,Lower East Side,Staten Island,40.77790963457877,-74.04641704466395,40.683213303586435,-73.95714920025557,Lyft,Lyft Black,3.2271341141013483,1.31,10.673204956577342
2022-02-01 18:11:00,Staten Island,Lower East Side,40.71327148354228,-74.07048458049853,40.73795867145821,-74.03740771011866,Lyft,Lyft Shared,13.67570666301934,2.11,55.77254685319891
2022-02-26 19:02:00,Brooklyn,Bronx,40.667499662892595,-73.9868395960499,40.80567424147871,-74.10273410833966,Uber,UberSUV,3.9154236937142195,1.85,17.301184208399786
2022-02-19 21:05:00,Lower East Side,Staten Island,40.667207763101686,-74.10369278096663,40.62871052121881,-73.91910376258113,Uber,UberX,5.221663129866785,2.0,23.27582095453375
2022-03-23 08:33:00,Upper East Side,Harlem,40.75688940062742,-73.96085353001858,40.69543643351158,-74.05828097064833,Uber,UberBLACK,5.403071321801628,1.85,22.11744340433277
2022-01-27 07:49:00,Staten Island,Brooklyn,40.615467305554056,-74.00557564402777,40.747232076360135,-73.99354740663493,Uber,UberXL,10.96713245329388,1.72,37.31106868441458
2022-01-10 12:17:00,Bronx,Queens,40.76331045518099,-74.0553396311928,40.72029487658714,-73.98012548774891,Uber,UberBLACK,3.1808606801640193,1.0,8.066506190287033
2022-02-18 16:21:00,Williamsburg,Manhattan,40.62966402554076,-74.0280162834697,40.704067248529704,-73.94322684039295,Uber,UberSUV,5.453424135586697,2.1,25.29133369828111
2022-03-28 16:04:00,Staten Island,Lower East Side,40.6131690682816,-73.91369139340499,40.766089120518195,-74.08844428249971,Uber,UberX,13.208668094896925,1.92,49.181124798853666
2022-02-01 16:21:00,Times Square,Upper West Side,40.67635166050068,-73.9458863712787,40.70641932666325,-73.97568359260332,Uber,UberSUV,13.619349750954871,2.7,71.10142757326177
2022-01-09 14:43:00,Times Square,Williamsburg,40.73971671796592,-73.98642997311312,40.613764428697344,-73.9775515011776,Uber,UberSUV,3.826995521690213,1.45,13.336001136288914
2022-03-14 21:00:00,Upper East Side,Brooklyn,40.75874623572605,-74.10126500530055,40.78425088017456,-73.94000844924766,Uber,UberPOOL,9.418274904549191,1.0,18.981981082961084
2022-02-28 02:03:00,Brooklyn,Bronx,40.69745211126419,-74.06130474990972,40.743363536493405,-74.075524120711,Lyft,Lyft Shared,11.845164311748261,1.07,24.855070173748622
2022-03-30 13:19:00,Williamsburg,Staten Island,40.627370804484755,-73.94997510787914,40.741112569587244,-74.02650855530139,Uber,UberBLACK,10.391866126922816,1.16,23.995488237653312
2022-01-04 10:00:00,Bronx,Brooklyn,40.65543092770718,-73.9360591486542,40.668949983813164,-74.09803403273476,Lyft,Lyft,14.528488795642012,1.11,30.996589485534614
2022-02-17 23:23:00,Brooklyn,Harlem,40.61312490721767,-73.97797946258551,40.80167521419414,-73.93535813888582,Uber,UberPOOL,6.861682635170389,1.0,14.507944611548181
2022-02-04 19:42:00,Williamsburg,Brooklyn,40.61829529592874,-74.03012440187025,40.73593994349938,-74.09188553781989,Lyft,Lyft Black,11.60646787071143,1.65,37.63867597667925
2022-02-27 22:02:00,Bronx,Bronx,40.61797634485192,-74.01480402631606,40.79009451498369,-74.05266641455671,Lyft,Lyft,10.739420669124947,2.89,61.53962003409943
2022-02-14 18:53:00,Brooklyn,Lower East Side,40.647114924242594,-74.03599613305403,40.81148271021005,-73.99643902666585,Uber,UberXL,14.169918640439935,1.23,33.57574987354696
2022-02-19 16:44:00,Staten Island,Upper West Side,40.64982358398832,-74.10006063514899,40.63050367105089,-73.92122747523334,Lyft,Lyft Shared,14.778709830760393,1.46,41.4096036175928
2022-02-07 13:32:00,Times Square,Manhattan,40.67644076577905,-74.07088158895048,40.641295583831464,-73.92375409298872,Lyft,Lyft,11.145971210039047,1.57,34.54855589958228
2022-01-23 22:05:00,Harlem,Times Square,40.703536032322205,-73.90664029451682,40.745922829815505,-74.09038148644197,Lyft,Lyft XL,4.198675005481921,2.5,24.619203148983402
2022-03-01 05:56:00,Queens,Harlem,40.7764007679741,-73.98448791627168,40.66496196264078,-74.06400560889955,Uber,UberXL,10.4660821086585,1.12,23.31352093297066
2022-01-18 23:26:00,Williamsburg,Central Park,40.6874981617864,-74.02194331997508,40.76757960067516,-73.98259767353906,Lyft,Lyft XL,2.552235442676049,1.19,8.290030309372872
2022-02-25 23:59:00,Brooklyn,Upper West Side,40.6466364392654,-74.09411131299316,40.784469709488285,-74.0464702498836,Lyft,Lyft XL,12.763058573369866,1.25,31.044190629246586
2022-02-21 03:31:00,Williamsburg,Upper East Side,40.713565998406715,-74.05878435261386,40.77183467247825,-74.08625259888055,Lyft,Lyft XL,8.414896862821273,1.21,20.84354410702404
2022-02-07 15:05:00,Upper West Side,Central Park,40.65010879049433,-73.91357268185341,40.629881925551246,-74.0219299633632,Uber,UberSUV,7.331263681042622,1.09,16.709385471588803
2022-01-15 15:41:00,Financial District,Brooklyn,40.73665541767918,-74.01172920252266,40.66508113385137,-73.9843782023926,Lyft,Lyft Black,13.405711925845035,1.35,35.045994424808896
2022-02-08 22:35:00,Financial District,Central Park,40.70686975321548,-74.10394479683464,40.762841559617115,-74.07932040389738,Uber,UberBLACK,10.549518720586583,1.44,30.184787175878192
2022-03-07 11:39:00,Manhattan,Queens,40.64881053278172,-74.06864764522095,40.75143733267938,-73.95991199935638,Lyft,Lyft,9.45185191517659,1.0,19.040740851559033
2022-03-16 03:18:00,Upper West Side,Staten Island,40.63663445505139,-74.0435397621106,40.61608892316677,-74.08918848991183,Lyft,Lyft,5.804043149548912,1.06,13.416500042413233
2022-02-06 01:22:00,Harlem,Financial District,40.75723480290993,-74.06269598186144,40.62138822849303,-74.01989086346596,Uber,UberBLACK,10.687329400335713,2.22,47.07027472030425
2022-02-20 08:10:00,Upper West Side,Williamsburg,40.73131226228232,-74.07551086701709,40.613610749100474,-74.07889100214703,Uber,UberSUV,6.331407458092595,1.79,24.308133862475053
2022-01-20 20:32:00,Times Square,Central Park,40.806689745546336,-74.00243093505534,40.78643753377745,-74.03711936533463,Lyft,Lyft Black,12.322026282419895,1.0,24.063545994234815
2022-02-04 16:38:00,Harlem,Financial District,40.66796580986142,-74.0933939224094,40.74918355565886,-73.98426218212803,Lyft,Lyft Shared,7.225475525737615,2.1,31.803622557085735
2022-03-30 22:19:00,Upper West Side,Williamsburg,40.67978947135436,-74.0522003391277,40.68660401272634,-73.92376347276915,Uber,UberPOOL,10.611795044881061,1.09,22.966999048110626
2022-01-25 01:17:00,Upper East Side,Lower East Side,40.61787285693095,-74.00844654094792,40.73570397904764,-74.03027952803376,Uber,UberX,4.259672301311094,1.0,9.954426527294416
2022-03-16 19:53:00,Staten Island,Upper East Side,40.65405510437078,-74.00483222697623,40.691031374344064,-73.99744316794003,Lyft,Lyft XL,11.712563037005904,1.77,40.704664007125785
2022-03-03 07:26:00,Times Square,Central Park,40.63125956342173,-74.00045506748867,40.6307855157104,-74.07960438638584,Uber,UberXL,13.362380966757852,2.86,74.02871673862305
2022-01-31 02:36:00,Lower East Side,Queens,40.80988527316063,-73.9169310716959,40.630305446982,-73.92350742407488,Lyft,Lyft Shared,3.835229135304631,1.0,9.211650986783106
2022-03-11 15:28:00,Upper West Side,Staten Island,40.6550170386269,-74.07992140063371,40.800131464725006,-73.9538206223401,Uber,UberSUV,5.997283113030162,1.0,12.995245447802782
2022-01-27 08:03:00,Financial District,Lower East Side,40.742708360124915,-73.98346717768123,40.766684649690355,-74.08359266234214,Uber,UberBLACK,12.187688413887795,1.99,47.41862490136425
2022-03-13 18:14:00,Financial District,Financial District,40.716020782041994,-74.06887542721843,40.73800579587306,-74.08948537517999,Lyft,Lyft Black,8.900488319160326,2.12,38.320811664084815
2022-03-28 01:43:00,Brooklyn,Staten Island,40.65875217795263,-74.04523820361214,40.789485416409086,-74.08150954504339,Lyft,Lyft,11.026033488538857,1.0,21.795558604943
2022-01-06 00:06:00,Central Park,Lower East Side,40.77083407401417,-74.05501650041353,40.66739276426141,-73.96215659590271,Lyft,Lyft Black,8.633689464997884,1.0,17.608956563746297
2022-02-26 22:00:00,Williamsburg,Financial District,40.72275593900996,-74.09035626184554,40.64259883720336,-74.04837543364033,Lyft,Lyft Shared,6.81537147282938,1.7,24.5257301316674
2022-03-12 23:47:00,Central Park,Manhattan,40.62873713872076,-73.98391467842926,40.64594379680813,-74.10458133189047,Uber,UberXL,12.967256172378162,1.52,38.292901418525915
2022-02-22 10:53:00,Financial District,Lower East Side,40.807818746712165,-73.97044409639449,40.731004418454575,-74.01735315445156,Lyft,Lyft,12.9562632197766,1.99,50.09518666287201
2022-01-10 18:34:00,Upper East Side,Bronx,40.6640382288405,-74.02668571320937,40.740521586604544,-74.03551582644342,Uber,UberBLACK,2.895015364261627,1.89,14.30026331729533
2022-03-05 21:03:00,Upper East Side,Queens,40.73508920641997,-73.9367728024151,40.64334598382485,-74.00277764940272,Uber,UberXL,2.6070659171225725,2.44,17.232171466113385
2022-01-14 20:27:00,Brooklyn,Upper West Side,40.64450442421042,-74.07394145796827,40.796887297058696,-74.06811338836492,Uber,UberX,12.58467581354326,1.0,24.523182673700706
2022-03-23 03:06:00,Staten Island,Bronx,40.77722626491425,-73.91799611945507,40.7441766360711,-74.04190935586915,Uber,UberPOOL,6.930903852783662,1.0,14.629081742371408
2022-01-04 15:46:00,Staten Island,Brooklyn,40.751284625694446,-74.06590184585004,40.735368937577,-73.95378485792666,Uber,UberXL,3.534766491249841,1.0,8.685841359687222
2022-01-04 11:04:00,Times Square,Harlem,40.79072824966087,-74.00305384743096,40.6356450933899,-73.92810370317966,Uber,UberSUV,13.178733551699038,1.6,40.90045394475731
2022-03-24 00:17:00,Manhattan,Upper West Side,40.643011489142474,-74.0246345021482,40.71969807343231,-73.96906651501061,Lyft,Lyft,3.0575675136207088,1.21,9.499399210091852
2022-03-17 13:40:00,Central Park,Manhattan,40.62164703052753,-73.94584086693415,40.645752427994346,-73.99096276717877,Uber,UberXL,5.172297064478229,1.0,11.551519862836901
2022-02-17 01:45:00,Upper West Side,Upper East Side,40.683375502360406,-73.96758333234732,40.63325970572535,-74.09193858368948,Lyft,Lyft Black,13.694280813808808,1.0,26.464991424165415
2022-01-04 08:10:00,Queens,Times Square,40.73356389139032,-73.92173926958701,40.67305849198512,-74.04547896800402,Uber,UberXL,8.176841523605631,2.06,34.6275136925983
2022-03-19 08:47:00,Staten Island,Central Park,40.787422070932585,-74.08423048664204,40.76315627612659,-73.95785764396402,Lyft,Lyft Shared,9.488355209619641,2.19,41.83912134086727
2022-03-27 11:38:00,Bronx,Lower East Side,40.73799387039022,-73.90795043999817,40.81029671670812,-74.05145923854336,Lyft,Lyft Black,1.4120506502830161,1.0,4.971088637995278
2022-01-24 07:25:00,Manhattan,Brooklyn,40.693007839177085,-73.97098015846261,40.809112909757836,-74.08484893318196,Uber,UberPOOL,14.103983122790916,2.15,58.44123649950082
2022-01-11 06:10:00,Brooklyn,Upper East Side,40.62882993004984,-74.01209528927163,40.67686294355414,-73.91787428152125,Lyft,Lyft Black,6.6455300863928395,1.23,17.379503510960586
2022-03-18 09:32:00,Williamsburg,Brooklyn,40.73280339782795,-74.0471640214721,40.76943530381514,-73.95577298042912,Uber,UberXL,7.664602820616597,2.13,33.894807013848364
2022-03-21 00:39:00,Harlem,Times Square,40.64793909855084,-74.07752373063802,40.69660446434402,-73.91740213122965,Uber,UberPOOL,5.116270058015797,1.16,13.286028217772065
2022-01-05 12:49:00,Williamsburg,Williamsburg,40.70124939764706,-74.01631371939847,40.794566628612635,-74.02874418201363,Lyft,Lyft Black,5.397252427660925,1.0,11.94519174840662
2022-03-18 05:06:00,Upper East Side,Upper West Side,40.65070889966177,-74.06291900945452,40.793762883434866,-73.9509252981413,Lyft,Lyft Shared,6.199341213949824,1.0,13.348847124412192
2022-01-28 19:09:00,Queens,Upper West Side,40.77975326140464,-73.9193022665935,40.66523717126474,-74.06622350886512,Lyft,Lyft Shared,8.109109937524122,2.29,38.22225807462792
2022-02-07 14:41:00,Queens,Bronx,40.659786597724626,-74.03526309469787,40.68758598214698,-73.98611287030444,Lyft,Lyft XL,8.718228509829085,1.24,22.018555866329113
2022-03-14 09:35:00,Williamsburg,Lower East Side,40.64909641851674,-74.10455460774644,40.735916371089715,-73.99176541597673,Uber,UberPOOL,6.613529893656949,1.41,19.843885012598523
2022-03-16 13:14:00,Upper West Side,Harlem,40.70325807194891,-74.07263358165665,40.709720150464285,-73.95937379840632,Uber,UberBLACK,11.293638388826295,1.0,22.263867180446017
2022-03-13 02:37:00,Bronx,Queens,40.76460949836573,-73.98610545802902,40.637779191490814,-74.02365313208558,Uber,UberXL,1.1454661970161604,2.1,9.45958827403439
2022-03-27 17:49:00,Financial District,Financial District,40.6753469861455,-73.93764452996757,40.75689759844114,-73.93097187632151,Uber,UberSUV,14.143390229847268,1.71,46.59909526281795
2022-02-16 00:57:00,Financial District,Williamsburg,40.66874746616421,-73.93043174120861,40.757410721288586,-74.03670958482131,Lyft,Lyft Black,1.5709724116473376,1.12,5.879105926828782
2022-03-08 02:31:00,Lower East Side,Manhattan,40.79540802352584,-74.03594475876208,40.735350104576504,-74.04773399472663,Lyft,Lyft Shared,5.667468314739674,1.0,12.41806955079443
2022-02-05 06:54:00,Staten Island,Bronx,40.78127676549312,-73.91894331264265,40.699849633051485,-74.05536959086298,Uber,UberXL,10.715406189542415,1.0,21.251960831699225
2022-03-12 06:35:00,Brooklyn,Times Square,40.74996040781256,-73.98069620955914,40.67463404392201,-73.9817490795372,Lyft,Lyft Black,2.998661374496207,1.0,7.747657405368362
2022-01-01 12:39:00,Staten Island,Harlem,40.71146396367731,-73.95283316179324,40.64612415582087,-73.97406769533107,Uber,UberBLACK,11.371628869847706,1.0,22.400350522233484
2022-02-23 18:46:00,Times Square,Upper East Side,40.7901239252835,-74.00887943100697,40.753012352944495,-74.10477614288888,Lyft,Lyft Shared,6.980314507482041,2.2,32.37421085380586
2022-01-10 09:56:00,Central Park,Brooklyn,40.786562175420656,-74.06897618447915,40.617096121609315,-73.92663022004396,Uber,UberBLACK,11.15770825397848,1.6,35.24158311113975
2022-02-03 12:13:00,Upper West Side,Manhattan,40.66993391626034,-74.08191450662929,40.638526838244914,-73.92317927969712,Uber,UberBLACK,9.553361654796314,1.14,21.90895650131864
2022-02-22 05:35:00,Brooklyn,Staten Island,40.74147386859039,-73.96465673768503,40.69710462802355,-74.04935778883876,Uber,UberXL,9.59420015149456,1.09,21.025936788975873
2022-01-12 05:18:00,Manhattan,Upper East Side,40.696072774668934,-73.9339048614106,40.64201696733008,-73.95492137199595,Uber,UberXL,1.4063806912195034,1.2,5.953399451560957
2022-03-26 06:06:00,Williamsburg,Williamsburg,40.63876988569472,-73.93110813038169,40.67345128321635,-74.08173455106888,Uber,UberXL,10.467332647761017,1.0,20.81783213358178
2022-02-08 06:55:00,Staten Island,Upper East Side,40.80534218703521,-73.93335570036473,40.781911881618015,-74.07332463924894,Lyft,Lyft,5.2079598399782645,1.08,12.543044097558921
2022-01-10 13:18:00,Financial District,Bronx,40.72580132728029,-74.00146892089117,40.66238766756255,-74.02619472237883,Lyft,Lyft Black,3.3340855010408195,1.22,10.16827254472215
2022-03-21 15:40:00,Financial District,Bronx,40.771440526764586,-73.91349355072094,40.686951978161126,-73.92363474298892,Lyft,Lyft XL,6.476434479330021,1.0,13.833760338827537
2022-02-12 21:21:00,Financial District,Financial District,40.63319804903013,-73.90802221802853,40.73892275952461,-73.94205521996949,Lyft,Lyft XL,12.16631511614787,2.96,70.42151230164598
2022-02-18 15:49:00,Upper East Side,Times Square,40.80526482527281,-74.08393454769633,40.764103876334225,-74.01910173493715,Lyft,Lyft Black,12.001845093548017,1.29,30.31916529868465
2022-03-26 21:29:00,Manhattan,Financial District,40.75697494936902,-73.90657135021667,40.69142821740586,-73.90915192299072,Uber,UberPOOL,13.694257012403188,2.26,59.8107864840546
2022-01-09 00:36:00,Financial District,Lower East Side,40.78342006640536,-74.02547848065664,40.683868287899,-73.94937343720832,Uber,UberX,2.1299241072002713,2.7,16.813891406521282
2022-03-26 13:21:00,Staten Island,Staten Island,40.65170181728243,-74.07801785828161,40.781274489245014,-73.97852715662643,Uber,UberX,2.3823866279431556,1.0,6.669176598900522
2022-01-16 01:34:00,Central Park,Staten Island,40.77271048998513,-73.92545903628802,40.64664138257845,-73.96365847676203,Uber,UberSUV,1.016535834635612,1.77,7.573719747783808
2022-03-21 11:47:00,Harlem,Financial District,40.631885115741134,-73.96901797174115,40.747202680344316,-73.9128425724881,Lyft,Lyft XL,6.621179020989409,1.0,14.087063286731466
2022-02-19 14:18:00,Upper East Side,Bronx,40.681388324084864,-74.03469020763622,40.74677673310584,-74.09609830592922,Uber,UberXL,10.783844908528705,1.0,21.371728589925233
2022-03-12 08:40:00,Upper West Side,Manhattan,40.72729936574017,-73.94097785965766,40.80418307768649,-73.9064899948384,Lyft,Lyft Shared,2.70976280482106,2.21,16.00500764764545
2022-03-21 00:54:00,Queens,Harlem,40.81109872937052,-73.93423717445387,40.75528981992726,-74.01289071444633,Uber,UberSUV,7.982628532110591,1.0,16.469599931193535
2022-02-28 12:22:00,Upper East Side,Central Park,40.63654373440685,-73.92866052671926,40.77587022272307,-73.98187369985008,Lyft,Lyft XL,10.724555552066118,1.0,21.267972216115705
2022-01-29 02:06:00,Upper West Side,Harlem,40.613417707122366,-74.00676396671521,40.71667163564707,-74.0537550807224,Lyft,Lyft,3.8423565719919246,2.69,24.812893562651983
2022-02-12 15:48:00,Williamsburg,Brooklyn,40.69605523650544,-73.92176098133511,40.75131052897183,-73.90759806833172,Uber,UberPOOL,6.25672064958912,1.08,14.525202027723438
2022-03-12 14:56:00,Central Park,Harlem,40.71333313153163,-73.93455965755825,40.732139015516815,-74.08204151664877,Uber,UberX,14.437907164104132,1.0,27.76633753718223
2022-03-05 07:30:00,Upper West Side,Manhattan,40.752581976250234,-74.05040248415447,40.75294166395312,-73.97524925650781,Lyft,Lyft XL,14.978584582490312,1.19,34.16790239303607
2022-03-29 08:01:00,Financial District,Lower East Side,40.75536258119932,-73.9729023457578,40.68699000123745,-74.06946837922402,Uber,UberX,1.7446794354882529,2.25,12.494675277234995
2022-03-24 20:45:00,Lower East Side,Manhattan,40.644531279896924,-74.05813693706972,40.80242440344271,-74.06331441146462,Uber,UberX,12.694456428555613,1.11,27.43398161246928
2022-03-29 19:55:00,Upper East Side,Times Square,40.806127733165546,-74.05750944446797,40.7473371121119,-74.1011197663037,Uber,UberSUV,5.8322288135924945,1.33,16.89951256363653
2022-03-27 11:48:00,Brooklyn,Times Square,40.65564864261359,-73.97008092325747,40.69469505825009,-74.07567154071097,Uber,UberBLACK,6.541055590286255,1.0,13.946847283000945
2022-02-15 12:08:00,Brooklyn,Staten Island,40.77401530409286,-74.10519512954947,40.744108450569,-73.9285399371003,Lyft,Lyft,3.064224974067087,1.0,7.862393704617402
2022-01-02 23:16:00,Times Square,Brooklyn,40.6329516624688,-73.9513229719469,40.64160980139461,-74.01954463505437,Uber,UberBLACK,14.528080714450915,3.33,92.98739036346272
2022-02-07 14:45:00,Williamsburg,Manhattan,40.74660928182463,-73.93202137406853,40.650719851602794,-74.05278587117665,Uber,UberPOOL,9.786331362039414,1.12,21.981209469597253
2022-03-25 03:02:00,Financial District,Central Park,40.61842969266802,-73.91742351372946,40.69078491955302,-74.07650941134054,Lyft,Lyft Black,9.899485353382394,1.1,21.806509305261113
2022-01-05 11:42:00,Times Square,Manhattan,40.80630928970351,-74.02911098118723,40.78356339897967,-74.07660886752049,Lyft,Lyft Black,6.5302202079086,1.8,25.07019365491209
2022-01-30 20:15:00,Staten Island,Brooklyn,40.67739923261315,-73.91216153382726,40.78884652395461,-73.99473082145688,Uber,UberSUV,10.60066156750427,2.75,57.89068379361429
2022-02-02 02:15:00,Queens,Williamsburg,40.63558774685847,-74.0092202413337,40.71453434287731,-74.04034775400011,Uber,UberSUV,8.804511608685177,1.04,18.624211127807023
2022-03-08 02:37:00,Bronx,Lower East Side,40.79247570524625,-74.07580912710635,40.79347039723716,-74.01240820051157,Lyft,Lyft,5.706934899620683,1.0,12.487136074336195
2022-03-21 21:48:00,Brooklyn,Manhattan,40.66516946900132,-73.94587960391138,40.766123614217776,-73.9086041430398,Lyft,Lyft,6.920871447069233,1.0,14.611525032371159
2022-02-02 17:23:00,Bronx,Manhattan,40.65630291251964,-74.05311644289947,40.68306602312011,-74.03603438408813,Lyft,Lyft,13.390603425201114,1.66,43.04970295020924
2022-01-23 08:39:00,Brooklyn,Upper East Side,40.71101847592443,-73.93213389262434,40.68372662916708,-74.03489877835051,Lyft,Lyft,5.370460561553246,1.33,15.824746957015181
2022-01-21 06:02:00,Queens,Manhattan,40.7132183759719,-73.99100696086225,40.72512361361666,-74.00380535602181,Uber,UberBLACK,2.4712685958776532,1.0,6.824720042785893
2022-03-24 03:12:00,Lower East Side,Staten Island,40.669937653461446,-74.02968848712001,40.72847858069387,-74.07054835989423,Lyft,Lyft XL,8.7664765835599,1.0,17.841334021229827
2022-01-04 15:14:00,Manhattan,Central Park,40.73750655935358,-73.98514437404462,40.67225071997058,-74.05907898675937,Lyft,Lyft Black,13.26275718196585,1.07,27.509512823231052
2022-02-14 10:43:00,Staten Island,Lower East Side,40.789487408017855,-74.01575916972044,40.79412816185948,-73.97394700464336,Uber,UberBLACK,14.302078619409011,1.16,31.93321959740029
2022-02-05 09:03:00,Staten Island,Upper West Side,40.762307587360816,-73.93621666180574,40.80048607410793,-73.9218395312021,Uber,UberXL,12.631759063013208,2.19,53.88621660899812
2022-02-07 18:40:00,Central Park,Central Park,40.62345351447373,-73.9450807915532,40.726707136734696,-74.01196148061689,Uber,UberBLACK,5.482697818278785,1.3,15.723137536584236
2022-02-20 14:42:00,Brooklyn,Upper West Side,40.811951916709205,-73.98003838388111,40.70261409213417,-74.02075414887659,Uber,UberBLACK,10.899262287249682,1.0,21.573709002686943
2022-01-21 13:54:00,Financial District,Manhattan,40.67313266630681,-74.08388353290782,40.73949008528305,-74.04648712749703,Lyft,Lyft Shared,14.433312269349967,1.0,27.758296471362442
2022-03-20 17:01:00,Manhattan,Lower East Side,40.683822393884434,-73.98131810662797,40.717592433539906,-73.98480913577036,Uber,UberX,11.476784419148784,1.39,31.392278099579414
2022-03-03 12:27:00,Queens,Harlem,40.79346975489005,-73.95307763711958,40.73903606117893,-74.00501390909335,Uber,UberXL,5.873687050216968,1.26,16.101479945728414
2022-01-20 03:46:00,Bronx,Staten Island,40.71531978609697,-73.97567788684144,40.661194215921405,-74.06936147715959,Lyft,Lyft Black,6.909286522529242,1.0,14.591251414426173
2022-02-26 14:28:00,Central Park,Financial District,40.63370938501003,-74.07124449315252,40.79789134140497,-74.02405870692132,Lyft,Lyft Shared,11.691920490317326,1.0,22.96086085805532
2022-03-28 05:15:00,Brooklyn,Brooklyn,40.72388817965151,-74.05465334181734,40.653088270530525,-73.98327699199018,Lyft,Lyft Black,11.010201590127455,1.0,21.767852782723047
2022-03-10 21:06:00,Manhattan,Brooklyn,40.71324491352789,-74.1008735931606,40.76641654248472,-74.09093856272281,Lyft,Lyft Shared,6.199747369569053,1.16,15.485487160225176
2022-03-11 20:33:00,Staten Island,Financial District,40.663256170148784,-74.06598689129872,40.69540476272307,-73.95990320867239,Lyft,Lyft Black,6.020689556399206,1.0,13.03620672369861
2022-03-24 14:20:00,Central Park,Central Park,40.7926612620781,-74.02687548707729,40.645354819914324,-74.04726821133379,Lyft,Lyft Shared,1.6764525713511478,1.0,5.433791999864509
2022-01-12 23:52:00,Bronx,Financial District,40.74655534672734,-73.90650141575783,40.65148719049256,-74.08055947935425,Lyft,Lyft Black,14.840344293410041,1.0,28.470602513467572
2022-03-06 14:08:00,Times Square,Staten Island,40.76802974276799,-73.98932750531806,40.735728298099765,-73.99986143665666,Uber,UberXL,10.71834132503161,1.83,38.90048809341373
2022-02-23 08:52:00,Bronx,Bronx,40.7346736785533,-73.97934071672796,40.676730890626224,-73.97989365603347,Lyft,Lyft XL,14.067129789947764,2.11,57.217876749382114
2022-03-21 11:33:00,Staten Island,Staten Island,40.63722636723385,-74.0623031772736,40.77851497624652,-73.98986393988118,Lyft,Lyft XL,4.942861076741761,1.0,11.150006884298081
2022-01-30 18:44:00,Harlem,Upper East Side,40.799772956707194,-74.02253338249844,40.80305427249424,-73.91458277988082,Uber,UberX,10.522863739728182,1.08,22.588212468086265
2022-01-23 06:17:00,Upper East Side,Harlem,40.73013335715067,-73.97852662071968,40.806529813046325,-74.08467024748299,Lyft,Lyft Shared,2.616258972053628,1.0,7.078453201093849
2022-03-25 15:57:00,Bronx,Williamsburg,40.73518110722839,-74.07410336023064,40.80813997126908,-73.92477068669743,Lyft,Lyft XL,14.15009891521499,1.23,33.533087915000266
2022-03-23 13:46:00,Upper East Side,Times Square,40.68442183618921,-73.96732367169763,40.683577951805944,-73.91309744614998,Uber,UberPOOL,11.775041917064335,1.01,23.337386588411213
2022-02-25 07:21:00,Williamsburg,Financial District,40.807121946522166,-74.08332705931306,40.754715495642266,-73.96246394912508,Lyft,Lyft Shared,4.378940093997967,1.75,17.785504037868773
2022-02-22 18:16:00,Lower East Side,Financial District,40.720264506214434,-73.96677793581354,40.72971905082196,-74.09957031965413,Uber,UberXL,10.245758458691018,2.53,51.68809557585448
2022-03-06 08:23:00,Upper East Side,Harlem,40.61912528945131,-74.03324620593509,40.65371831013576,-73.92922349050696,Lyft,Lyft Shared,8.849757838951271,2.18,39.2118261555991
2022-02-11 18:10:00,Staten Island,Times Square,40.73010973696682,-73.96039375168067,40.647536020780784,-73.95065824136208,Uber,UberX,2.3853940119152006,1.0,6.674439520851601
2022-03-29 07:01:00,Times Square,Central Park,40.67336928931659,-73.97066628197126,40.61795509885794,-74.09153396385447,Lyft,Lyft Black,7.661578381024505,1.67,26.565962818544115
2022-03-11 18:47:00,Brooklyn,Lower East Side,40.79721844237271,-74.01249442545206,40.8024687454168,-74.06142720624626,Lyft,Lyft XL,7.075301350041352,2.61,38.84143891631388
2022-01-22 18:19:00,Financial District,Bronx,40.747462005737226,-73.95214396566965,40.6817672872558,-74.04379155586753,Uber,UberPOOL,9.344497478453928,2.07,39.02544211569935
2022-01-01 03:01:00,Central Park,Manhattan,40.803192135053905,-73.9686863293764,40.71512445081828,-74.0182559348713,Lyft,Lyft Shared,5.811128227860056,1.0,12.6694743987551
2022-03-19 03:36:00,Upper East Side,Harlem,40.677730383555,-73.97439545355749,40.80322522503798,-74.04561779315684,Uber,UberBLACK,9.66403907330441,1.26,24.459206156636224
2022-03-15 22:39:00,Queens,Times Square,40.793933707344735,-74.07867539048604,40.680694433499355,-74.09460162927938,Uber,UberPOOL,2.0804687699577893,1.0,6.140820347426131
2022-03-01 21:22:00,Staten Island,Lower East Side,40.73022511359438,-74.03253513233376,40.74733660913311,-74.00350747857475,Uber,UberX,1.3946010775496056,1.29,6.373311932568235
2022-02-01 07:01:00,Lower East Side,Bronx,40.77726290198858,-74.03413464281293,40.7543972350386,-73.91271727499675,Lyft,Lyft Shared,7.278047648575464,1.39,21.178850905159816
2022-01-15 05:54:00,Harlem,Lower East Side,40.75279056076627,-74.06243175235517,40.80634333058061,-74.09283453489253,Uber,UberSUV,11.839135672461747,1.19,27.630000037901585
2022-02-10 15:45:00,Queens,Times Square,40.648584746438004,-74.03320014339914,40.65748822012216,-73.92964736868872,Lyft,Lyft XL,14.212152299801486,1.0,27.3712665246526
2022-02-24 05:11:00,Times Square,Harlem,40.806277641657886,-74.07233572091539,40.647860306516925,-74.07330006831717,Uber,UberX,4.898569207820136,1.1,12.179745725053763
2022-02-26 18:50:00,Staten Island,Bronx,40.76349226121628,-73.95641208405534,40.61549784714899,-73.98082090805578,Lyft,Lyft Shared,14.946445826827972,1.5,42.984420295423426
2022-02-02 10:45:00,Staten Island,Lower East Side,40.74571420403117,-73.98288551167342,40.68768501543071,-73.91420414420149,Uber,UberPOOL,12.767618595968067,1.0,24.84333254294412
2022-03-28 01:34:00,Upper East Side,Lower East Side,40.62207602503814,-74.07789527069271,40.802897442166824,-73.91433518593072,Uber,UberXL,5.449795451621899,1.0,12.037142040338324
2022-03-27 05:24:00,Manhattan,Financial District,40.764845161949715,-74.02311842073524,40.675579024257814,-74.03725716603475,Uber,UberXL,3.721250779717824,1.0,9.012188864506193
2022-03-05 03:57:00,Manhattan,Lower East Side,40.748565186558714,-74.06679574906151,40.77344016002369,-73.98495185640805,Lyft,Lyft,7.191094270705237,1.0,15.084414973734166
2022-03-10 15:52:00,Times Square,Central Park,40.792169905265006,-73.96249632292275,40.70623553340235,-73.94800550192049,Lyft,Lyft XL,7.705899738761796,1.2,19.18238945139977
2022-01-19 11:44:00,Williamsburg,Central Park,40.66065950099003,-73.91519801604267,40.7983338540595,-74.02370434375189,Lyft,Lyft Black,8.230055505517894,1.0,16.902597134656315
2022-01-03 19:07:00,Upper West Side,Central Park,40.743202843155224,-73.95619162068353,40.67891094588043,-74.0876752606058,Uber,UberXL,7.712113531262703,1.37,21.91479219120233
2022-03-16 02:36:00,Upper East Side,Lower East Side,40.7389834210333,-74.08510835420472,40.80742450123457,-73.9260555381343,Uber,UberSUV,4.205246354282341,1.11,10.94369104319345
2022-03-13 09:24:00,Bronx,Upper East Side,40.69390510865077,-73.94291567193136,40.68821912198447,-73.94956755788813,Uber,UberSUV,1.588904762291995,2.0,10.561166668021983
2022-03-08 06:53:00,Upper West Side,Central Park,40.61951908766237,-73.98872181587969,40.674677584980486,-73.9547413858015,Lyft,Lyft Shared,4.22556058865611,1.29,12.76420302889117
2022-01-22 22:24:00,Queens,Upper West Side,40.702516751549325,-74.0740107448051,40.7926126549437,-74.06968793235086,Uber,UberPOOL,8.017701933951805,2.34,38.682489419532644
2022-01-04 10:28:00,Staten Island,Upper East Side,40.74568428249502,-74.07827065071133,40.76355110929685,-74.02089056259678,Lyft,Lyft,7.553681793229233,1.0,15.718943138151158
2022-03-03 09:35:00,Lower East Side,Times Square,40.744183863553054,-74.08596430563912,40.69987188154386,-74.04252745450985,Uber,UberXL,13.116344113564688,1.26,32.071538770410136
2022-01-19 04:12:00,Central Park,Harlem,40.787814045495864,-73.95195141137306,40.77016658837288,-73.93053868909428,Uber,UberBLACK,6.54265825091688,1.15,16.042099729970218
2022-01-10 15:54:00,Staten Island,Harlem,40.634654426872395,-73.91148261097437,40.62549924490218,-73.9908296328693,Lyft,Lyft Black,6.000561735300742,1.08,14.041061679718403
2022-01-19 14:14:00,Brooklyn,Central Park,40.742901948076245,-73.94367345528079,40.68672334319952,-73.92707720603896,Uber,UberBLACK,13.512581247825205,1.02,26.66995752736799
2022-02-27 06:50:00,Times Square,Harlem,40.78468430339335,-74.01723093368511,40.795716113577384,-73.90787081851512,Lyft,Lyft Black,4.500644575034775,1.72,17.846940170854673
2022-02-23 13:19:00,Bronx,Upper East Side,40.81235166645374,-74.05903350471293,40.729206634660834,-73.99147707761793,Uber,UberXL,1.7118055427329442,1.0,5.495659699782652
2022-01-25 06:24:00,Times Square,Times Square,40.8007566117008,-73.91729636481527,40.72961105047838,-74.01924890099154,Uber,UberXL,3.6189839702078497,1.41,12.454842946487869
2022-01-30 20:40:00,Central Park,Upper East Side,40.73525297827857,-74.07511149137468,40.810888001139155,-73.95073214733083,Uber,UberXL,3.3218287069610417,1.52,12.636064360516372
2022-02-01 21:51:00,Times Square,Williamsburg,40.614443617828755,-73.90817064108586,40.7382919802392,-73.9946042115635,Lyft,Lyft,10.198754465015742,1.35,27.469557423599696
2022-02-14 19:06:00,Brooklyn,Upper East Side,40.67827082752264,-73.98341966642525,40.80944029639106,-74.04291903664381,Lyft,Lyft,6.86444700650301,2.31,33.524527023788416
2022-01-10 19:39:00,Queens,Queens,40.619357314761004,-74.00328892034976,40.79580711924807,-73.94484501217214,Lyft,Lyft,3.5880802773520015,1.59,13.958833371731947
2022-02-13 01:37:00,Lower East Side,Upper East Side,40.75963699203791,-73.9949735773611,40.63499197966993,-73.90766151566095,Uber,UberSUV,13.108292263928751,1.96,49.861442465275616
2022-03-24 05:45:00,Upper East Side,Staten Island,40.673220285238976,-73.98743445636606,40.671096341172856,-74.02081842539465,Uber,UberSUV,6.509012388773947,1.19,16.530018299621744
2022-03-23 09:13:00,Queens,Williamsburg,40.66903800912927,-74.09518848090954,40.61976289985636,-73.97982865383085,Lyft,Lyft XL,6.749590815796564,1.34,19.177790463042943
2022-03-06 11:34:00,Queens,Harlem,40.62551076175544,-73.91104982962891,40.72705805657856,-73.9902583015401,Uber,UberPOOL,13.93093111311571,1.0,26.879129447952494
2022-03-17 04:15:00,Upper West Side,Queens,40.757930850216184,-74.06076899250877,40.678419402102634,-74.07171316717192,Uber,UberXL,1.9768836342866185,1.05,6.257523678001661
2022-03-17 05:56:00,Financial District,Staten Island,40.71268586873307,-74.01691179393029,40.62518345630574,-74.09424574657278,Lyft,Lyft,6.827369922207189,1.51,21.816325019432497
2022-03-03 14:39:00,Harlem,Harlem,40.739772335222284,-74.04938955361935,40.769763605822185,-73.91105988760758,Uber,UberX,11.488128199592412,1.0,22.60422434928672
2022-02-07 04:15:00,Queens,Queens,40.78756595226869,-74.08171842791846,40.66251923169668,-74.03551895704831,Uber,UberPOOL,1.1157132309296425,1.0,4.452498154126874
2022-01-22 18:43:00,Williamsburg,Financial District,40.78156669781292,-73.96825072980583,40.77224590157781,-74.07158325467705,Lyft,Lyft XL,12.158765685516636,2.17,51.597912690749425
2022-01-21 09:07:00,Times Square,Upper East Side,40.6369586285953,-73.92945955139685,40.76792025334391,-74.04023357268412,Uber,UberPOOL,2.6205796069894953,2.44,17.289874921845144
2022-01-20 19:32:00,Queens,Manhattan,40.636264590998096,-74.09016241216888,40.63389115269959,-73.92911367081666,Lyft,Lyft XL,8.694829087971543,1.73,30.64859506383385
2022-02-01 17:54:00,Bronx,Central Park,40.67302141663737,-73.95488311163345,40.665019573604695,-73.92026652112169,Uber,UberBLACK,7.953076448465492,1.33,21.83578543380343
2022-03-06 02:10:00,Bronx,Times Square,40.8056902949457,-73.9226053274912,40.70900031931582,-74.0952240599827,Uber,UberXL,3.935037408659977,2.19,20.556030868689362
2022-02-08 04:09:00,Bronx,Queens,40.77258309076611,-73.96108542336512,40.71637579782246,-74.00123302716318,Uber,UberSUV,6.5417893132287785,1.0,13.948131298150363
2022-03-13 22:41:00,Upper East Side,Financial District,40.79942526693339,-73.94341259964155,40.76307653622952,-74.0658852555347,Uber,UberSUV,5.8112577298605625,1.65,20.90500669497237
2022-02-02 16:47:00,Brooklyn,Manhattan,40.697481208899056,-74.04615826433414,40.72123549953868,-73.95650755413885,Lyft,Lyft Black,8.34501006252551,1.37,23.43216162490491
2022-01-13 18:38:00,Bronx,Times Square,40.78503401989715,-74.07371984544365,40.79750874483104,-74.03243109463291,Lyft,Lyft Shared,13.374885806215076,1.72,44.55840627670738
2022-03-30 04:53:00,Manhattan,Queens,40.63584316195084,-74.05749050082748,40.79915304435691,-73.97009059258718,Uber,UberX,5.9872095633793965,1.14,14.794483078941894
2022-03-04 07:37:00,Financial District,Brooklyn,40.634673271072344,-74.10322952027619,40.7007427371196,-74.09740732501253,Lyft,Lyft Shared,9.366900031019584,2.39,45.15205937973941
2022-01-03 09:28:00,Staten Island,Financial District,40.72842307843853,-74.04764977695149,40.65236731212071,-73.98998956794027,Lyft,Lyft Shared,1.5562782973230083,1.82,9.506746376973782
2022-02-21 21:01:00,Manhattan,Times Square,40.76527320062497,-73.92470004639024,40.661674075511115,-73.9624366035009,Lyft,Lyft,8.799040164361129,1.15,20.58306833077677
2022-02-13 00:07:00,Harlem,Upper West Side,40.72498521267935,-74.03753404307568,40.69237365679388,-74.08250960866809,Lyft,Lyft XL,5.231285198442414,2.94,34.26496234598622
2022-01-16 10:03:00,Lower East Side,Staten Island,40.80537696552632,-73.94059972610408,40.78884634771273,-73.91658649128802,Uber,UberX,8.663253066864552,1.12,19.779976011054522
2022-03-05 08:17:00,Bronx,Financial District,40.617520991693596,-74.08209121214462,40.67833458012822,-74.00436326404412,Lyft,Lyft Shared,4.875903455976456,1.86,20.521065749203366
2022-01-10 11:20:00,Williamsburg,Manhattan,40.68942641612959,-74.0403864742806,40.785836388913715,-73.91704790778192,Uber,UberSUV,4.09027178625692,1.0,9.657975625949609
2022-03-30 06:02:00,Upper East Side,Times Square,40.759561687001565,-74.06243269054843,40.70777217668894,-73.93889513930607,Lyft,Lyft,9.690045039672926,1.0,19.45757881942762
2022-02-13 12:24:00,Manhattan,Staten Island,40.68146999082051,-74.02364201934573,40.700430065739006,-74.00945782335374,Uber,UberSUV,8.927764977966678,1.0,18.123588711441688
2022-01-08 23:43:00,Financial District,Times Square,40.80840143727025,-73.94776328771144,40.67883808871911,-73.93509702457166,Lyft,Lyft Black,6.581867151230071,2.94,41.21370649307872
2022-01-23 22:41:00,Staten Island,Staten Island,40.783261493346686,-74.01614945414161,40.689737917314645,-74.00880437275205,Uber,UberSUV,4.649131627956523,2.34,24.88819401648196
2022-01-14 10:40:00,Staten Island,Harlem,40.806951137216124,-74.06341078891408,40.71614783506518,-74.01946716272319,Uber,UberXL,3.150692081946634,1.12,8.975356480615403
2022-01-09 23:23:00,Williamsburg,Financial District,40.70682838205797,-74.04040837291431,40.71276577429507,-73.92532192146615,Uber,UberXL,8.185746560758146,2.96,49.802167184727196
2022-01-31 20:10:00,Manhattan,Financial District,40.6595811150979,-73.91592596301899,40.77647890533104,-73.98621897821562,Lyft,Lyft Black,10.013541614219228,1.0,20.023697824883648
2022-02-28 13:46:00,Upper East Side,Bronx,40.757024986712864,-74.0437860934327,40.785222680257604,-74.05256825403715,Lyft,Lyft,10.019785822781865,1.01,20.234971441766945
2022-02-18 02:21:00,Financial District,Queens,40.671027884069446,-74.07544790820806,40.648940716008475,-73.9254628657418,Uber,UberXL,9.740155960136935,1.7,33.22696398140738
2022-01-22 12:02:00,Upper West Side,Times Square,40.723135147863275,-74.0907315818017,40.727230932185,-74.0948435135834,Uber,UberSUV,14.573553645771486,1.25,35.00464860012513
2022-01-13 17:04:00,Financial District,Bronx,40.79742687799858,-74.06800882849303,40.63575864716089,-74.04350846850011,Lyft,Lyft Shared,5.7550598302605405,1.86,23.382719747498058
2022-03-05 12:26:00,Harlem,Lower East Side,40.783949851934786,-73.94035220108748,40.66190558132949,-74.0533680582495,Uber,UberPOOL,4.248467537056166,1.0,9.934818189848292
2022-03-17 17:43:00,Harlem,Staten Island,40.624414058278404,-74.09635591218908,40.775468068902505,-73.94796433340679,Lyft,Lyft Black,5.294620598995444,1.41,16.589476328021256
2022-03-17 20:39:00,Upper East Side,Upper East Side,40.69128513616621,-73.9916494382512,40.69135232889135,-73.93484611376076,Lyft,Lyft Black,12.972014240445876,1.0,25.201024920780284
2022-02-05 01:23:00,Bronx,Manhattan,40.75074583572061,-74.09828624590234,40.627479695066505,-73.99629996108064,Uber,UberBLACK,7.822841930441105,1.7,27.522954743062286
2022-02-21 22:52:00,Upper East Side,Staten Island,40.65468297968746,-74.05674997409463,40.66399849478941,-74.04626930721957,Uber,UberBLACK,7.493708941606604,1.0,15.613990647811557
2022-01-26 21:18:00,Lower East Side,Williamsburg,40.79143795202434,-74.00777664694762,40.795119943638674,-74.09119216420346,Uber,UberXL,7.409111788680707,1.0,15.465945630191237
2022-01-22 05:42:00,Times Square,Harlem,40.81213664412685,-73.93212735411225,40.622730164195154,-74.00454399297668,Lyft,Lyft Shared,6.887824646845301,1.59,23.14037207984705
2022-02-23 06:18:00,Brooklyn,Williamsburg,40.67360598785346,-74.0319895904499,40.631856750227925,-73.91689877258584,Lyft,Lyft XL,3.1057345893124064,1.02,8.093736241922645
2022-01-12 05:11:00,Central Park,Times Square,40.685831342477485,-73.9200385056042,40.79423959645086,-74.0573453420436,Lyft,Lyft XL,2.751734974314836,1.21,8.851798808111665
2022-02-16 11:15:00,Staten Island,Lower East Side,40.629344089701135,-74.06604939544196,40.732523772032735,-74.06287800764606,Lyft,Lyft Shared,2.3108512148842886,1.21,7.918227447517481
2022-01-13 22:09:00,Upper West Side,Financial District,40.78677161988524,-73.92029472793043,40.73068329547557,-74.01768892776752,Uber,UberPOOL,6.222277316507633,1.03,13.79065486300501
2022-01-13 17:15:00,Brooklyn,Harlem,40.70432509130807,-74.08667831193637,40.61296042682482,-73.92668496737116,Uber,UberX,14.914946873305135,1.81,51.76809422119401
2022-02-25 03:13:00,Brooklyn,Upper East Side,40.65143076332672,-73.91652607905493,40.61935878975076,-74.0901510218317,Uber,UberXL,11.407914615501126,1.0,22.46385057712697
2022-03-21 19:59:00,Lower East Side,Financial District,40.8085352617145,-73.9412673030773,40.69465050689359,-74.05605467150126,Lyft,Lyft Shared,3.744036436044417,2.14,19.37141645298634
2022-03-08 11:44:00,Harlem,Lower East Side,40.63960351827554,-73.99187496209778,40.70317555528659,-74.05900659513628,Uber,UberPOOL,10.623666873858543,1.0,21.09141702925245
2022-02-02 19:32:00,Times Square,Williamsburg,40.71454608673779,-74.05837773464953,40.67370887592764,-74.09222383828391,Uber,UberSUV,11.853815619875078,2.34,54.391374963388444
2022-01-14 03:32:00,Queens,Upper West Side,40.80355619889592,-74.04154799363342,40.61523227625529,-74.07930211599015,Lyft,Lyft Black,6.032408937110883,1.0,13.056715639944045
2022-01-12 18:38:00,Upper East Side,Brooklyn,40.64805100334839,-74.10504793242659,40.69328447306748,-73.92041307444836,Lyft,Lyft,12.433868585697766,1.7,41.240759042450854
2022-02-08 05:34:00,Manhattan,Times Square,40.63630153513348,-73.99628740981848,40.715409118175174,-74.022961655339,Uber,UberSUV,5.004724918785552,1.0,11.258268607874715
2022-02-03 11:07:00,Upper West Side,Upper West Side,40.63369488361167,-73.9347629014183,40.63496062437502,-74.0539537103075,Uber,UberPOOL,7.694392198284213,1.0,15.965186346997372
2022-03-05 06:55:00,Upper East Side,Upper West Side,40.77312101681665,-73.93225373799112,40.61977613176182,-74.03536565346617,Lyft,Lyft XL,5.64081900943201,1.0,12.371433266506019
2022-02-21 07:03:00,Lower East Side,Lower East Side,40.77053246653111,-74.08650599618369,40.61808938763701,-73.9869814249598,Uber,UberX,9.933224651480057,1.64,32.60835474974776
2022-03-07 11:33:00,Bronx,Williamsburg,40.697372617541994,-73.95217950262844,40.726114352032,-73.90892487518671,Uber,UberXL,14.60245771942184,1.02,28.615387029167987
2022-01-18 10:46:00,Times Square,Bronx,40.74676150741589,-74.09633300099769,40.70076791667618,-74.07430699946977,Uber,UberX,4.13345838807629,1.2,11.680262614960208
2022-01-20 11:52:00,Upper East Side,Lower East Side,40.74123996051861,-73.94973505539174,40.79535393921405,-74.00770127860787,Uber,UberPOOL,1.7960432294232411,1.12,6.320244729669554
2022-01-13 04:02:00,Financial District,Upper East Side,40.69768301250843,-74.01314317907844,40.72964513947755,-73.96649719742723,Uber,UberBLACK,9.888782278835723,1.7,33.669127279536276
2022-02-28 15:52:00,Brooklyn,Harlem,40.69501663869371,-74.02820573127781,40.667221399166365,-73.92132144035124,Uber,UberX,11.208066797502546,1.01,22.33525806458575
2022-02-07 08:04:00,Brooklyn,Lower East Side,40.71053839339583,-74.05082010858241,40.77722672419509,-74.09012651468876,Lyft,Lyft XL,12.89354342509404,2.49,62.40861547484728
2022-01-06 00:25:00,Brooklyn,Queens,40.77289456033315,-73.95985632122469,40.760665119066736,-73.97928824888146,Uber,UberSUV,14.852751718669147,1.0,28.49231550767101
2022-03-04 15:07:00,Upper East Side,Upper West Side,40.70814735897215,-73.95010757269827,40.67025360430904,-73.96270521230176,Uber,UberBLACK,1.0835712093950656,1.12,4.923799570414329
2022-01-09 14:29:00,Times Square,Central Park,40.71603326413013,-74.01726079144926,40.693038258946515,-74.05913725675673,Uber,UberX,9.529672456245345,1.26,24.162927766020985
2022-01-11 08:02:00,Staten Island,Times Square,40.70254341462089,-74.05926091754228,40.651083601896666,-74.09145913818413,Lyft,Lyft,2.839489975753195,2.1,15.685125660892991
2022-01-29 23:28:00,Central Park,Upper West Side,40.81269739657069,-73.94606580712068,40.794794269305434,-74.05967041596014,Uber,UberPOOL,9.79789344485493,2.48,48.72285755067039
2022-01-22 06:25:00,Upper East Side,Manhattan,40.71294701360235,-74.08571019390162,40.71077328605609,-74.03580198727094,Lyft,Lyft,8.275547530328915,1.0,16.982208178075602
2022-02-25 01:41:00,Harlem,Staten Island,40.67692281119581,-74.02160364945772,40.7561483591397,-74.04773725113387,Uber,UberPOOL,6.921184959896968,1.23,17.972850626178225
2022-01-14 20:50:00,Financial District,Manhattan,40.69776059807184,-74.08794479662885,40.72814219368498,-73.91052048533611,Lyft,Lyft Black,8.46565261607557,1.51,26.14548703797969
2022-03-10 10:27:00,Upper East Side,Manhattan,40.6310791430715,-73.9579997084447,40.66185315589999,-73.93213671245901,Uber,UberBLACK,4.837420482633286,1.15,12.610308721299488
2022-03-22 14:30:00,Lower East Side,Upper East Side,40.71688201055318,-74.03375462147703,40.81174903784902,-74.01301517657242,Lyft,Lyft,1.7232738611618195,1.12,6.177616767877167
2022-02-13 07:16:00,Staten Island,Williamsburg,40.78299412649888,-73.9982845893453,40.805422304775604,-74.07989032016523,Uber,UberBLACK,4.937004255525373,1.2,13.367708936603284
2022-02-02 05:25:00,Brooklyn,Upper East Side,40.79828150517312,-73.91328032163703,40.683602111129574,-74.09021929121961,Uber,UberBLACK,9.100773155321102,1.09,20.084724793775003
2022-02-26 19:24:00,Staten Island,Times Square,40.73710025416083,-74.07623406892903,40.77944421093437,-73.94538917649355,Uber,UberSUV,11.339620179569504,1.32,29.494522614805554
2022-03-16 14:19:00,Bronx,Times Square,40.704125685765284,-74.03104982295231,40.62849868749384,-74.03788406566682,Lyft,Lyft Black,3.063694185264618,1.0,7.861464824213082
2022-02-01 01:12:00,Harlem,Central Park,40.70379007099621,-73.96628053615099,40.711951953954255,-74.04111583918542,Lyft,Lyft,11.28130651761786,1.0,22.242286405831255
2022-02-05 08:49:00,Central Park,Lower East Side,40.6646030898605,-73.94398714931738,40.683718160120236,-73.95696083078259,Uber,UberSUV,6.038872647291373,1.62,21.170203955071045
2022-02-27 18:18:00,Bronx,Harlem,40.759565376892915,-73.91038870060842,40.754293549633935,-73.94027239114985,Lyft,Lyft Shared,3.108097400085963,1.74,13.814156583261758
2022-03-27 23:58:00,Brooklyn,Lower East Side,40.660094987266575,-73.91703837551958,40.62907575623197,-74.08084605837519,Uber,UberPOOL,4.747832501779272,2.22,23.995329269412476
2022-02-06 14:41:00,Upper East Side,Times Square,40.66221038384915,-74.05911756934327,40.653936775405356,-74.08240508318734,Lyft,Lyft,10.033540577566743,1.0,20.0586960107418
2022-01-18 00:17:00,Times Square,Queens,40.65239691840043,-74.10202088888066,40.73125296765898,-74.00389131515709,Uber,UberX,4.803002553482283,1.55,16.903144426320694
2022-01-29 00:16:00,Queens,Staten Island,40.76861404436189,-73.91568785927498,40.65675313898274,-73.95329460355934,Uber,UberX,4.1815938816808345,2.1,20.61735751517707
2022-03-20 18:10:00,Queens,Harlem,40.70817924830786,-73.9162955887326,40.745578855132216,-73.92448435111608,Uber,UberSUV,13.10800636181553,1.39,35.36022547511627
2022-03-01 05:47:00,Williamsburg,Financial District,40.710896614291606,-73.92292386143825,40.652930311447285,-73.94167548841642,Lyft,Lyft XL,9.157280081293605,1.24,22.971297776407123
2022-02-27 08:12:00,Lower East Side,Upper West Side,40.71902976745787,-73.95379176317614,40.7793521056831,-73.93436262307031,Uber,UberPOOL,1.6110806697194637,2.5,13.298477930022655
2022-03-10 21:57:00,Upper West Side,Bronx,40.72508538105077,-73.91957270789129,40.638920996582655,-74.08102359952252,Uber,UberPOOL,3.261507653837583,1.03,8.453867546042243
2022-03-01 12:10:00,Financial District,Times Square,40.69658210754661,-74.06639403015623,40.73178532859908,-74.10063489018007,Lyft,Lyft Shared,6.8590693439436805,1.61,23.350427876561323
2022-01-07 15:52:00,Williamsburg,Financial District,40.66785491918928,-73.9826859706689,40.67870295256627,-73.93467384136645,Uber,UberPOOL,7.854499408402361,1.0,16.245373964704132
2022-02-19 23:29:00,Harlem,Staten Island,40.78057320104369,-74.10577957722056,40.70025171702004,-73.98908961165421,Lyft,Lyft Black,3.857049009914414,2.84,26.26953357927464
2022-01-11 17:53:00,Upper West Side,Queens,40.7738970524784,-74.00029313370804,40.71979851018738,-74.02174967492103,Uber,UberXL,10.672901956720462,1.95,41.29627792730857
2022-03-14 05:12:00,Williamsburg,Staten Island,40.695767868313474,-73.94012071162568,40.79773740516656,-74.0739317623374,Lyft,Lyft Shared,11.319776435508242,1.14,25.43295398883894
2022-03-20 14:42:00,Upper East Side,Times Square,40.73942959866898,-73.95684077136372,40.79634766977366,-73.99417381052535,Lyft,Lyft XL,13.42743795718923,1.02,26.51797675358278
2022-01-27 13:37:00,Williamsburg,Brooklyn,40.636368342408204,-74.04620082437292,40.626093306404336,-74.03062279405948,Uber,UberXL,3.3810323447163793,1.0,8.416806603253663
2022-01-19 12:30:00,Queens,Brooklyn,40.738061144234244,-74.08812259326457,40.80287544473815,-74.08260333029745,Uber,UberSUV,8.713266463508653,1.27,22.540234715147978
2022-01-08 03:34:00,Harlem,Harlem,40.7214436394157,-73.9072366890414,40.72098175960062,-74.01864247475311,Lyft,Lyft Shared,8.205880514532593,1.0,16.860290900432037
2022-01-11 06:20:00,Queens,Upper West Side,40.63978675678135,-74.06178518005025,40.756879838600774,-74.03943974521778,Uber,UberXL,3.558616884126079,1.0,8.727579547220639
2022-02-06 11:53:00,Financial District,Brooklyn,40.62249535754001,-73.98052730413148,40.76890138100281,-74.0361113958036,Uber,UberSUV,12.693258221411936,1.39,34.35135062358453
2022-02-15 16:39:00,Williamsburg,Financial District,40.77327555476223,-73.98774659767066,40.660147667611675,-74.10269540606176,Uber,UberPOOL,4.430820995148579,1.7,17.431692460567024
2022-03-02 01:30:00,Upper West Side,Bronx,40.737730090107014,-74.07279993879031,40.6787520722194,-74.08714132889925,Lyft,Lyft Black,1.458324819359739,1.0,5.052068433879543
2022-01-01 08:36:00,Manhattan,Upper East Side,40.63024548737575,-74.02140378678676,40.7735484668151,-74.05642223210062,Lyft,Lyft XL,9.783566777090417,2.15,42.185669998802695
2022-03-24 05:27:00,Staten Island,Central Park,40.65075055758823,-74.0055491462191,40.76517456012599,-74.09995974604442,Lyft,Lyft Black,2.4662021456711094,1.0,6.815853754924442
2022-03-29 21:30:00,Staten Island,Williamsburg,40.63454644393599,-73.94855154392845,40.67535648248846,-74.01735317815836,Lyft,Lyft,14.813247725395346,1.0,28.423183519441857
2022-03-03 17:22:00,Williamsburg,Queens,40.67416958977958,-73.9864346957095,40.79557875674466,-73.95394718539927,Lyft,Lyft,6.031872852898908,1.54,20.105897338562556
2022-02-08 22:11:00,Financial District,Harlem,40.68818225526362,-74.08068045405912,40.63858764449191,-73.91158198096191,Uber,UberX,11.179179652210893,1.14,25.15246340616073
2022-01-11 19:24:00,Bronx,Brooklyn,40.72546144921069,-73.95034272081283,40.64633240684549,-73.92525877545019,Uber,UberBLACK,4.552200997346148,1.13,11.826977472252006
2022-02-01 13:35:00,Financial District,Queens,40.6953044327702,-74.02034112602988,40.69572778775896,-73.91774628990316,Lyft,Lyft Black,13.30277801356317,1.0,25.779861523735548
2022-01-10 06:06:00,Upper East Side,Lower East Side,40.77584379600479,-73.92719531724637,40.77094495264011,-74.09304943064352,Lyft,Lyft Black,12.542177292976348,1.0,24.44881026270861
2022-02-01 21:11:00,Bronx,Harlem,40.796532633972525,-73.91822998198155,40.81142563664224,-73.95656927754027,Lyft,Lyft,9.924055464817123,1.0,19.867097063429966
2022-03-13 08:31:00,Brooklyn,Lower East Side,40.66124181116923,-73.96135498360624,40.6200606917272,-74.00033442627411,Uber,UberXL,6.0725625556352965,2.39,31.373492888944632
2022-01-18 18:49:00,Harlem,Times Square,40.802584738155126,-73.92755133660864,40.80036014475129,-73.95941930629722,Lyft,Lyft Shared,6.552508974080161,2.22,31.006497364301428
2022-02-09 12:52:00,Financial District,Upper West Side,40.783008053543945,-74.06542953817996,40.72555619821673,-73.9846781846956,Lyft,Lyft Shared,10.972985197666679,1.43,31.034895457160864
2022-01-19 09:13:00,Times Square,Harlem,40.7360874451595,-74.09235620130166,40.78078924411031,-73.99530607566844,Lyft,Lyft Shared,11.23399650241175,2.61,57.836279024765666
2022-03-29 13:58:00,Upper West Side,Central Park,40.761039166782,-73.99719258671381,40.69037781135023,-74.07129409672955,Uber,UberBLACK,3.0485252752433842,1.0,7.834919231675922
2022-01-20 05:11:00,Upper West Side,Upper East Side,40.794918945301234,-73.92283275694297,40.77902401571176,-74.02513910108297,Uber,UberBLACK,11.880492827417417,1.09,25.387040068298724
2022-03-14 23:54:00,Harlem,Upper West Side,40.75236069734663,-73.98095725191097,40.64282072437453,-74.09469290378311,Uber,UberXL,6.389735447858761,1.0,13.682037033752831
2022-01-23 19:53:00,Upper East Side,Central Park,40.758236727242554,-73.9803472323867,40.76461083069474,-73.97325280946473,Uber,UberXL,7.8779906974896345,2.22,36.155993859747234
2022-02-25 15:53:00,Central Park,Upper West Side,40.62791727713132,-73.92571861843172,40.804685125512876,-73.97089737297081,Lyft,Lyft Black,12.932120457832134,1.0,25.131210801206237
2022-02-14 17:31:00,Brooklyn,Central Park,40.67743296587496,-74.09413002662582,40.777156295875564,-74.06558967220238,Uber,UberX,10.387502455276385,2.43,50.24785419106283
2022-02-22 21:50:00,Harlem,Queens,40.627591766749816,-73.94328022549112,40.810413435307325,-73.96256809991358,Uber,UberBLACK,8.372733261648037,1.23,21.0973083456974
2022-03-24 20:06:00,Staten Island,Upper West Side,40.637685670688256,-73.93466180418625,40.72699832179604,-73.95888716352808,Lyft,Lyft Black,10.82001492729346,1.0,21.435026122763556
2022-01-28 10:06:00,Financial District,Brooklyn,40.65416345960262,-74.02200252305319,40.6379260049858,-73.91559140321229,Lyft,Lyft Black,9.233130445810968,1.63,30.41250459667578
2022-02-12 12:32:00,Upper West Side,Manhattan,40.64286765786666,-73.99433532933121,40.6525490367824,-73.90887902941441,Uber,UberXL,12.985790152083021,1.0,25.225132766145286
2022-01-08 15:17:00,Times Square,Financial District,40.73524329866785,-74.05096255953484,40.80274811917886,-74.07777828376058,Lyft,Lyft Shared,6.275311298278797,1.0,13.481794771987895
2022-01-20 10:54:00,Financial District,Manhattan,40.65155143379419,-74.08374790946104,40.6702759071047,-74.04498025728377,Uber,UberX,10.882522025392753,1.75,37.70272370276531
2022-03-29 23:45:00,Upper East Side,Williamsburg,40.71606083425711,-74.04657518582556,40.612972172803644,-74.02462756404968,Uber,UberSUV,9.531041006425268,1.0,19.179321761244218
2022-01-10 14:21:00,Brooklyn,Brooklyn,40.704564659908684,-73.91627420735233,40.74747957145481,-74.05913771867388,Uber,UberSUV,6.4134040734337185,1.26,17.29155598192135
2022-03-27 04:16:00,Lower East Side,Brooklyn,40.71170593782251,-74.03857085575919,40.67833790746446,-74.09687061731758,Lyft,Lyft Black,3.991695082073651,1.14,10.813431688736934
2022-02-13 04:15:00,Harlem,Harlem,40.7850279651649,-73.97357754333906,40.64487395454334,-74.08101104278006,Uber,UberBLACK,2.001802870664209,1.13,6.783565176738473
2022-03-29 08:23:00,Brooklyn,Times Square,40.69112173604453,-74.10531751091602,40.81164373431214,-74.05811857196335,Lyft,Lyft Black,11.963868191995964,2.24,52.49836331262418
2022-01-30 02:55:00,Staten Island,Harlem,40.72799729974045,-73.99262378598276,40.69032047187414,-74.06428930836118,Uber,UberXL,2.8128271152503004,2.35,17.44275151146686
2022-01-17 17:41:00,Brooklyn,Staten Island,40.64070636911387,-74.09577825663591,40.72992080678225,-73.93525383460214,Uber,UberXL,13.385729108282286,1.74,45.10954513471956
2022-01-15 01:51:00,Lower East Side,Queens,40.72811411008381,-74.05140256472755,40.78561813987425,-73.92542948335789,Lyft,Lyft XL,5.988605204163582,2.66,34.52695722538147
2022-03-04 11:14:00,Lower East Side,Central Park,40.70927731270272,-74.05291041015403,40.68034092159152,-73.96397351365543,Uber,UberX,1.9004905983253433,1.17,6.81625450007114
2022-03-10 12:17:00,Times Square,Upper West Side,40.64043909337008,-74.04623072585396,40.78726996472435,-73.98924456957529,Uber,UberX,5.920103764003157,1.93,24.82015046292066
2022-03-20 16:37:00,Bronx,Upper East Side,40.674641673533436,-74.07160416234827,40.78022315975068,-73.96754912648902,Uber,UberXL,10.925448278759106,2.02,43.67145966541344
2022-03-07 20:01:00,Williamsburg,Williamsburg,40.7281574388043,-74.04261045076578,40.809731133978595,-74.08701918147986,Lyft,Lyft,1.1589598034840616,1.0,4.528179656097108
2022-03-29 20:00:00,Brooklyn,Staten Island,40.61605410466648,-74.04867607878715,40.7831776921057,-73.99937315821899,Lyft,Lyft Black,1.2567402147088467,1.01,4.746288329497887
2022-03-07 18:01:00,Lower East Side,Williamsburg,40.72067777754733,-74.02279431296145,40.79105920528652,-74.01262181832769,Lyft,Lyft Black,10.828409132259843,1.63,34.963037049771195
2022-01-25 18:22:00,Financial District,Williamsburg,40.80285819650838,-73.93581679214672,40.65914987331603,-74.09639463428334,Uber,UberSUV,3.832379987902975,2.08,19.14986315596683
2022-02-18 16:15:00,Times Square,Central Park,40.61542866259869,-74.04034106954649,40.72980886668591,-74.08669055208341,Uber,UberPOOL,8.865653822701443,1.68,30.26502223874224
2022-03-31 03:45:00,Brooklyn,Brooklyn,40.69858340511336,-74.01562386931352,40.75593003406679,-73.99666209624652,Lyft,Lyft Black,10.676877608493346,1.03,21.820071889309258
2022-02-15 02:27:00,Financial District,Staten Island,40.65911546301126,-74.0839499199143,40.65818914132971,-74.09613086392814,Uber,UberBLACK,8.954557939642578,1.46,26.528895535786784
2022-03-15 03:10:00,Upper East Side,Bronx,40.66767233651212,-74.07790174874039,40.748744617237996,-74.05962819540345,Uber,UberSUV,7.131054586931853,1.0,14.979345527130743
2022-01-31 21:18:00,Staten Island,Manhattan,40.66000012560687,-74.05207997571732,40.72744674947227,-73.99223780701446,Lyft,Lyft Black,6.207360548548342,1.16,15.500941913553133
2022-01-13 10:32:00,Queens,Upper West Side,40.70442070176996,-74.07881481092822,40.669577503891404,-73.95034464287158,Lyft,Lyft XL,3.909413866439343,1.28,11.95708706082413
2022-02-15 12:47:00,Williamsburg,Williamsburg,40.75747503053302,-74.09611392722559,40.764481927669465,-73.95560360420984,Lyft,Lyft XL,10.786036313823,1.0,21.37556354919025
2022-03-05 15:42:00,Upper West Side,Bronx,40.74891129217731,-73.92110641070497,40.667282928794634,-73.93109106147229,Uber,UberSUV,12.768076801417743,1.25,31.05516800310131
2022-03-28 07:38:00,Upper West Side,Queens,40.65998534938055,-73.99339179449848,40.766869334440756,-73.99659369702725,Uber,UberBLACK,8.292154072194075,1.59,27.04791870588002
2022-01-26 05:27:00,Queens,Lower East Side,40.65352400543005,-74.04124146210131,40.68071492122035,-74.0292919928489,Uber,UberPOOL,2.516870903485068,1.29,8.906836064617542
2022-01-16 00:28:00,Brooklyn,Upper East Side,40.69834880300705,-74.10508510792337,40.80175548091284,-74.01612729803924,Lyft,Lyft,8.324036366879408,2.55,43.521012287199355
2022-01-31 08:11:00,Brooklyn,Manhattan,40.73859180217894,-74.00950701769547,40.67509434847893,-73.9542933984722,Uber,UberSUV,7.333698370716346,1.63,24.994374602468373
2022-01-21 14:20:00,Upper West Side,Staten Island,40.691818977944365,-74.03600024248834,40.802361215061524,-74.0115211739874,Lyft,Lyft XL,10.565543415406797,1.03,21.619392006270754
2022-01-27 14:47:00,Upper East Side,Lower East Side,40.73240598577798,-74.102885957299,40.803135961615666,-73.92623397231685,Lyft,Lyft XL,7.955966879425362,1.0,16.422942038994385
2022-02-09 14:19:00,Staten Island,Upper East Side,40.694729438357385,-73.94958576088717,40.779695547200944,-74.01440794530545,Uber,UberXL,14.05125340718782,1.0,27.089693462578687
2022-03-29 16:28:00,Brooklyn,Financial District,40.783464132255226,-74.04411381578043,40.78808723786442,-74.03254856405098,Lyft,Lyft,2.903957284329788,2.42,18.34825909913665
2022-03-12 10:39:00,Times Square,Upper West Side,40.6191892651154,-73.9412850808847,40.72054404490206,-74.08441085434822,Lyft,Lyft Shared,11.713404839130096,1.48,34.03771853334695
2022-01-15 11:24:00,Upper West Side,Central Park,40.71706002795544,-73.91852380225517,40.6811356896225,-74.02358641501597,Lyft,Lyft Shared,2.9181144943877158,1.0,7.606700365178503
2022-03-26 00:31:00,Central Park,Brooklyn,40.807709675662586,-74.02264805069598,40.796936082792556,-73.93237586650233,Lyft,Lyft XL,7.0863173505508374,2.1,31.29221626327433
2022-01-01 03:35:00,Brooklyn,Harlem,40.65035475282323,-74.05724594479238,40.77412305520679,-74.02677814606086,Uber,UberPOOL,9.092761883612948,1.07,19.701196627065244
2022-03-04 10:56:00,Times Square,Staten Island,40.61548740594403,-74.05562057632324,40.619508195983705,-74.05917438396663,Lyft,Lyft XL,12.581161588741795,1.58,38.73691179287106
2022-03-28 13:21:00,Central Park,Harlem,40.660746498431756,-73.99776119899973,40.76974871528686,-74.01156369988635,Uber,UberSUV,6.914412334908661,1.05,15.330232665394666
2022-01-20 13:55:00,Financial District,Central Park,40.61407904131712,-74.0892566878155,40.767554899221764,-74.04777540377324,Uber,UberXL,9.882706420202027,1.82,36.02641994834346
2022-03-24 00:41:00,Queens,Queens,40.6687110734811,-74.10408460193331,40.740030798784545,-73.94830960619112,Uber,UberBLACK,12.876152708265476,1.3,32.54324741130396
2022-01-27 20:25:00,Brooklyn,Bronx,40.660771010216465,-73.96284030937512,40.62712693380057,-74.04527976814283,Lyft,Lyft,2.7137658322615246,1.0,7.249090206457668
2022-02-25 18:07:00,Manhattan,Times Square,40.756321089282,-73.99883558086324,40.72857582898613,-74.01700123957372,Uber,UberPOOL,14.8673093144483,1.08,30.799214604307288
2022-01-12 00:29:00,Central Park,Manhattan,40.80214100519041,-73.93132771760818,40.80301409778784,-73.9842778131452,Uber,UberXL,14.674726220850449,1.0,28.180770886488286
2022-03-24 18:25:00,Lower East Side,Manhattan,40.66863179874199,-74.05299826653788,40.62504731631088,-73.94640695590327,Uber,UberX,8.96393021729031,1.16,21.096778341099327
2022-01-02 11:52:00,Bronx,Times Square,40.701808268914085,-73.95917629108168,40.63878491438919,-74.09264269757982,Uber,UberSUV,2.402101071546152,1.0,6.703676875205766
2022-02-01 06:13:00,Queens,Times Square,40.73133826949787,-74.05429386551563,40.65612443195801,-74.07780082518221,Uber,UberX,5.854377033117478,1.1,14.019675788751146
2022-02-06 00:35:00,Brooklyn,Staten Island,40.72485821491209,-73.99190990685247,40.80140095264346,-73.9133949096416,Uber,UberX,14.287742177958027,1.55,42.63050065771115
2022-02-06 12:43:00,Queens,Manhattan,40.80156281295766,-73.98327074547423,40.6378196625795,-74.09856110040805,Lyft,Lyft Shared,6.502093223291844,1.27,17.625902188766123
2022-01-25 19:38:00,Staten Island,Lower East Side,40.70127224861145,-74.05390217113677,40.781467670951486,-73.92224077455532,Lyft,Lyft Shared,13.078468512837157,1.58,40.11196543799474
2022-02-19 06:34:00,Upper East Side,Upper East Side,40.800350298554164,-74.03261966751764,40.622543505931574,-74.04179121749569,Lyft,Lyft XL,5.974327893337235,1.0,12.955073813340162
2022-02-28 09:39:00,Central Park,Bronx,40.62342901585303,-74.01221810007488,40.664714562342056,-73.93999819297075,Lyft,Lyft,10.467385507236385,2.56,53.293887072419004
2022-01-09 14:46:00,Manhattan,Lower East Side,40.66079649134405,-73.90772968564744,40.76740226899037,-74.0868345624893,Lyft,Lyft XL,4.345722669789393,1.0,10.10501467213144
2022-01-24 08:19:00,Queens,Central Park,40.639888233566225,-73.96629428794385,40.62797891067305,-74.10266791881119,Lyft,Lyft Shared,4.399567462244848,1.21,12.341084101303466
2022-02-06 14:53:00,Brooklyn,Bronx,40.68217705906468,-73.94862019364993,40.780802239009326,-74.06261877353039,Uber,UberX,11.918438832559051,1.0,23.35726795697834
2022-02-21 14:09:00,Times Square,Upper East Side,40.689408578962144,-74.10309492511145,40.658651811866946,-74.09456966473691,Lyft,Lyft Shared,4.0817145500891145,1.69,16.296670781888558
2022-02-08 10:34:00,Upper East Side,Lower East Side,40.760266733786494,-74.06304963881458,40.788216220050266,-73.9966694587163,Lyft,Lyft Black,3.0405474217680224,1.0,7.820957988094039
2022-03-07 16:12:00,Financial District,Upper West Side,40.72039367040131,-74.0110076273193,40.78169206939292,-73.91334049299745,Uber,UberBLACK,5.245974562964181,2.44,28.500311383857056
2022-01-21 17:46:00,Times Square,Central Park,40.7025803878367,-74.00493004344223,40.75272513691459,-74.00600341474777,Lyft,Lyft Black,2.0660741190959815,2.55,15.594855756465817
2022-01-07 10:59:00,Brooklyn,Upper East Side,40.80892182505931,-73.99669205193838,40.63672356687324,-73.98711056195982,Lyft,Lyft Black,12.388663121415492,1.19,28.77439095034776
2022-01-12 09:48:00,Harlem,Central Park,40.612953990645074,-74.02177994001012,40.79207616287872,-74.08676117694372,Lyft,Lyft Shared,9.5786239039153,1.64,31.59065060423691
2022-03-19 17:08:00,Upper West Side,Staten Island,40.62631443940062,-73.94669735843384,40.676713060767604,-73.97980993698734,Uber,UberPOOL,12.248772709188643,1.06,25.371473375544934
2022-02-23 03:49:00,Upper West Side,Upper East Side,40.63893205780073,-74.00907433184383,40.673386518603905,-74.08392160169969,Uber,UberPOOL,1.337158099240727,1.0,4.8400266736712725
2022-01-16 01:21:00,Lower East Side,Harlem,40.745255417979116,-74.06064901546365,40.7207978833158,-73.93183924581885,Uber,UberSUV,4.233807545767471,1.47,14.56646991148682
2022-02-07 02:33:00,Williamsburg,Upper East Side,40.795989319061704,-73.94660674029211,40.759567938830244,-74.04151889147921,Lyft,Lyft,3.277694117620224,1.0,8.235964705835393
2022-03-03 17:34:00,Brooklyn,Lower East Side,40.61687468829266,-73.96897985520219,40.62883014984952,-74.00745681545399,Uber,UberBLACK,14.05016536432981,1.53,41.444317762993066
2022-02-28 10:31:00,Williamsburg,Central Park,40.77713546535595,-74.03454585696643,40.80174495460242,-73.98133418462427,Lyft,Lyft,4.972033543870376,1.0,11.201058701773158
2022-03-20 04:51:00,Staten Island,Upper East Side,40.72246769325495,-74.10486852639735,40.809763692053274,-74.05570134686565,Lyft,Lyft,10.811816754716158,1.0,21.420679320753276
2022-01-14 21:44:00,Bronx,Lower East Side,40.67688443918775,-73.91354669651359,40.68557794647785,-74.0369857773413,Lyft,Lyft Black,11.493251356410601,1.0,22.613189873718554
2022-01-11 19:35:00,Upper West Side,Brooklyn,40.73235378664005,-74.07049005570813,40.65685243167879,-73.9431276386199,Lyft,Lyft,3.9957034863509637,1.82,17.276315604027822
2022-02-08 07:58:00,Queens,Upper West Side,40.64423973334713,-73.92165424197164,40.69627958988152,-74.08675360391459,Uber,UberXL,5.68646980806549,1.42,17.68087747304274
2022-01-24 17:29:00,Times Square,Manhattan,40.71323300376242,-73.97442864347627,40.662307717053125,-74.01857660770312,Lyft,Lyft Black,4.741335615084273,3.03,32.715932098984354
2022-02-11 17:53:00,Williamsburg,Queens,40.732614940682495,-74.0182641147579,40.73661992933165,-74.07308330465688,Lyft,Lyft Black,3.7269860989404515,2.03,18.31511811648595
2022-01-19 22:38:00,Queens,Williamsburg,40.676035873992156,-74.07343854577307,40.800924872715306,-73.96172079098449,Lyft,Lyft XL,9.546339092524121,1.0,19.206093411917212
2022-01-11 08:47:00,Bronx,Financial District,40.737162973237,-74.09397328044828,40.79847328962187,-73.99192836130821,Lyft,Lyft Shared,2.244655941870912,1.38,8.870844099618251
2022-02-18 05:32:00,Brooklyn,Financial District,40.68349366161347,-74.00957711478252,40.7554959911986,-73.97000501877146,Lyft,Lyft Shared,7.168131118092548,1.0,15.04422945666196
2022-01-30 02:57:00,Upper East Side,Staten Island,40.64389158456618,-73.90993758578063,40.69578064921883,-74.00917426754434,Uber,UberPOOL,2.601057929214913,2.62,18.475850605450375
2022-03-27 14:28:00,Staten Island,Financial District,40.652812980144176,-73.93176679466404,40.69742508694711,-74.05053737371945,Lyft,Lyft,4.76953664280132,1.27,13.775295188625934
2022-01-15 18:49:00,Queens,Central Park,40.80444578676793,-74.04485135119236,40.709312695972116,-74.02349103583643,Uber,UberXL,8.76442948957808,1.85,32.999840472509035
2022-02-05 12:14:00,Manhattan,Financial District,40.670811895682164,-73.93868192659718,40.750158753903385,-73.99965047168865,Uber,UberX,6.874936847242196,1.29,18.745169932649258
2022-01-09 02:58:00,Lower East Side,Financial District,40.726122856356525,-73.91183836047391,40.75230351506592,-74.07878870938075,Lyft,Lyft Shared,10.262362137596702,2.37,48.488146965682326
2022-03-18 08:49:00,Lower East Side,Upper East Side,40.78900811428262,-74.0007042335598,40.76402849735583,-73.94940344400872,Uber,UberBLACK,13.273546270667559,2.3,59.176023739436914
2022-03-21 12:09:00,Upper East Side,Staten Island,40.734859480348206,-74.08943237197381,40.667448834361366,-74.10527914232048,Uber,UberSUV,4.297926345962684,1.0,10.021371105434696
2022-03-15 06:33:00,Upper West Side,Upper East Side,40.769561593843974,-74.0129069124391,40.8093839546275,-74.068861666582,Uber,UberSUV,14.87075092575245,1.16,33.08762437927747
2022-01-04 15:37:00,Harlem,Manhattan,40.77739200455287,-74.08636579969794,40.71781621564219,-73.94185770204784,Lyft,Lyft XL,5.359319915697897,1.0,11.87880985247132
2022-03-03 20:58:00,Manhattan,Upper West Side,40.647462037924235,-74.09676186122887,40.77512996061755,-74.06841772198354,Lyft,Lyft,6.285413057821052,1.27,17.144330521007287
2022-03-21 04:44:00,Upper East Side,Times Square,40.77365800969725,-73.92740204651663,40.61362965568823,-74.0246607763069,Lyft,Lyft,8.502810438535668,1.03,17.901315815460542
2022-01-19 09:06:00,Financial District,Upper East Side,40.80296746309818,-73.9803598739374,40.7469451116067,-74.1013489685834,Uber,UberX,13.733242243771132,2.21,58.63831437778485
2022-01-19 03:42:00,Upper West Side,Upper East Side,40.71254325387173,-74.06476844060683,40.80934951897084,-73.95962296053858,Uber,UberPOOL,7.586623097458492,1.04,16.407654037374456
2022-03-06 15:22:00,Staten Island,Queens,40.79683234022641,-73.96645527712093,40.70693361794991,-73.92906839759837,Uber,UberXL,7.007223798720074,1.0,14.762641647760129
2022-01-02 21:34:00,Upper West Side,Harlem,40.71749501932427,-74.01850138884339,40.6801042704856,-74.09862576246746,Lyft,Lyft Black,10.786074202531745,1.62,34.6285203641775
2022-03-17 22:26:00,Times Square,Brooklyn,40.70779788645666,-74.03753635406868,40.771451149736706,-73.90974521615254,Lyft,Lyft Black,14.825468177963712,1.65,46.93353936387022
2022-03-08 08:17:00,Harlem,Times Square,40.72616309497276,-73.91567099599811,40.74139979010044,-73.92413048477951,Uber,UberBLACK,7.776041618016942,1.57,25.289674345501545
2022-01-29 06:08:00,Financial District,Manhattan,40.677863888752604,-74.0201131493804,40.71522361979981,-73.90749670167037,Lyft,Lyft XL,11.319370048742556,1.39,31.009367643566264
2022-02-09 01:20:00,Staten Island,Queens,40.654730557915386,-73.98183633453344,40.798061968821756,-74.03693192316358,Lyft,Lyft Shared,4.119999125692377,1.27,12.33169805685131
2022-01-14 09:38:00,Upper West Side,Lower East Side,40.71287060074413,-73.95911326083503,40.700770030300404,-74.06753425185047,Uber,UberBLACK,6.706155599621672,1.63,23.204308847920817
2022-01-27 18:51:00,Bronx,Central Park,40.72390064207229,-73.91960165044043,40.68509076222641,-74.04848239047996,Lyft,Lyft XL,2.1155989169658986,1.95,12.094481304146129
2022-03-20 23:38:00,Bronx,Upper East Side,40.70941520400377,-74.00496287686079,40.74149589565599,-74.03224452357729,Uber,UberSUV,10.080998709608043,2.23,44.91609746424539
2022-03-26 04:12:00,Harlem,Times Square,40.7983648368581,-74.05838479854744,40.78769069694919,-74.07987497378585,Uber,UberBLACK,12.65344020405797,1.11,27.354307596382608
2022-02-11 15:50:00,Financial District,Upper East Side,40.80353262624672,-74.08498518373567,40.7202375878146,-74.04251985368153,Lyft,Lyft XL,13.475052410229473,1.05,27.38540880379666
2022-03-11 08:55:00,Financial District,Harlem,40.653593978756575,-74.02617492995527,40.72194524474892,-73.9584611649311,Lyft,Lyft Shared,10.458269907827317,2.19,45.55631942174819
2022-02-02 19:10:00,Times Square,Upper West Side,40.63337968915529,-74.0951947148801,40.69155238614898,-74.06377216392991,Lyft,Lyft XL,2.618733306810465,2.72,19.265170540417813
2022-02-15 18:22:00,Williamsburg,Upper East Side,40.69790355397192,-73.97284879017994,40.671257557745456,-74.05877080262496,Uber,UberX,12.65667749054879,2.31,56.939618755543485
2022-03-20 20:17:00,Manhattan,Williamsburg,40.74153713061039,-73.96120949488612,40.70875761542802,-74.05436577052409,Uber,UberX,2.796602838109896,2.38,17.597850820727714
2022-02-21 02:16:00,Bronx,Williamsburg,40.69198448521771,-74.03059618913062,40.76386634618912,-74.08225559543882,Lyft,Lyft,14.713884008008822,1.23,34.74663532723899
2022-03-13 06:31:00,Bronx,Upper East Side,40.63806719945068,-73.93792020978533,40.732213105680934,-74.08218383783235,Uber,UberX,6.724731320059821,1.13,16.123156185418296
2022-03-20 19:58:00,Brooklyn,Brooklyn,40.7039639015633,-73.98479542595345,40.77301333848265,-74.00910547245181,Uber,UberXL,7.830457762209901,2.24,36.29539442786282
2022-01-03 09:29:00,Times Square,Brooklyn,40.75272107147775,-73.93348132460346,40.72027835939735,-74.09160820247538,Lyft,Lyft XL,5.753081757599616,2.07,26.015538666904607
2022-03-08 08:01:00,Brooklyn,Financial District,40.73732758136794,-74.06843729853361,40.78546371745223,-73.93365915729946,Lyft,Lyft Shared,2.158419011207493,1.76,11.047930554519079
2022-03-04 05:00:00,Manhattan,Bronx,40.68460748599201,-74.00432568176065,40.753396921951094,-74.00312617735133,Uber,UberPOOL,14.211815083592382,1.19,32.57110491158114
2022-02-09 09:59:00,Bronx,Lower East Side,40.63187982339643,-73.95271755027751,40.803116711062444,-74.09710303342108,Lyft,Lyft XL,7.361580910177679,2.4,36.91863982274625
2022-01-29 06:54:00,Upper West Side,Manhattan,40.68446615489078,-73.91562630104686,40.70671507510478,-73.93045179046412,Uber,UberSUV,4.472215949675533,1.29,13.321027506392518
2022-01-13 12:13:00,Queens,Times Square,40.647819920868315,-73.91494744708422,40.73571272838313,-73.99493612437423,Uber,UberPOOL,6.152565002597153,1.11,14.72635751754497
2022-02-12 11:30:00,Bronx,Brooklyn,40.783856464852384,-74.01910951582211,40.78019825027632,-74.1057216647696,Uber,UberSUV,10.453504790692659,1.02,21.209506051386395
2022-02-09 18:54:00,Times Square,Bronx,40.713803327706636,-74.08682879742015,40.80453751084459,-74.00309725727037,Lyft,Lyft,2.9913150019922234,1.97,15.23755846936819
2022-03-20 10:28:00,Brooklyn,Central Park,40.62195822807607,-73.94252662610647,40.63601768643542,-74.05976365116675,Uber,UberBLACK,8.656257677913514,1.0,17.64845093634865
2022-03-07 14:38:00,Lower East Side,Lower East Side,40.6746636522117,-74.08087154553891,40.615026224468764,-73.92371789229836,Lyft,Lyft Black,5.516036653675876,1.0,12.153064143932783
2022-01-14 03:21:00,Financial District,Bronx,40.62942781211996,-73.97722984097953,40.64030102648134,-73.91287899818228,Uber,UberXL,10.479962888358154,1.5,31.259902581940153
2022-02-21 18:28:00,Central Park,Times Square,40.622491756735485,-74.09114595721287,40.78667230244341,-73.97703494327025,Lyft,Lyft Black,14.803072459106005,1.31,37.21104361250052
2022-03-14 07:53:00,Upper East Side,Central Park,40.70602421775623,-74.0444193435694,40.63076485780089,-74.02216395599206,Uber,UberX,8.037952569349436,1.82,30.15087893337795
2022-01-03 21:10:00,Financial District,Brooklyn,40.7444295953489,-74.0135957012616,40.644810324822636,-74.03029283333777,Lyft,Lyft XL,14.186104588820363,1.07,29.23848084256613
2022-02-04 00:35:00,Queens,Financial District,40.625346351005795,-74.05411673597217,40.716415692122474,-74.0490834486972,Uber,UberX,7.161238748929398,1.0,15.032167810626445
2022-03-01 23:57:00,Central Park,Lower East Side,40.650805743649485,-74.08230067662613,40.72521965829733,-74.09600665521184,Uber,UberX,14.598915036283316,1.0,28.048101313495803
2022-03-08 14:13:00,Central Park,Times Square,40.67842299325807,-74.06436820439626,40.78694026254999,-74.01261666847824,Uber,UberBLACK,1.5338948513235713,1.0,5.18431598981625
2022-02-07 05:51:00,Central Park,Bronx,40.70441379844417,-74.09809205073088,40.74971922080636,-73.91850886463742,Uber,UberSUV,10.437381524813329,1.0,20.765417668423325
2022-02-23 16:28:00,Williamsburg,Bronx,40.7297297573603,-74.03209438667596,40.70633976319697,-74.00178874960248,Uber,UberX,2.211395982740732,1.73,11.020001337747566
2022-03-20 00:28:00,Lower East Side,Manhattan,40.67505913896706,-74.08312457815865,40.740296335175884,-74.05439310981568,Uber,UberXL,14.835552059718944,2.71,77.13260564321709
2022-01-07 23:44:00,Lower East Side,Upper East Side,40.693733907808664,-74.00958548663668,40.67462018678081,-73.90764647455462,Lyft,Lyft XL,3.578523974768765,1.15,10.07677949922214
2022-03-18 00:42:00,Manhattan,Times Square,40.80857096509084,-74.05320190063637,40.732135815528004,-74.06255134952839,Lyft,Lyft Shared,5.3532310301489865,1.0,11.868154302760725
2022-01-08 20:42:00,Brooklyn,Central Park,40.63425525376353,-74.06072694440542,40.776686729121785,-74.04395322111067,Lyft,Lyft XL,2.7734779159629714,2.27,16.692641021162906
2022-01-22 14:51:00,Times Square,Central Park,40.63450156654629,-73.98559213909029,40.66840431869048,-73.98028134026798,Uber,UberBLACK,8.324459862603625,1.53,26.11374128212121
2022-01-17 03:33:00,Upper East Side,Financial District,40.69548061280685,-74.0939612200837,40.79053612681553,-73.9159603983528,Uber,UberBLACK,13.983356402867354,1.0,26.97087370501787
2022-03-04 01:59:00,Financial District,Brooklyn,40.78494453732765,-74.06889234144158,40.712654403954566,-74.09182922549518,Uber,UberSUV,2.150781688822276,1.29,8.080389662516287
2022-03-24 20:08:00,Lower East Side,Queens,40.81040423939366,-73.97648314377717,40.71788881401198,-74.06862217462125,Lyft,Lyft Black,8.471747612319685,1.0,17.32555832155945
2022-03-15 07:37:00,Upper West Side,Staten Island,40.61405537028567,-74.09501227891313,40.71929381160907,-74.04224204168922,Lyft,Lyft Black,7.468002283108147,1.37,21.329535473751783
2022-02-24 23:54:00,Manhattan,Upper East Side,40.80635065022451,-74.1048249161896,40.75430107894896,-73.96904770401181,Lyft,Lyft XL,4.543593604295081,1.0,10.451288807516391
2022-03-27 10:18:00,Upper West Side,Harlem,40.795647678145066,-74.04627090618769,40.803556849984346,-74.02014822829291,Lyft,Lyft Black,6.043575138304579,1.2,15.691507790439616
2022-01-17 12:15:00,Williamsburg,Upper West Side,40.66529848798118,-73.97811241226665,40.733604810634525,-74.0624323560656,Uber,UberXL,6.973121456190647,1.0,14.702962548333632
2022-01-02 20:51:00,Upper West Side,Financial District,40.67502367000874,-74.07276371918066,40.63783642495209,-74.045170919274,Uber,UberX,3.845509185938102,1.61,14.859722131380606
2022-03-06 03:05:00,Bronx,Upper East Side,40.66442908159745,-74.01056390156296,40.759165244106526,-73.96545582230125,Uber,UberSUV,12.979135928489164,1.26,31.768994722318606
2022-03-26 04:59:00,Upper East Side,Upper East Side,40.64791680188899,-73.95898643179993,40.718059813568715,-74.0453075351556,Uber,UberX,5.005137584424668,1.0,11.25899077274317
2022-01-30 13:47:00,Manhattan,Harlem,40.71283223526099,-74.04734120181004,40.61663713568759,-74.02511046596433,Lyft,Lyft XL,6.724177954344517,1.15,16.407408133118338
2022-03-26 06:31:00,Bronx,Brooklyn,40.65998146884501,-74.00748016504313,40.65466969148313,-74.01982979097073,Uber,UberPOOL,14.86715002374091,1.0,28.517512541546594
2022-02-13 02:44:00,Harlem,Upper East Side,40.69916454108535,-74.02922643989965,40.77609579833376,-74.01720033299097,Lyft,Lyft,12.237786187451196,2.37,56.68121821245384
2022-01-15 22:31:00,Times Square,Lower East Side,40.802021551430855,-73.92607907916364,40.644374116676524,-73.97352327895543,Uber,UberPOOL,1.610400048497134,3.57,18.98597430298584
2022-03-05 01:33:00,Williamsburg,Williamsburg,40.74295585986194,-74.01868177340873,40.64783788889301,-73.99561979919895,Uber,UberX,3.771999166205368,3.28,29.85127521401881
2022-02-26 07:15:00,Upper West Side,Williamsburg,40.79501186269238,-74.0140126533257,40.78960318121288,-74.02194536973288,Uber,UberBLACK,1.071086425106344,1.66,7.261506064933929
2022-03-09 19:03:00,Brooklyn,Times Square,40.773675391795486,-74.00527639090906,40.65964581025333,-73.93765660119375,Lyft,Lyft,12.442647788794638,1.54,37.382935790801554
2022-02-25 05:53:00,Bronx,Upper West Side,40.694937721567825,-73.91393569027964,40.77977608098093,-73.98511574344188,Lyft,Lyft,2.3284271606604543,1.24,8.152686938633186
2022-02-28 22:19:00,Queens,Lower East Side,40.631934129263854,-74.07153249851459,40.63760434409192,-74.075149087575,Lyft,Lyft Shared,4.814901804948044,1.0,10.926078158659077
2022-01-27 02:58:00,Times Square,Upper West Side,40.80401764310539,-73.93733145410255,40.79169270361214,-73.92770569756611,Uber,UberXL,12.752566082666231,1.6,39.70718503146545
2022-03-15 13:51:00,Staten Island,Brooklyn,40.615244935018715,-73.9524965863705,40.699707399194445,-73.91916952398856,Lyft,Lyft XL,12.175126145223338,1.09,25.949053122013517
2022-03-08 06:50:00,Times Square,Manhattan,40.67056399012187,-73.95117670827116,40.68233655847503,-74.00775450666563,Lyft,Lyft Shared,9.523685174914851,1.76,33.732950338737744
2022-01-07 00:39:00,Manhattan,Brooklyn,40.78860839482425,-74.03286858948844,40.668240161382556,-73.95430138108173,Lyft,Lyft XL,12.929238208121994,1.0,25.126166864213488
2022-01-28 04:59:00,Queens,Williamsburg,40.74377799807734,-73.96520320885547,40.73967557926486,-74.09440385309973,Uber,UberPOOL,13.352626302688483,1.0,25.867096029704847
2022-03-15 01:51:00,Queens,Upper East Side,40.71088963976854,-73.92826249088029,40.62863288393611,-74.0321669307588,Lyft,Lyft Black,4.631694175018907,1.0,10.605464806283088
2022-03-07 09:19:00,Bronx,Williamsburg,40.76915969352457,-74.08755190566328,40.75712826084502,-74.04920497811415,Lyft,Lyft Shared,10.905264275767834,2.12,45.758530463098666
2022-03-16 04:47:00,Upper East Side,Upper East Side,40.805457184967615,-73.9913922035174,40.6361249776893,-73.9684621461004,Uber,UberSUV,4.590092757281668,1.21,12.744521413543932
2022-03-12 01:51:00,Harlem,Financial District,40.78440393715609,-73.91542436407295,40.66970237803966,-74.00948382618282,Uber,UberX,7.731153543623698,1.77,28.372248101374407
2022-03-08 12:49:00,Queens,Williamsburg,40.63241540027844,-73.94135667975334,40.695599315814995,-74.06623912680853,Lyft,Lyft XL,4.034944413486515,1.0,9.561152723601401
2022-03-02 06:07:00,Bronx,Brooklyn,40.613977854834246,-73.95892371026505,40.66962264461814,-73.97461040680398,Uber,UberSUV,4.685921359919398,1.23,13.161445727226504
2022-03-27 23:59:00,Upper East Side,Staten Island,40.69153053520687,-73.92154378882448,40.77325333365562,-74.02085076451223,Lyft,Lyft XL,8.615197063235406,2.5,43.94148715165491
2022-03-20 20:34:00,Harlem,Staten Island,40.73695279744097,-74.02418748358983,40.768745785908315,-74.06952989738345,Lyft,Lyft XL,3.94705382419771,2.62,24.647241783946498
2022-01-20 06:38:00,Queens,Manhattan,40.699153603890345,-74.07069566483995,40.788868062944964,-73.95922433745001,Lyft,Lyft Black,5.405582236631749,1.0,11.95976891410556
2022-01-08 00:02:00,Central Park,Williamsburg,40.786272254978705,-74.028114072356,40.62854195871358,-74.06401122065716,Uber,UberBLACK,13.51922201351759,2.76,72.19784232528995
2022-01-09 06:50:00,Manhattan,Harlem,40.62572319469177,-73.94441448915785,40.798720046023064,-73.92194409860521,Lyft,Lyft XL,4.501414007469767,1.25,12.971843141340113
2022-03-13 02:14:00,Upper East Side,Upper East Side,40.76993030238393,-73.99784029549039,40.74756332198651,-74.07372103317873,Uber,UberXL,4.896638006744059,2.0,22.138233023604208
2022-02-16 04:42:00,Queens,Central Park,40.771716792029046,-74.00592094998619,40.65029715037054,-73.99127423905844,Lyft,Lyft XL,7.236330389728117,1.07,16.2250286547659
2022-02-11 09:05:00,Upper East Side,Financial District,40.69993763322297,-74.07677881171966,40.65895151207742,-74.06120949539832,Lyft,Lyft XL,3.6537761837558227,2.19,19.47809722424419
2022-03-24 14:40:00,Manhattan,Williamsburg,40.713441735555904,-73.9211236648915,40.76183931377389,-74.01980255140838,Uber,UberXL,14.231963398560362,1.0,27.405935947480632
2022-01-19 07:19:00,Upper West Side,Brooklyn,40.63718816668957,-74.01253927883636,40.66886036233674,-73.99995675598534,Uber,UberXL,1.1505788849096878,1.73,7.808377574064079
2022-02-12 13:46:00,Williamsburg,Times Square,40.73887464925174,-73.99290412773628,40.725083513366044,-73.98831791363777,Uber,UberXL,7.13323501686026,1.0,14.983161279505454
2022-02-20 09:43:00,Manhattan,Upper East Side,40.69560108728972,-73.92704581047217,40.70420874110858,-73.94632735656434,Lyft,Lyft,14.531968327795994,2.15,60.05153083333242
2022-03-21 21:27:00,Times Square,Queens,40.621206915191166,-74.08321048297445,40.68394825518065,-74.09449951398294,Uber,UberX,11.862512770563672,1.2,27.911276818183712
2022-03-04 09:39:00,Queens,Lower East Side,40.69524123111913,-73.92509831120887,40.80194508581267,-74.04098528269542,Uber,UberPOOL,6.344166772579708,1.49,20.26741485950159
2022-01-29 09:31:00,Upper East Side,Upper East Side,40.77923154471132,-74.00887171464774,40.65982769554052,-74.0897752132305,Lyft,Lyft XL,13.51256918382644,1.9,49.67929253622291
2022-02-11 19:41:00,Bronx,Staten Island,40.63831755073008,-74.08755298559177,40.75635526360698,-74.00305673324323,Lyft,Lyft Black,10.719371277155048,1.64,34.86459556543499
2022-01-22 08:52:00,Williamsburg,Times Square,40.8044685931393,-73.98782414979303,40.705130945960065,-74.06768192469093,Uber,UberPOOL,11.12931401336909,2.27,49.886199918108716
2022-02-15 04:56:00,Times Square,Bronx,40.78915409189899,-74.0129862320071,40.61809121593799,-74.03799156997832,Lyft,Lyft Shared,3.368786633773305,1.36,11.417712188380467
2022-01-18 17:58:00,Brooklyn,Central Park,40.63020034692349,-74.01955754825977,40.671098338524104,-74.102976466367,Uber,UberX,6.76944019914392,1.97,28.262645086548662
2022-01-29 15:39:00,Lower East Side,Queens,40.75936843722204,-73.95922814064112,40.752614043550665,-73.9691983937426,Lyft,Lyft Black,14.027902471363484,1.0,27.048829324886096
2022-03-20 00:43:00,Upper West Side,Harlem,40.665510797559925,-74.03050389128178,40.75908475441883,-73.94734920739745,Lyft,Lyft Black,1.4899421862008733,2.56,13.074940994179913
2022-01-30 11:02:00,Times Square,Manhattan,40.761707961460885,-74.08932493755954,40.69585019326864,-73.95405178463007,Uber,UberBLACK,9.280501949125554,1.58,29.61058788933216
2022-02-10 11:01:00,Financial District,Bronx,40.687867936492964,-73.94059433790233,40.757816127499524,-73.9942057485572,Uber,UberPOOL,1.5944698699812179,1.6,8.46451563594741
2022-03-26 00:47:00,Upper East Side,Upper West Side,40.63513399138567,-74.10353504682325,40.7983606956107,-73.93206172416942,Uber,UberXL,8.935693817747314,1.93,35.00530586944156
2022-03-22 05:25:00,Manhattan,Times Square,40.67954095402625,-74.0409076492646,40.639470754148064,-73.96969092024439,Uber,UberX,11.5889645290044,1.0,22.7806879257577
2022-03-23 17:09:00,Williamsburg,Upper West Side,40.7732770518837,-73.93182442171108,40.8031102172265,-74.02683747132517,Lyft,Lyft Black,12.582901292454016,1.89,46.34294602479166
2022-03-03 10:38:00,Upper East Side,Times Square,40.677852031572115,-74.09228629266497,40.795760774853264,-73.99290906885267,Lyft,Lyft Black,8.720012277234211,1.0,17.760021485159868
2022-03-11 12:00:00,Upper East Side,Manhattan,40.78266883370979,-73.97404500660177,40.78412647549128,-74.04250310491828,Lyft,Lyft Black,12.312351937851286,1.0,24.04661589123975
2022-03-03 21:37:00,Queens,Brooklyn,40.74941065843924,-73.97579772464066,40.68236429202915,-74.06255134539192,Lyft,Lyft XL,5.696812423157828,1.0,12.4694217405262
2022-02-28 22:39:00,Lower East Side,Harlem,40.71759991940421,-74.04049153780636,40.711434403481405,-74.03480667391884,Uber,UberBLACK,11.375292213361408,1.3,29.128789785397206
2022-01-29 05:51:00,Bronx,Queens,40.677587063566335,-73.95664851236846,40.742112239496144,-74.0956516422227,Uber,UberPOOL,8.03760722213304,1.03,17.062787017894806
2022-01-16 13:26:00,Upper East Side,Financial District,40.69859156990598,-73.92127280448584,40.641010495473104,-73.92020028442988,Lyft,Lyft XL,13.931410572573775,1.13,30.374364407264636
2022-02-25 05:48:00,Williamsburg,Upper East Side,40.770549774631895,-73.98679388485544,40.6829930971704,-74.07189480882111,Lyft,Lyft Shared,14.436694151939063,1.25,34.7052684573667
2022-01-11 11:22:00,Financial District,Financial District,40.76076069554942,-74.0091101491414,40.795915303194086,-73.96318757554012,Lyft,Lyft XL,8.993608609363658,1.0,18.2388150663864
2022-03-30 09:30:00,Williamsburg,Manhattan,40.773143609085885,-74.00406737325734,40.699731567348564,-74.04012447891446,Uber,UberSUV,10.563392169283137,2.21,46.378919214702535
2022-01-15 23:36:00,Financial District,Manhattan,40.65169670404939,-74.07944498723738,40.676298320820095,-73.94312835356922,Lyft,Lyft Shared,6.756043094439397,1.56,22.343997647819553
2022-01-30 06:55:00,Upper East Side,Central Park,40.69488937736929,-73.98777809508552,40.76724891026974,-74.0244488193666,Lyft,Lyft XL,5.7647522611929265,1.14,14.350680761079888
2022-01-27 20:11:00,Times Square,Williamsburg,40.72077226726794,-73.91356415791965,40.699098462042045,-73.94785461532325,Uber,UberX,12.319601792693362,1.67,40.17903623914635
2022-03-24 16:05:00,Lower East Side,Manhattan,40.65829084389646,-73.9541795114831,40.63762377839192,-74.03159604384584,Uber,UberPOOL,11.897673182464596,1.87,43.61013548961539
2022-03-12 21:42:00,Harlem,Bronx,40.67268911985466,-74.06706865335123,40.66233366681349,-73.91589290834722,Lyft,Lyft Black,11.90556676457954,2.0,46.66948367602839
2022-02-08 04:43:00,Manhattan,Upper East Side,40.80040349343293,-73.9115836562382,40.64674469077568,-74.06634437363599,Uber,UberBLACK,14.43122817027602,1.0,27.754649297983036
2022-03-21 12:24:00,Staten Island,Central Park,40.626536644274495,-73.98223553232327,40.634669364703306,-74.02041510970413,Uber,UberPOOL,6.258851337313087,1.0,13.452989840297901
2022-02-28 06:04:00,Upper West Side,Times Square,40.667150172263604,-73.99459234744158,40.773816939781575,-74.03900115551727,Uber,UberPOOL,5.146857632741733,1.0,11.507000857298031
2022-03-30 04:54:00,Financial District,Williamsburg,40.661313724669434,-73.97556308475004,40.78477931877197,-73.98482457268896,Uber,UberX,3.2173818105825065,1.08,8.78085162200094
2022-02-07 21:43:00,Manhattan,Financial District,40.77816016790025,-74.05311611918941,40.80214544011466,-73.93326495940786,Uber,UberSUV,9.572296185219994,1.0,19.251518324134988
2022-01-15 19:36:00,Manhattan,Lower East Side,40.8120400924136,-74.05665937047353,40.76413965836765,-73.96762069882665,Lyft,Lyft,8.475179287740273,1.68,29.117027105956403
2022-03-05 06:17:00,Central Park,Harlem,40.76588585931363,-74.05383139342123,40.70675917407045,-74.04231520371584,Lyft,Lyft XL,5.946714577873792,1.25,16.13343813909892
2022-03-10 06:02:00,Manhattan,Staten Island,40.79366223865877,-74.09412983034686,40.62500880223763,-73.96483284521388,Uber,UberSUV,7.453375169264639,1.24,19.273824117304265
2022-03-05 12:01:00,Williamsburg,Central Park,40.67024541256559,-73.91592880873115,40.63938352249447,-73.95854284057796,Lyft,Lyft,7.437020937030973,1.03,15.98023023899833
2022-03-15 18:08:00,Upper East Side,Central Park,40.8061217297528,-73.91307281788474,40.65084456674113,-74.03892315849836,Uber,UberXL,9.056405197434112,1.43,26.238654006578866
2022-02-13 22:46:00,Harlem,Financial District,40.76017977044862,-74.09020689459415,40.65675977970219,-73.91887700709907,Lyft,Lyft XL,5.070591807613349,2.01,22.860806683279954
2022-01-21 16:29:00,Williamsburg,Bronx,40.6980044391361,-73.93067192006531,40.738168234291535,-73.9157875096768,Uber,UberBLACK,5.161187628979797,1.58,18.22068379412914
2022-02-13 07:34:00,Manhattan,Upper East Side,40.71080559051756,-73.94544691577985,40.70249700766453,-74.00198918021715,Uber,UberXL,13.215604225549237,1.32,33.828045761018736
2022-01-03 02:21:00,Central Park,Times Square,40.630616610937736,-74.06834073810485,40.62216121217005,-74.06241957783084,Uber,UberX,14.79206359808601,1.0,28.38611129665052
2022-02-05 04:18:00,Central Park,Upper West Side,40.67023766536044,-73.95302810860856,40.696893589452316,-73.935866430138,Uber,UberX,4.022394089485972,1.0,9.53918965660045
2022-01-19 19:36:00,Central Park,Times Square,40.67706636212548,-74.02117746050921,40.7953284952548,-74.10578229826302,Lyft,Lyft Shared,14.103635809155957,2.56,69.58428842501868
2022-03-12 18:38:00,Brooklyn,Central Park,40.785674088267086,-73.92565757425088,40.76177210255144,-73.98392486451078,Lyft,Lyft Black,5.631441404045721,1.92,23.721643117593622
2022-03-29 08:53:00,Queens,Upper West Side,40.64207169107878,-73.90628957208918,40.80441487830826,-74.01582416500123,Lyft,Lyft Black,6.673429966932922,1.54,21.834893760884224
2022-02-25 02:16:00,Manhattan,Upper West Side,40.771206767466666,-73.92782102763574,40.74050878467187,-74.07153766442684,Lyft,Lyft Shared,3.874856629915336,1.0,9.280999102351839
2022-03-09 10:18:00,Manhattan,Harlem,40.765419419332424,-74.07384248762082,40.69242556211949,-73.93720096602837,Lyft,Lyft XL,7.830277835211101,1.25,20.25373276452428
2022-02-01 12:13:00,Brooklyn,Financial District,40.67056536173359,-73.97373501668413,40.73533071150336,-73.9478396645332,Uber,UberXL,1.8752026483835396,1.23,7.1113737006455695
2022-01-22 04:03:00,Upper East Side,Lower East Side,40.78822513238928,-73.95887568164487,40.65626746761412,-74.05022232419024,Lyft,Lyft XL,7.106138525754481,1.0,14.935742420070342
2022-02-15 19:20:00,Queens,Lower East Side,40.69052702828488,-74.01060603137479,40.78462504422905,-73.92583880588478,Uber,UberSUV,12.348938704552392,1.19,28.691664852230353
2022-02-20 16:17:00,Financial District,Lower East Side,40.755496238580086,-73.99763026978121,40.76563202872101,-74.09866132078584,Lyft,Lyft,10.503312156556511,3.13,65.35689233753828
2022-01-21 08:08:00,Bronx,Financial District,40.633671325859005,-74.0711194635069,40.753040305144694,-74.02378045750314,Lyft,Lyft Black,2.9536810949954653,2.58,19.785870143904525
2022-02-17 09:06:00,Brooklyn,Upper West Side,40.667968977334866,-74.09944265132391,40.72237707488681,-73.91162440507675,Uber,UberX,14.84789476510433,1.67,47.567972451017404
2022-03-18 04:01:00,Brooklyn,Bronx,40.64181562911957,-74.08081093498657,40.81200523878946,-74.02516370679899,Uber,UberSUV,12.518259137737124,1.0,24.406953491039967
2022-03-06 04:37:00,Times Square,Bronx,40.62483125935637,-74.06356000851929,40.745544875490026,-73.9964413260931,Lyft,Lyft Black,7.331271840767713,1.92,29.433073384979515
2022-02-23 13:41:00,Upper West Side,Brooklyn,40.64440731838031,-74.09948711954134,40.80783722913556,-73.90719668980952,Uber,UberPOOL,1.3772674993922371,1.02,5.008422486415144
2022-03-27 05:23:00,Upper East Side,Central Park,40.77058857808648,-73.9416460368062,40.790008458654576,-74.0409762031108,Uber,UberPOOL,5.104074614626797,1.18,13.489914079204336
2022-01-17 14:02:00,Times Square,Harlem,40.768612821556495,-73.95982719801708,40.78739991473151,-74.05623246828587,Lyft,Lyft Black,13.52043755215482,1.83,47.87420126077582
2022-03-16 12:41:00,Williamsburg,Staten Island,40.743943568812306,-73.99978440501211,40.68798742699594,-74.06407166247952,Lyft,Lyft Shared,11.888028395568705,1.0,23.304049692245233
2022-03-30 01:18:00,Harlem,Manhattan,40.76709648125594,-73.97283064665595,40.67473888838132,-73.95697424938541,Lyft,Lyft,6.574426535294625,1.1,15.405771080442154
2022-01-18 09:19:00,Brooklyn,Staten Island,40.75256882432074,-73.97462299813414,40.66212666307933,-73.98518874136921,Lyft,Lyft XL,14.903851587798831,1.6,45.73078444583673
2022-03-23 16:36:00,Staten Island,Harlem,40.69376003878637,-73.97982076121026,40.708085610109435,-74.08512511640777,Lyft,Lyft Black,4.995442697030891,2.25,25.294555619559137
2022-03-05 08:58:00,Queens,Financial District,40.76064654431315,-74.070071634066,40.62460440453941,-74.05258055273751,Lyft,Lyft XL,4.876981639007585,2.52,27.807489028023454
2022-01-12 08:34:00,Manhattan,Upper West Side,40.78134306930557,-73.99080160323952,40.665010846790366,-74.05462207821736,Lyft,Lyft Black,3.560037139048849,2.09,18.245835836071162
2022-02-03 04:01:00,Staten Island,Brooklyn,40.687424064414365,-74.01811165114827,40.771814413638836,-73.90930112979197,Lyft,Lyft,11.435611181870533,1.18,26.56453709056265
2022-02-03 14:20:00,Brooklyn,Bronx,40.729838410182914,-73.9579594448402,40.712565723607014,-73.9547477169845,Lyft,Lyft XL,11.250883310838882,1.07,23.742278999545807
2022-01-10 08:26:00,Queens,Lower East Side,40.73166492564515,-73.92103595173582,40.62726988321949,-74.01121644215107,Lyft,Lyft Shared,8.976683867598561,1.77,32.23027827988654
2022-03-23 19:19:00,Williamsburg,Times Square,40.72461535117639,-74.02372049698403,40.700699439993,-74.08922396070382,Lyft,Lyft XL,13.596666699704407,1.42,37.33771674876545
2022-01-04 12:14:00,Times Square,Times Square,40.76119912049317,-73.9570804976161,40.72364569161384,-74.00990960359667,Uber,UberX,14.803101258621485,1.08,30.67786137879461
2022-03-22 15:28:00,Queens,Staten Island,40.73256728523076,-73.99248866582252,40.71862061098399,-74.07930380415237,Uber,UberSUV,3.3158893242573573,1.0,8.302806317450376
2022-01-09 21:56:00,Williamsburg,Central Park,40.71478755697942,-73.96743510846967,40.62833583798557,-74.0085782108238,Uber,UberPOOL,4.701374963044763,1.82,19.523879257297573
2022-03-19 15:32:00,Times Square,Staten Island,40.69287966577305,-74.00524927650821,40.79632682125821,-74.03958692121104,Lyft,Lyft Shared,1.6819101842534483,1.23,6.695311671605548
2022-03-19 03:43:00,Central Park,Queens,40.76214457318857,-74.09888166887204,40.80830816516167,-73.95610188910615,Lyft,Lyft XL,12.909414959971864,1.0,25.09147617995076
2022-02-28 17:17:00,Williamsburg,Financial District,40.72784559939807,-73.97457829066492,40.72743848105995,-73.97853303317294,Uber,UberPOOL,4.239838021703419,1.41,13.986800318553186
2022-01-02 21:53:00,Brooklyn,Queens,40.809834948370934,-73.96225651942346,40.75576352987586,-73.98966938760306,Uber,UberX,5.445596623257713,1.96,23.578396417773956
2022-02-03 21:39:00,Queens,Financial District,40.672735538041984,-73.96159005316238,40.78268767260125,-73.96557891676899,Uber,UberXL,5.205129626492511,1.0,11.608976846361895
2022-02-02 04:03:00,Upper West Side,Manhattan,40.76977435262527,-73.93083648985777,40.78924067115673,-73.92102565719544,Lyft,Lyft Shared,10.98745200738391,1.0,21.728041012921842
2022-02-05 15:12:00,Queens,Queens,40.74343289667521,-74.0052012459468,40.63992251710892,-73.97498912734792,Lyft,Lyft Shared,2.802892266861712,1.0,7.405061467007996
2022-03-25 03:42:00,Williamsburg,Times Square,40.68744778318925,-73.98910445101245,40.706619519852545,-74.06517838851893,Lyft,Lyft XL,7.827469802124616,1.03,16.684014318329623
2022-02-08 23:01:00,Central Park,Times Square,40.775761441654765,-74.0917575171016,40.72312322654861,-74.0277391325113,Lyft,Lyft Black,12.981724450669553,1.0,25.218017788671716
2022-01-13 08:45:00,Queens,Upper West Side,40.65347489373023,-74.0233485051734,40.76052539244605,-74.09079562740622,Uber,UberX,7.203954570341986,1.46,22.056103927223774
2022-03-16 16:46:00,Staten Island,Upper East Side,40.64634170294289,-73.91953032493728,40.73981305664938,-74.09539213753933,Lyft,Lyft XL,4.059569236702043,2.3,22.089766177725718
2022-01-30 15:03:00,Upper East Side,Queens,40.799042582179496,-74.05314913437076,40.81201318507075,-73.94718989401258,Lyft,Lyft Black,4.017006494724177,1.0,9.529761365767309
2022-03-16 14:44:00,Times Square,Upper West Side,40.77611619627094,-74.03300326888757,40.638292912634526,-74.08557985508686,Uber,UberPOOL,11.486020573826895,1.95,44.07104520818428
2022-03-29 20:17:00,Harlem,Staten Island,40.6950030864253,-74.06823643308446,40.80825171743381,-73.9676991697497,Uber,UberPOOL,9.561527255438289,1.0,19.232672697017005
2022-03-26 14:39:00,Financial District,Williamsburg,40.80751488305965,-74.05478076845648,40.74982205008568,-74.07913935840241,Lyft,Lyft Black,8.185903074686559,1.99,33.48240745759595
2022-01-12 20:12:00,Upper West Side,Financial District,40.7230889515189,-74.08424357848318,40.694747456150495,-73.97318000094336,Lyft,Lyft,3.594647004363985,1.1,9.669695483400671
2022-01-22 22:30:00,Williamsburg,Brooklyn,40.76844009492211,-74.09438910477262,40.672188976878175,-73.96950246475761,Lyft,Lyft XL,6.84105031711934,2.15,31.114451818161516
2022-03-25 16:25:00,Manhattan,Financial District,40.79858658929604,-73.9846316304305,40.68218496429086,-74.0383960642663,Lyft,Lyft XL,9.582958660132421,1.45,27.941757600086017
2022-01-15 11:51:00,Harlem,Staten Island,40.70525685038294,-73.94643998264274,40.7610093335143,-74.03912164161189,Lyft,Lyft XL,14.951015302183382,1.1,31.530704456703013
2022-01-14 12:27:00,Manhattan,Lower East Side,40.77780151036595,-74.08607114568362,40.641472489291594,-74.03789501042216,Uber,UberXL,4.019176543894639,1.14,10.868257205069805
2022-03-05 19:45:00,Staten Island,Williamsburg,40.642218162294895,-73.91279998912496,40.71768576427923,-74.07996910308788,Uber,UberX,3.863907283236048,1.9,17.59749171675986
2022-01-02 09:33:00,Bronx,Staten Island,40.62031253812227,-74.05185576640159,40.67149935653368,-74.0008961013328,Lyft,Lyft XL,12.003879573745541,1.61,37.84593069902807
2022-02-24 13:42:00,Lower East Side,Queens,40.65400037295665,-73.95984334621616,40.6678021618506,-74.06840697621021,Uber,UberSUV,14.575206802961349,1.0,28.00661190518236
2022-03-26 15:12:00,Upper East Side,Times Square,40.73112783095743,-73.9894548310472,40.72443992958187,-73.91982827606822,Lyft,Lyft XL,3.854138772536203,1.0,9.244742851938355
2022-01-13 10:39:00,Lower East Side,Central Park,40.67212025788979,-73.9486724562804,40.67755526083316,-74.07715423770061,Uber,UberXL,5.528324823721792,1.11,13.513770970079582
2022-02-12 03:27:00,Financial District,Times Square,40.69626881071847,-73.92266805251727,40.75814786455473,-74.01076945533221,Uber,UberSUV,5.838772616320528,1.1,13.989637286417016
2022-01-15 10:50:00,Financial District,Williamsburg,40.75778735337376,-74.02984992873435,40.77692301416797,-74.02796023414031,Lyft,Lyft Shared,3.670839365631805,1.24,11.065721423421016
2022-03-11 22:48:00,Upper East Side,Central Park,40.622478294410996,-74.03658584447278,40.682756243479936,-74.03764497666528,Uber,UberBLACK,7.59039939179858,1.27,20.044662648272347
2022-03-08 02:02:00,Staten Island,Central Park,40.781908882787604,-73.99179739460597,40.750138047499405,-73.95530316960237,Uber,UberBLACK,9.773262336292877,1.26,24.700043451525794
2022-03-20 06:50:00,Financial District,Times Square,40.74590686524806,-74.06550319967018,40.81180693064436,-73.97084209846582,Lyft,Lyft,7.4592519854762305,1.33,20.68640899619593
2022-02-09 06:05:00,Harlem,Manhattan,40.733431384986936,-74.07160814035194,40.70781625442258,-74.01417160127987,Uber,UberBLACK,8.821007991821904,1.0,17.936763985688334
2022-03-20 22:51:00,Bronx,Manhattan,40.74695655437929,-74.07794984703472,40.78882295696497,-74.06442684225544,Uber,UberSUV,1.3453078395876614,3.03,14.708494819413575
2022-02-15 04:20:00,Manhattan,Central Park,40.735715403672046,-74.09387536703268,40.64773566504056,-73.94877183575507,Uber,UberXL,12.687400437290556,1.21,29.89057042596275
2022-02-13 06:03:00,Queens,Upper West Side,40.6661782457569,-74.05629313522869,40.64301395752538,-74.01232587200556,Uber,UberBLACK,12.230740816786914,1.0,23.9037964293771
2022-01-20 04:19:00,Times Square,Manhattan,40.76395252384084,-73.9704823932577,40.80895965766038,-74.05808846321209,Lyft,Lyft Shared,1.336173021897974,1.74,8.418646851679332
2022-01-04 14:19:00,Central Park,Financial District,40.752423376785906,-74.07968252383945,40.81244332596131,-74.01894202837563,Uber,UberXL,4.858802040804008,1.18,12.983426214260275
2022-02-26 00:21:00,Upper East Side,Upper West Side,40.682398681885644,-74.08324268256133,40.709318769050675,-73.99784042018688,Lyft,Lyft Black,4.6897537366154225,1.67,17.880805295258572
2022-01-26 21:15:00,Financial District,Lower East Side,40.736685206138006,-73.90884423092234,40.72274780194891,-74.05791257001331,Lyft,Lyft Black,12.1792621126998,1.91,45.48418361169907
2022-01-22 05:45:00,Manhattan,Williamsburg,40.78937471485505,-74.02026753560207,40.80733416146017,-74.09626464824198,Uber,UberX,14.706448283541718,1.0,28.236284496198007
2022-02-03 14:07:00,Manhattan,Staten Island,40.72295455314537,-73.91526908424477,40.67605577150792,-74.05345934186043,Uber,UberBLACK,13.374272245917853,1.04,26.941175487570494
2022-03-27 12:51:00,Queens,Central Park,40.7313943811526,-73.9615509421261,40.62895970322598,-73.93862549579896,Uber,UberPOOL,7.396372123079218,1.0,15.443651215388632
2022-02-01 17:55:00,Manhattan,Lower East Side,40.71830181038722,-73.96228791760726,40.70994107214213,-74.1050303209733,Lyft,Lyft,13.04616586463141,2.09,52.941351649889384
2022-01-11 17:56:00,Lower East Side,Central Park,40.7799907729783,-73.97256381035663,40.651733500315835,-73.9311948027029,Uber,UberSUV,1.7919143440344798,1.7,9.580945173502577
2022-01-17 03:46:00,Harlem,Upper East Side,40.79414895257979,-74.07513819192658,40.728782159963195,-74.0991095570495,Lyft,Lyft Shared,6.2904950250553,1.14,15.399537574985322
2022-02-05 19:00:00,Harlem,Upper East Side,40.62315348061698,-74.06144896813859,40.63929124091611,-74.0408605438489,Lyft,Lyft Black,9.670998426047396,2.11,40.98516168818001
2022-02-05 05:24:00,Upper West Side,Financial District,40.761602659065616,-74.05878988559145,40.77190643614369,-74.01566796472457,Lyft,Lyft Black,9.761011642266316,1.03,20.169223485185036
2022-02-25 14:03:00,Central Park,Times Square,40.679937649269384,-73.91735882981472,40.62118503343144,-74.02799352262583,Uber,UberPOOL,9.968869663819877,1.27,25.33081282783968
2022-03-15 22:47:00,Central Park,Queens,40.62927674643903,-73.97939664800842,40.806943636692644,-74.06368426422124,Lyft,Lyft Shared,6.394822507975175,1.21,16.566036660637433
2022-03-04 02:22:00,Lower East Side,Williamsburg,40.712062212142534,-73.97924599906571,40.723403252794625,-74.05487671685319,Lyft,Lyft Black,7.087939980060179,1.28,19.0769855553348
2022-03-06 12:29:00,Bronx,Manhattan,40.749857194243006,-74.05909367317061,40.65944288784341,-74.00991233868906,Lyft,Lyft Black,4.034640872703116,1.29,12.333201770127287
2022-02-12 00:52:00,Queens,Harlem,40.713037363259275,-74.00630400220743,40.76166144304307,-74.00100363138874,Uber,UberX,1.6920157739926294,1.69,9.229136651583202
2022-01-21 21:27:00,Upper West Side,Financial District,40.66965455307431,-73.91325761420636,40.797457016833455,-73.99210555284286,Lyft,Lyft Shared,3.0953786650660007,1.0,7.916912663865501
2022-01-07 16:59:00,Staten Island,Manhattan,40.71025263143571,-73.93950471724132,40.79619622525833,-73.97310919363785,Uber,UberX,2.8882531133264417,2.2,16.619774486306802
2022-03-22 00:02:00,Lower East Side,Times Square,40.77772779123618,-74.10499002504481,40.65007827225865,-74.09990994289502,Uber,UberSUV,5.955153092433072,1.0,12.921517911757876
2022-02-08 21:11:00,Bronx,Lower East Side,40.671257467599666,-74.09176876317724,40.74954517186925,-74.07900698969591,Lyft,Lyft,12.190304832238832,1.0,23.833033456417954
2022-01-28 14:07:00,Times Square,Financial District,40.70657022468111,-74.08358332648996,40.72584273586401,-74.07980517411475,Lyft,Lyft,14.946905673738321,1.44,41.26620229782057
2022-02-18 01:23:00,Financial District,Financial District,40.73347758856869,-73.95068987840253,40.68595214554792,-74.03811202275872,Lyft,Lyft,5.5504062007941135,1.72,21.00672266439028
2022-02-21 02:38:00,Manhattan,Williamsburg,40.70502266169072,-73.92327333839584,40.639896087891465,-73.92362232907487,Lyft,Lyft Shared,2.430083720348227,1.19,8.035649347625181
2022-01-19 04:36:00,Staten Island,Harlem,40.79181382475212,-73.97765168641283,40.65785338833254,-74.08793739283257,Uber,UberSUV,9.99503374506729,1.0,19.99130905386776
2022-03-13 22:24:00,Upper West Side,Brooklyn,40.80316721771865,-73.93356610351532,40.77718875314982,-74.0664524480427,Lyft,Lyft Black,9.335424294764321,2.71,51.04824971791979
2022-03-15 07:51:00,Times Square,Times Square,40.71093474414203,-73.92625491185754,40.79806197601479,-73.91678536081892,Uber,UberX,14.039431219828568,1.83,49.53627848150099
2022-03-04 07:55:00,Bronx,Manhattan,40.66283804131256,-73.98565158644546,40.78479186724478,-74.0834852967165,Lyft,Lyft Shared,9.695393773362474,1.73,33.67780464885489
2022-03-05 22:12:00,Bronx,Upper East Side,40.62503619018035,-74.0028189912995,40.71130279096248,-73.98916535027313,Uber,UberPOOL,9.603238387327815,2.67,51.54613136478921
2022-03-27 17:00:00,Lower East Side,Bronx,40.806864234928305,-74.0355813763772,40.773379936130596,-74.07597628837075,Uber,UberPOOL,4.556230722031439,1.73,18.118988510950185
2022-02-11 09:00:00,Upper East Side,Brooklyn,40.72194550022472,-74.09805441960357,40.68422507643906,-73.9361446112151,Lyft,Lyft Shared,8.588626601909073,2.39,41.8969307624847
2022-03-12 17:34:00,Financial District,Times Square,40.80831548198387,-74.03809275417431,40.649267886926864,-73.99568218435577,Lyft,Lyft XL,10.195620664080925,2.31,46.990796534547144
2022-03-10 19:49:00,Harlem,Brooklyn,40.623036523035225,-74.06940671017153,40.75789585450499,-73.98826316856106,Lyft,Lyft,8.867369077817237,1.42,25.58541215837583
2022-02-13 02:30:00,Financial District,Lower East Side,40.78897183128484,-73.92729258240747,40.74815918695422,-73.97095994896009,Uber,UberBLACK,9.824582161108204,2.18,42.930780944627806
2022-01-31 03:16:00,Upper West Side,Staten Island,40.70077088533897,-74.04754905088562,40.69427556932299,-74.04676021376888,Lyft,Lyft XL,5.654388983024809,1.0,12.395180720293416
2022-01-24 01:44:00,Central Park,Lower East Side,40.725249020308155,-73.90728425023083,40.74456712397921,-74.00176540612686,Uber,UberX,2.883913824277807,1.17,8.829813555208808
2022-03-21 15:03:00,Times Square,Times Square,40.72380947009478,-73.93622407061929,40.76651845647412,-74.06315027036882,Lyft,Lyft,4.9137552082027165,1.69,18.757431028259536
2022-02-21 03:26:00,Upper East Side,Manhattan,40.66184273521907,-74.09430400785864,40.65957677602669,-74.09787841398824,Lyft,Lyft Black,3.3542848505418874,1.0,8.369998488448303
2022-02-01 03:39:00,Queens,Financial District,40.73866229289809,-73.97961966918439,40.63079566083244,-74.08426092949348,Uber,UberX,7.550781876562366,1.0,15.71386828398414
2022-03-11 01:59:00,Central Park,Upper West Side,40.71539639143136,-73.97004972293728,40.72212142000366,-74.00552926055224,Uber,UberBLACK,10.17878218091782,1.05,21.328512257436493
2022-01-20 07:34:00,Williamsburg,Harlem,40.75708034588797,-73.94707257679964,40.634011983063196,-73.93978427704248,Lyft,Lyft Shared,8.765484119397248,1.68,29.97052331102791
2022-01-14 10:33:00,Williamsburg,Upper West Side,40.77060051462933,-73.97503699991651,40.657479081438545,-73.98900150916161,Uber,UberBLACK,9.472191289287759,1.0,19.076334756253576
2022-02-09 23:37:00,Lower East Side,Upper East Side,40.656488613652385,-73.9256496036702,40.704635939968895,-74.0264368741103,Lyft,Lyft Shared,6.553510826854286,1.11,15.505194781164452
2022-03-30 05:39:00,Upper East Side,Queens,40.80202798205129,-74.04970287176991,40.65378243761125,-74.00041200378135,Uber,UberBLACK,4.390371700013293,1.0,10.183150475023261
2022-03-10 00:32:00,Times Square,Brooklyn,40.76307962765447,-74.02132489033727,40.787836742414946,-73.90618964213382,Uber,UberPOOL,2.2543076414973147,1.26,8.120748349501579
2022-01-03 02:44:00,Williamsburg,Financial District,40.75657662406351,-74.07092315339385,40.70078908082611,-74.04207116533473,Lyft,Lyft Shared,3.726348898384237,1.0,9.021110572172415
2022-01-06 12:27:00,Bronx,Harlem,40.797490535279934,-73.9389094355744,40.70684139379176,-74.0725212843001,Uber,UberSUV,5.655901483235048,1.0,12.397827595661333
2022-01-02 11:27:00,Upper West Side,Manhattan,40.664295327415786,-74.00276077200485,40.692915884844005,-73.9602400218393,Uber,UberSUV,12.165450175159554,1.12,26.64428234331273
2022-01-21 10:18:00,Upper West Side,Queens,40.720245873109704,-73.97613213151138,40.623049824246266,-74.00992571341219,Lyft,Lyft XL,9.957582715964675,1.0,19.92576975293818
2022-03-05 23:03:00,Lower East Side,Harlem,40.6983108437556,-73.98395982989875,40.70842489664828,-73.99522955621302,Lyft,Lyft XL,8.365802073498946,2.3,39.42235334583325
2022-01-28 11:50:00,Brooklyn,Williamsburg,40.61400765952392,-73.96489045039704,40.74849484722197,-74.05092317522568,Uber,UberPOOL,13.873915062308244,1.0,26.779351359039428
2022-01-10 11:13:00,Harlem,Brooklyn,40.802340022862275,-73.99713144385689,40.629245117695646,-74.06038076183799,Uber,UberSUV,3.1651208020162684,1.13,9.08402638598717
2022-02-02 22:41:00,Financial District,Harlem,40.70227764648112,-74.03833214516287,40.80683496696126,-74.07242742047497,Lyft,Lyft,9.795771059203615,1.26,24.74967518554397
2022-02-04 14:05:00,Times Square,Lower East Side,40.646524605179486,-74.10463186292823,40.793641369347036,-74.0708301205398,Lyft,Lyft Black,3.012858933670527,1.11,8.627478478655
2022-03-19 17:41:00,Bronx,Manhattan,40.6862004178945,-74.08527706073183,40.666827693828516,-74.02108959725173,Lyft,Lyft Black,11.362977904483266,1.38,30.891591639327082
2022-03-30 15:45:00,Times Square,Lower East Side,40.728994408069006,-74.07918660826763,40.728089209632586,-74.01079572975735,Lyft,Lyft,11.356915494443665,1.03,23.045840178734707
2022-03-13 05:37:00,Staten Island,Manhattan,40.666486202279636,-74.00215451129078,40.653226739747936,-74.03020037074076,Uber,UberPOOL,4.755858892095991,1.0,10.822753061167983
2022-01-23 02:38:00,Financial District,Upper East Side,40.693625803382425,-73.9480463651478,40.753151642562194,-73.93531379320557,Uber,UberX,3.610526090450615,2.17,19.13597282848621
2022-01-03 23:46:00,Upper East Side,Harlem,40.75790768531465,-74.08854971228996,40.66818662604655,-74.0840016989973,Lyft,Lyft,4.142550726965133,1.0,9.749463772188983
2022-03-21 06:54:00,Bronx,Lower East Side,40.61638729509845,-73.9285228203288,40.79531461620329,-73.98860047250407,Lyft,Lyft Shared,5.378722109856953,1.0,11.912763692249667
2022-02-24 18:45:00,Times Square,Williamsburg,40.686035123343075,-74.07555559212574,40.68609087743808,-74.03899448346561,Lyft,Lyft,5.041273015039298,2.07,23.437011496979856
2022-01-27 20:17:00,Brooklyn,Staten Island,40.805043571335354,-73.91578416925306,40.80652548695432,-73.95705231864002,Uber,UberX,8.01364634602161,1.0,16.523881105537818
2022-01-06 10:00:00,Harlem,Upper West Side,40.760229378648674,-74.02925879408026,40.63976819438818,-73.95189049946548,Uber,UberSUV,14.548200022977172,1.0,27.95935004021005
2022-02-08 20:19:00,Lower East Side,Central Park,40.801421129706576,-73.92222967257598,40.80443143860719,-74.00105383004126,Lyft,Lyft XL,13.77867350436027,1.0,26.612678632630473
2022-03-22 07:57:00,Central Park,Central Park,40.650895923867694,-73.95809013266685,40.72754269458509,-74.03810533210098,Lyft,Lyft Black,4.599979400591051,2.33,24.58141600591001
2022-03-22 09:01:00,Bronx,Financial District,40.74083312126657,-73.98202368008347,40.73371959228602,-74.04835954224744,Uber,UberX,6.931763373455187,2.02,29.55378352516409
2022-03-22 10:15:00,Lower East Side,Staten Island,40.61575749218712,-73.92993151851772,40.72832017228629,-73.97941898097687,Uber,UberBLACK,5.2312231438226995,1.0,11.654640501689723
2022-01-09 23:32:00,Upper East Side,Staten Island,40.75706021981432,-73.96577058013295,40.615799566635395,-74.06374015691073,Uber,UberXL,14.304286076337009,1.98,54.51435125450774
2022-03-25 23:18:00,Bronx,Central Park,40.660306683569665,-73.90787642172009,40.80577542168251,-73.99564600180776,Uber,UberXL,3.528609286970543,1.0,8.675066252198452
2022-03-24 18:50:00,Harlem,Times Square,40.72133386310889,-74.06925091317723,40.694852224083974,-74.02041444448369,Lyft,Lyft Shared,3.4673780232394664,2.28,19.53483831272547
2022-02-18 22:58:00,Harlem,Williamsburg,40.776188922648615,-73.94862227030342,40.68440228469157,-73.96058040434241,Uber,UberXL,14.260691307201478,1.0,27.456209787602585
2022-02-25 05:30:00,Lower East Side,Upper East Side,40.62591128646246,-74.09979616476434,40.80675626354855,-74.09377822504511,Lyft,Lyft Shared,4.990596247085423,1.22,13.704922987527379
2022-03-24 23:57:00,Central Park,Manhattan,40.69596816798147,-74.02034178744168,40.72365672364887,-74.00193241294377,Lyft,Lyft Black,2.4494962076323032,1.0,6.7866183633565305
2022-02-02 08:25:00,Bronx,Central Park,40.647989969467886,-73.90640147488054,40.613649779235715,-73.98286827460478,Uber,UberXL,2.468971004565135,2.53,17.256369122712137
2022-02-18 23:53:00,Times Square,Brooklyn,40.78613562653676,-74.08833350070397,40.787597769856255,-73.9984141365747,Uber,UberBLACK,12.131141653115963,1.9,45.08604599661057
2022-02-14 12:28:00,Lower East Side,Staten Island,40.620738766877736,-74.01254584120629,40.66163493259899,-74.09656140163128,Lyft,Lyft Shared,11.837370538099737,1.21,28.090632114426192
2022-01-14 20:47:00,Upper West Side,Central Park,40.72059102969327,-73.9081574621971,40.67137634980104,-74.0700067236193,Lyft,Lyft XL,3.7523669184146033,1.0,9.066642107225556
2022-01-15 07:58:00,Williamsburg,Central Park,40.794562718643824,-73.97981362219996,40.69384922571676,-73.93054393125568,Uber,UberBLACK,4.082832614681218,1.63,15.721280033378173
2022-02-26 05:21:00,Queens,Lower East Side,40.690213977872524,-74.05098087296204,40.692307321849135,-73.97937751816738,Uber,UberSUV,5.074566049637602,1.18,13.428978892501648
2022-02-25 19:37:00,Harlem,Central Park,40.64543055456979,-73.97263697469234,40.765173722609184,-74.08785641912684,Uber,UberPOOL,4.534676106977257,1.79,18.679872905106258
2022-03-29 23:16:00,Lower East Side,Williamsburg,40.61344190122575,-74.02945448587309,40.72564742336754,-73.9837823378087,Lyft,Lyft XL,2.3982811537996884,1.0,6.696992019149455
2022-02-17 02:49:00,Staten Island,Queens,40.779704877699096,-74.0120018456315,40.70277504811476,-73.9171091459952,Lyft,Lyft,5.063631869110917,1.0,11.361355770944105
2022-01-19 09:45:00,Manhattan,Central Park,40.66232270683791,-73.98911864774853,40.63551522055411,-74.07654276826979,Uber,UberX,10.60953287708912,1.43,30.12535602491552
2022-01-14 20:18:00,Staten Island,Williamsburg,40.73707609036017,-74.01661297934682,40.68039228488487,-74.10516238430615,Lyft,Lyft Shared,7.562828265701392,1.14,17.937842390074277
2022-02-03 20:29:00,Lower East Side,Central Park,40.633928176883124,-73.96564999714127,40.69676604767446,-73.93188349174895,Uber,UberBLACK,4.224899943347415,1.05,10.388253645900875
2022-01-05 06:52:00,Manhattan,Upper West Side,40.779654865829635,-74.09482276702425,40.74733623637767,-74.02213698653274,Uber,UberBLACK,1.4274912784524356,1.0,4.998109737291762
2022-03-11 16:52:00,Harlem,Upper East Side,40.70312952271419,-73.99427797777459,40.7290618442081,-73.99017827638251,Lyft,Lyft,5.018609901494319,1.64,18.503410417288695
2022-01-14 14:16:00,Upper East Side,Times Square,40.68320471271026,-74.09773358679146,40.7889967735861,-73.91842785498277,Uber,UberX,2.3214872620075,1.01,6.628228735598256
2022-01-22 09:12:00,Brooklyn,Williamsburg,40.684238306858454,-73.98647981949784,40.61979103247075,-73.93044895859913,Lyft,Lyft,10.209084391786098,1.83,37.269592764694984
2022-03-18 20:46:00,Williamsburg,Williamsburg,40.781480995906435,-73.97244075013886,40.78438962869202,-73.93039439318707,Uber,UberBLACK,13.534332154137298,1.2,31.422097523688322
2022-02-15 14:33:00,Queens,Brooklyn,40.74852292919854,-73.92209660109454,40.69104705409437,-73.94074721865184,Lyft,Lyft Shared,12.487766588192551,1.23,29.954917581084466
2022-02-24 04:22:00,Harlem,Times Square,40.67103110293831,-73.98595889888468,40.77393992785155,-74.07709220056314,Uber,UberX,6.556818364167414,1.0,13.974432137292975
2022-01-10 00:57:00,Bronx,Lower East Side,40.781990144571466,-73.93117040920271,40.78703860857063,-74.0005081660873,Uber,UberX,14.346428297259331,1.0,27.60624952020383
2022-02-24 16:57:00,Staten Island,Upper East Side,40.76663318236579,-73.93941135747298,40.785311784884044,-74.00316122579021,Uber,UberX,1.8225269535419844,1.34,7.623825706055953
2022-03-05 02:48:00,Williamsburg,Brooklyn,40.69554119439038,-74.04525825440413,40.71152737593049,-74.05625249284188,Lyft,Lyft XL,7.777226905882907,2.53,40.75867212579657
2022-03-22 06:57:00,Lower East Side,Upper West Side,40.77475249291578,-73.91456020605942,40.628378054614906,-73.97246190049104,Uber,UberXL,1.0997241248213028,1.07,4.73423342372789
2022-01-12 12:06:00,Harlem,Staten Island,40.68166484916021,-74.08472600260687,40.62538426864213,-74.00205189629948,Lyft,Lyft,10.749129717831911,1.06,22.589635626578197
2022-03-15 22:10:00,Staten Island,Williamsburg,40.642336837934,-74.04342173418468,40.75855694954136,-73.92642194675962,Lyft,Lyft Black,1.276208395255658,1.08,5.112033867033194
2022-01-02 16:58:00,Bronx,Lower East Side,40.70945327022443,-73.96679912335601,40.66572062670021,-73.91977355441861,Lyft,Lyft XL,8.28298314420955,1.23,20.904121217911058
2022-01-29 18:57:00,Upper East Side,Brooklyn,40.75622310746356,-73.9799048382559,40.68168348361454,-74.08884508305965,Uber,UberX,5.1560958240936845,1.5,17.28475153824592
2022-01-27 16:04:00,Harlem,Times Square,40.657853033473735,-73.91559116412654,40.75530791220645,-73.93053915314577,Uber,UberBLACK,13.08014490710052,2.08,52.8117274618459
2022-01-10 15:20:00,Lower East Side,Staten Island,40.745216912251415,-74.09355949170966,40.67482683680534,-74.04601195546245,Lyft,Lyft,14.33831406483224,1.08,29.79941358253293
2022-01-08 18:20:00,Queens,Financial District,40.65141412895649,-73.93125480635523,40.7646731578524,-74.0896514778622,Lyft,Lyft,13.005729234747514,2.01,50.77265258322437
2022-02-06 11:26:00,Times Square,Times Square,40.72797397348921,-74.01144310024345,40.65469334898267,-73.95052787289819,Lyft,Lyft Shared,14.359108298957858,2.0,55.2568790463525
2022-03-01 03:31:00,Harlem,Harlem,40.71120405789409,-73.99529215668872,40.77181944783308,-73.98380620180026,Uber,UberX,8.311447728760577,1.08,18.40863620735749
2022-01-12 02:33:00,Staten Island,Queens,40.727260910087516,-73.90857014399302,40.7766493085589,-74.06837520832984,Uber,UberBLACK,14.702995407738213,1.02,28.79484680281271
2022-01-21 08:44:00,Central Park,Upper West Side,40.80814132790612,-73.93516848676119,40.654695193081295,-73.993809933039,Uber,UberSUV,10.646887807086067,2.47,52.196172546129525
2022-01-23 20:37:00,Central Park,Financial District,40.71804458298781,-73.90627591431607,40.747813344705335,-73.98009949901338,Lyft,Lyft Shared,14.422777364020673,2.11,58.531105416646334
2022-01-01 21:26:00,Central Park,Manhattan,40.75525884238286,-73.96678559069146,40.68814118412013,-73.97120012195285,Uber,UberBLACK,11.937340323098532,2.02,47.24849804215331
2022-01-07 18:30:00,Upper West Side,Central Park,40.80735036108171,-73.94912678116725,40.71563809378553,-74.07001692384016,Lyft,Lyft Black,6.343209692492407,1.47,19.992906933936716
2022-03-12 06:59:00,Central Park,Staten Island,40.788828552696316,-74.0466294999412,40.690621840499,-73.93113682435416,Lyft,Lyft Shared,5.346264232816387,1.0,11.855962407428677
2022-02-13 16:45:00,Lower East Side,Times Square,40.72149186782362,-74.08423816888786,40.78202947350753,-73.94147161391095,Uber,UberPOOL,11.935280695494821,1.58,36.95105112304318
2022-02-14 23:56:00,Times Square,Brooklyn,40.72349188937226,-74.08647420276222,40.7456322440167,-74.00220956748412,Lyft,Lyft XL,12.80795198298052,1.96,48.83127530162319
2022-01-09 11:43:00,Manhattan,Williamsburg,40.735875821458386,-73.95604744199711,40.6847443240756,-74.00678520193918,Uber,UberX,5.290997898956513,1.0,11.759246323173898
2022-03-05 00:47:00,Brooklyn,Staten Island,40.75873407197219,-74.06753084812797,40.73951883594297,-74.05777670129542,Uber,UberX,7.702571901710014,2.12,33.87654175534415
2022-02-17 07:16:00,Financial District,Upper East Side,40.72749480775881,-73.97068544853433,40.79500843752949,-74.09473276278018,Uber,UberX,13.976551714188345,2.93,78.98976891450074
2022-01-26 04:54:00,Upper East Side,Bronx,40.77854783037658,-73.9630862340831,40.795650347870975,-73.95163147430297,Lyft,Lyft Shared,4.104036277144488,1.0,9.682063485002853
2022-02-26 06:45:00,Bronx,Harlem,40.669820857643316,-73.96515887474442,40.72019627880729,-73.94025870644717,Uber,UberXL,3.790446210821815,1.09,9.955276147142612
2022-03-03 15:54:00,Brooklyn,Williamsburg,40.65867111141744,-73.96943479089656,40.687187798314014,-74.01485378805016,Lyft,Lyft XL,14.795064952295347,1.0,28.391363666516856
2022-02-08 11:32:00,Central Park,Staten Island,40.78290988175363,-74.02397741811994,40.66884311439857,-73.94641780600575,Uber,UberBLACK,11.421557407530793,1.07,24.06186624560141
2022-03-04 13:43:00,Central Park,Financial District,40.65331564823127,-74.10173570423936,40.6687120063935,-73.94804964182252,Lyft,Lyft,10.237681351811002,1.19,24.29497141514641
2022-02-26 00:27:00,Williamsburg,Harlem,40.75580539116226,-74.08447694220771,40.70262840563259,-74.04318900406962,Uber,UberX,4.906696239022876,2.8,31.04281157121209
2022-01-12 20:58:00,Harlem,Manhattan,40.8046253558525,-73.99858888040099,40.638181967513134,-74.07499407177522,Uber,UberXL,13.842437981064208,1.12,29.93117844288585
2022-01-14 23:14:00,Central Park,Upper East Side,40.701168876403436,-74.0001260605727,40.68535441340461,-73.92514783694088,Uber,UberSUV,9.527954903119062,1.08,20.707834766895026
2022-02-02 20:17:00,Bronx,Lower East Side,40.774195645768366,-73.94233595321825,40.7208193072402,-74.09426692581988,Uber,UberSUV,14.62168296137446,1.23,34.548172574358524
2022-02-14 03:12:00,Upper West Side,Williamsburg,40.620559429033165,-74.08488389383082,40.75326706805634,-73.98992595228525,Uber,UberXL,12.750905759009738,1.0,24.81408507826704
2022-02-27 23:37:00,Queens,Central Park,40.77012799722015,-74.09719851884905,40.67485492256807,-73.9466616545977,Uber,UberBLACK,14.407862658789279,2.49,69.00726153567429
2022-03-24 18:24:00,Brooklyn,Brooklyn,40.645626591192965,-74.05483982040532,40.73678026300306,-73.9350523934075,Lyft,Lyft,3.871743598054791,2.2,20.406212852510947
2022-03-02 05:48:00,Lower East Side,Staten Island,40.79973492801837,-74.07888313906126,40.795208819086035,-74.00281655375855,Uber,UberX,5.53712667316773,1.0,12.189971678043527
2022-02-09 11:22:00,Central Park,Brooklyn,40.8059305157102,-74.01813276236075,40.799713837076624,-73.98831219206761,Lyft,Lyft XL,10.253904328436139,1.0,20.444332574763244
2022-03-26 06:43:00,Upper West Side,Bronx,40.73589001227571,-73.91703154240659,40.657054335300984,-74.03870491799134,Lyft,Lyft Black,7.835642421716647,1.0,16.21237423800413
2022-02-05 04:48:00,Harlem,Upper West Side,40.62348074969599,-73.9786530198213,40.63500385727264,-74.0997961976751,Uber,UberBLACK,5.913341075233997,1.0,12.848346881659495
2022-01-23 20:01:00,Williamsburg,Financial District,40.636887002353674,-74.04416379461982,40.77902860670193,-73.93709519673216,Uber,UberXL,14.176030343561179,2.75,75.09714602838817
2022-02-03 15:38:00,Bronx,Upper East Side,40.709919851685214,-74.08633357338752,40.74052015028261,-74.10108587685521,Uber,UberX,1.1553547903591022,1.0,4.521870883128429
2022-03-18 14:21:00,Upper East Side,Williamsburg,40.732851711420345,-73.95177848241872,40.61662208087908,-73.99831165841218,Lyft,Lyft Shared,9.956003193386628,1.11,22.114536203153527
2022-02-08 00:15:00,Upper West Side,Queens,40.6852796124937,-73.91484069565965,40.777828646183444,-74.00288120856646,Uber,UberSUV,11.12830671345916,1.0,21.974536748553533
2022-03-11 06:15:00,Manhattan,Queens,40.658016356658614,-74.05384840263511,40.62870891780636,-74.06699773628175,Lyft,Lyft Shared,5.266768043431691,1.27,14.880391976526933
2022-01-11 21:33:00,Upper West Side,Upper West Side,40.69027315753933,-73.91539910219166,40.75977958542276,-73.9476670552579,Uber,UberSUV,5.33022606486253,1.0,11.827895613509428
2022-02-16 10:58:00,Lower East Side,Central Park,40.70612946002116,-74.01397796509305,40.653925774403255,-74.0467328839612,Uber,UberX,9.8433413435282,1.19,23.473758347897476
2022-01-06 02:37:00,Financial District,Financial District,40.678230569872554,-73.93035352396407,40.662178198936964,-74.00767058379567,Uber,UberX,4.78979375228167,1.84,20.02313588234698
2022-03-06 17:10:00,Williamsburg,Williamsburg,40.76326002520639,-74.10087431753935,40.801692388330665,-74.03322118029128,Lyft,Lyft XL,14.341388672494581,2.36,65.12993521740262
2022-03-13 23:00:00,Williamsburg,Bronx,40.6579687822059,-73.94324392825598,40.68571255054475,-74.0670950000121,Uber,UberBLACK,5.0626387594226765,3.17,36.0099885178973
2022-03-04 02:38:00,Williamsburg,Williamsburg,40.80708786512968,-73.9959711077292,40.72411206138959,-73.98015236264767,Lyft,Lyft XL,14.400986642719316,1.0,27.701726624758802
2022-02-13 01:55:00,Harlem,Queens,40.67849272114876,-74.05137669833424,40.66683046880124,-73.91286426805154,Lyft,Lyft Black,9.203611484318287,1.82,33.863502577553746
2022-01-09 02:04:00,Upper West Side,Staten Island,40.643415522411786,-74.02502348109994,40.66601558560189,-74.00903964422614,Uber,UberBLACK,14.901085879663945,2.15,61.44033562223559
2022-02-05 23:14:00,Times Square,Brooklyn,40.7997048104301,-73.91550008177519,40.65702824774798,-74.04871179700294,Lyft,Lyft Black,4.2267904351940855,2.16,21.377267845033646
2022-03-06 04:09:00,Manhattan,Williamsburg,40.803336041208524,-73.96047973266573,40.74169672013149,-74.09705878065841,Lyft,Lyft Shared,13.107358337461683,1.0,25.437877090557947
2022-03-28 20:48:00,Harlem,Upper East Side,40.71424089691574,-73.94156032839487,40.653923891225254,-74.0473529884416,Lyft,Lyft Shared,1.4457741758699771,1.0,5.03010480777246
2022-03-20 09:24:00,Lower East Side,Brooklyn,40.7756873904939,-73.99459978706342,40.80904201083326,-74.00632154510984,Uber,UberSUV,5.300140992324076,2.36,27.789582298298434
2022-02-17 12:08:00,Queens,Financial District,40.6862384592402,-73.92238655723328,40.681006087303864,-73.93193902704313,Uber,UberSUV,5.133529611333417,1.0,11.48367681983348
2022-03-26 17:28:00,Lower East Side,Manhattan,40.77006606876712,-73.91131002863823,40.69708757457948,-74.0847778664853,Uber,UberSUV,3.4406943729369615,2.29,19.513582699544877
2022-02-03 03:19:00,Times Square,Financial District,40.764319348434164,-73.92846638213524,40.804834258472006,-74.10038998121749,Lyft,Lyft,10.871768086519957,1.65,35.51723034982638
2022-03-23 00:04:00,Central Park,Bronx,40.61337727814626,-73.99662809649716,40.63319903972159,-73.98749090335012,Uber,UberBLACK,1.8950406311122427,1.29,7.503054224735888
2022-01-08 04:50:00,Central Park,Financial District,40.70904811220816,-74.08194853622078,40.67741578773957,-74.0525221594395,Lyft,Lyft XL,4.6919485271743495,1.0,10.710909922555112
2022-01-11 06:01:00,Upper East Side,Bronx,40.619900058014544,-73.97692841709339,40.61965701204964,-73.9867123563387,Uber,UberPOOL,2.6905064163459107,1.14,8.21756030061009
2022-03-17 03:17:00,Lower East Side,Central Park,40.78147641202901,-73.92853437844855,40.64496202908342,-73.93358465815037,Uber,UberSUV,6.676432549958933,1.22,17.30418349416232
2022-03-31 23:25:00,Upper West Side,Harlem,40.69911320711778,-74.00601682909726,40.654165130414185,-74.07692742341669,Uber,UberPOOL,6.119361598915626,1.0,13.208882798102346
2022-02-23 05:03:00,Brooklyn,Times Square,40.727837372621465,-73.92101550386096,40.64489776042188,-73.94416167414137,Lyft,Lyft Shared,12.240479341843058,1.23,29.422631783317183
2022-01-03 05:38:00,Williamsburg,Upper East Side,40.70144358660939,-73.91258325909668,40.7688109996471,-74.0233241263772,Uber,UberPOOL,7.68260384842885,1.12,17.85790354292055
2022-01-10 15:46:00,Times Square,Financial District,40.76528369060614,-74.0666969715472,40.65993378966401,-74.05669183961001,Uber,UberXL,8.498832387523583,1.09,18.936522779201233
2022-01-20 20:35:00,Bronx,Queens,40.79881338147073,-74.0777747288299,40.74193608509555,-74.02679201499808,Uber,UberPOOL,3.0536952255055456,1.18,9.25588064066895
2022-01-28 08:42:00,Manhattan,Manhattan,40.70315984435658,-74.09972046287722,40.63340361352031,-74.03865452004885,Uber,UberBLACK,7.147717860121327,1.85,27.7657365721428
2022-03-15 17:16:00,Harlem,Central Park,40.67976774670411,-74.03208726071313,40.688561203177485,-74.07984581278119,Lyft,Lyft Black,1.5678711204294375,1.6,8.390039137202425
2022-02-21 03:12:00,Lower East Side,Times Square,40.771993959197324,-73.97697157305578,40.72725557188286,-74.07533997520885,Lyft,Lyft Shared,10.111905757656622,1.0,20.19583507589909
2022-03-31 07:31:00,Bronx,Upper East Side,40.76257343120525,-74.05226896056946,40.67906302558805,-73.91872422607304,Uber,UberBLACK,9.471361359959241,1.15,21.93611473691797
2022-01-28 05:47:00,Central Park,Financial District,40.61788313021,-74.10561537216307,40.79160996702436,-74.02768354378657,Lyft,Lyft Black,1.5427057603499035,1.0,5.1997350806123315
2022-02-08 03:45:00,Harlem,Staten Island,40.730065928245246,-74.02028039490793,40.654361904684706,-74.02343732113805,Lyft,Lyft,11.788285983027848,1.0,23.129500470298733
2022-01-28 21:46:00,Upper West Side,Lower East Side,40.64468370921085,-73.9481375817918,40.80149679996637,-73.90849451988171,Uber,UberXL,9.95208235819025,1.16,23.102727187126206
2022-02-19 05:05:00,Brooklyn,Central Park,40.618811876612405,-73.96333969140784,40.66967486009181,-74.02560294652292,Uber,UberBLACK,13.680807016119179,1.0,26.441412278208563
2022-01-23 06:18:00,Times Square,Manhattan,40.699881144348,-74.09424304123259,40.75010111451359,-74.07484062145703,Lyft,Lyft,6.0225656437754225,1.52,19.820024612442623
2022-03-29 21:17:00,Lower East Side,Brooklyn,40.640260458317194,-73.9164899798463,40.669462359551225,-73.98467988944032,Lyft,Lyft XL,12.687987064253718,1.21,29.89181260855725
2022-02-13 05:30:00,Harlem,Upper West Side,40.800058260040124,-74.00133233944027,40.72139000435708,-73.98234362799252,Uber,UberXL,5.85416731781042,1.05,13.382032446476646
2022-02-12 14:35:00,Williamsburg,Central Park,40.63877322505042,-73.96557494014806,40.694912146111214,-74.01891293199103,Uber,UberXL,12.857520914207502,1.04,26.000688063857655
2022-03-01 20:34:00,Staten Island,Times Square,40.73580570560397,-73.94109437418585,40.68716535278478,-73.91446007023704,Lyft,Lyft Shared,8.791846077814814,1.0,17.885730636175925
2022-02-05 11:42:00,Upper West Side,Times Square,40.79818834633591,-74.09859835292464,40.751254500734525,-74.02658818657538,Lyft,Lyft Shared,9.539561829144532,1.02,19.57811786502299
2022-02-07 22:42:00,Upper West Side,Upper West Side,40.75619430446571,-73.94947251062062,40.61653456044032,-74.0697285163943,Lyft,Lyft XL,5.138248241625689,1.14,13.100805242043249
2022-03-26 19:28:00,Financial District,Staten Island,40.65992365392089,-74.01789524972241,40.78050155227202,-73.99266200105944,Lyft,Lyft,4.681631826504263,1.54,16.466997772428986
2022-02-06 07:36:00,Williamsburg,Upper West Side,40.80121785473254,-73.97392874602109,40.65383390328783,-73.92381677797547,Lyft,Lyft XL,14.133613054954592,2.03,55.28466037772618
2022-03-22 02:05:00,Central Park,Upper West Side,40.671656763644684,-73.93729995327992,40.726481450793486,-74.01002105892019,Lyft,Lyft XL,1.0844893612955384,1.09,4.79366345667124
2022-02-22 02:36:00,Times Square,Williamsburg,40.6895314718581,-73.92771420293306,40.624768135406256,-73.96324881815337,Lyft,Lyft XL,4.900753707915691,1.0,11.07631898885246
2022-02-24 04:03:00,Financial District,Manhattan,40.75421878030844,-73.91974004850539,40.749378124566974,-74.01433540004305,Uber,UberXL,7.229472807418384,1.73,26.212228924459158
2022-01-11 23:19:00,Manhattan,Manhattan,40.73275987754504,-74.10330736490072,40.63983918921909,-74.01146307336741,Uber,UberBLACK,12.04115589103543,1.0,23.572022809312003
2022-01-10 05:17:00,Central Park,Staten Island,40.811684722461884,-73.91714670534117,40.61565661121559,-73.93357286741373,Lyft,Lyft XL,6.551089800832001,1.04,14.522983437514242
2022-03-12 02:33:00,Central Park,Harlem,40.665834168470504,-74.05986565779003,40.71366017273851,-74.05077914565071,Uber,UberPOOL,4.253936167140404,1.64,16.30879679969296
2022-01-03 15:20:00,Central Park,Brooklyn,40.65029227043949,-74.00271810141719,40.62572525452273,-74.09859295816857,Uber,UberBLACK,7.645723576827477,1.0,15.880016259448084
2022-03-16 19:56:00,Manhattan,Brooklyn,40.63940780565397,-73.9215494432153,40.66896166665241,-73.91654898432084,Lyft,Lyft XL,8.358431955490074,1.36,23.293068054066378
2022-01-25 23:13:00,Financial District,Queens,40.77361441417418,-73.93489622633626,40.65919184585544,-74.09144998769086,Lyft,Lyft XL,3.8258232194097426,1.71,15.723775984083655
2022-02-28 20:40:00,Upper East Side,Queens,40.73685889127849,-73.91057284138664,40.730583989100786,-74.03337468564706,Uber,UberXL,8.17957712005096,1.23,20.681539750909693
2022-03-15 23:16:00,Staten Island,Williamsburg,40.797392403847766,-74.06791353976908,40.66815832376219,-74.10208922249295,Uber,UberSUV,14.680222386218292,1.0,28.19038917588201
2022-03-09 13:14:00,Upper West Side,Times Square,40.77220962087731,-74.00121927166744,40.66953449459374,-74.06391502193983,Lyft,Lyft XL,4.363360781820697,1.0,10.13588136818622
2022-01-05 06:50:00,Upper West Side,Upper East Side,40.810226646296734,-73.92523348131283,40.73028074431081,-74.00409585878138,Uber,UberBLACK,7.295711987253764,1.0,15.267495977694086
2022-03-13 23:47:00,Manhattan,Financial District,40.670846669165165,-73.94801721058825,40.76328956126878,-74.10476131704004,Uber,UberPOOL,13.684756538382803,2.51,66.38529309484646
2022-03-11 11:47:00,Harlem,Brooklyn,40.67104121266258,-74.10177941219685,40.74906390480984,-73.98868101844221,Uber,UberX,10.590753878792292,1.0,21.03381928788651
2022-01-06 21:29:00,Brooklyn,Queens,40.776822286795635,-74.01896382106743,40.76662106334215,-74.01560105490196,Uber,UberXL,7.918912535791005,1.0,16.358096937634258
2022-01-10 19:49:00,Bronx,Upper East Side,40.73020139905007,-73.93734928560592,40.674708027005515,-74.05625337920569,Lyft,Lyft Shared,7.559721035922445,2.51,39.48107465028934
2022-01-03 02:33:00,Williamsburg,Upper East Side,40.736906189993356,-73.92496527203386,40.623002321680644,-73.9702104714859,Uber,UberPOOL,3.173701450625135,1.0,8.053977538593987
2022-03-04 16:16:00,Financial District,Queens,40.64091816895493,-73.91529764813657,40.70792753678299,-74.04416102607865,Lyft,Lyft Shared,12.886191067726582,2.62,65.63318604552637
2022-03-06 14:42:00,Manhattan,Staten Island,40.69390070400407,-74.0564494753236,40.75564455288992,-74.07822170218911,Lyft,Lyft Black,4.228880744451547,1.1,10.890595433069228
2022-03-22 21:14:00,Harlem,Brooklyn,40.75045047237019,-74.04946226693993,40.616983953525946,-74.00822863825442,Lyft,Lyft,11.04867797210082,1.0,21.835186451176437
2022-01-06 17:55:00,Harlem,Manhattan,40.641829126960744,-73.9701382083735,40.64858031837779,-74.08872522472075,Lyft,Lyft Shared,6.4023796504245185,1.74,23.845246035542658
2022-01-07 11:29:00,Staten Island,Upper West Side,40.77915669463545,-74.08379779835685,40.67268082204919,-74.07095267735063,Uber,UberXL,3.104789169491433,1.0,7.933381046610008
2022-01-13 19:46:00,Upper East Side,Upper East Side,40.80453761343782,-74.04508962937904,40.80883584138742,-73.95693668889643,Lyft,Lyft,3.1333816617674524,1.38,11.017116713168397
2022-01-06 15:16:00,Upper West Side,Bronx,40.69756142783526,-74.08218180093444,40.69949232762684,-73.93614855831908,Uber,UberPOOL,7.566566483138466,1.0,15.741491345492316
2022-02-19 00:03:00,Brooklyn,Lower East Side,40.70120647099441,-73.96083921426481,40.776608013741374,-74.00231319490969,Lyft,Lyft Shared,14.278623524979592,1.72,47.27865681018857
2022-01-17 07:05:00,Manhattan,Williamsburg,40.69044798386634,-74.09073318466946,40.71156136455863,-73.94394065792994,Lyft,Lyft,2.7218500297347727,2.12,15.398063610316006
2022-03-14 00:26:00,Williamsburg,Manhattan,40.70627117830294,-73.94998793739163,40.72223959094763,-73.9338827279408,Uber,UberPOOL,8.988772958532643,1.08,19.688780891626696
2022-01-04 16:27:00,Brooklyn,Upper East Side,40.725019825604065,-73.96505713184163,40.65636758857087,-74.04521897331466,Lyft,Lyft,7.721914219444535,2.09,33.46790125761839
2022-02-16 12:15:00,Times Square,Staten Island,40.69633410991125,-74.09404774839233,40.73546230785765,-74.06560614758924,Lyft,Lyft XL,5.972175196205529,1.51,19.556472955973113
2022-02-09 00:30:00,Harlem,Lower East Side,40.63203425155345,-74.06957434651922,40.810547387604494,-74.00804949203396,Uber,UberXL,8.179193937660228,1.15,19.335627799541207
2022-01-25 04:17:00,Upper West Side,Harlem,40.77944129432066,-74.0348131650093,40.66854256482927,-73.97612622622093,Uber,UberBLACK,11.414884696401995,1.14,25.622694969321977
2022-01-13 12:05:00,Williamsburg,Manhattan,40.68243092642764,-74.02168122911073,40.770011271514534,-74.03550135858191,Uber,UberSUV,1.7012989298176322,1.26,6.901364140247879
2022-01-30 17:43:00,Staten Island,Central Park,40.71449302742134,-73.94980831698598,40.74634842088657,-73.95550787317661,Uber,UberSUV,8.608753052579015,1.47,25.821017227759516
2022-01-29 15:23:00,Harlem,Bronx,40.64663348626634,-74.04382446467791,40.65885048016462,-73.97671381145197,Uber,UberX,8.217150093605198,1.0,16.880012663809097
2022-02-27 10:29:00,Times Square,Queens,40.762250123267556,-74.04341799866565,40.62774392815659,-74.05969581502698,Lyft,Lyft,9.613436354870677,1.59,30.72438665742766
2022-03-31 12:15:00,Manhattan,Queens,40.7847212339964,-73.999133459322,40.64963233521639,-74.04165461745247,Uber,UberX,6.175485623852153,1.0,13.307099841741268
2022-01-08 19:04:00,Upper West Side,Bronx,40.749820723978665,-73.9460254498949,40.734229933654184,-73.99139324500544,Lyft,Lyft XL,10.08272530127353,1.97,39.6851954761405
2022-01-21 19:03:00,Queens,Staten Island,40.76316881153691,-73.92809188713414,40.75638365828478,-74.07800030521834,Lyft,Lyft XL,4.113792189110077,2.7,26.187668093545113
2022-03-12 23:56:00,Manhattan,Times Square,40.741116119654734,-73.92662266661539,40.623854281959815,-74.04764203369858,Uber,UberPOOL,8.181813743190027,2.54,42.71816208847967
2022-02-13 19:10:00,Williamsburg,Central Park,40.71634768617326,-73.9931111115349,40.71547484141028,-73.90937033921739,Uber,UberXL,11.725539517941899,2.35,54.096281267536064
2022-03-07 17:54:00,Bronx,Central Park,40.65259692804951,-74.09640984258162,40.715220449468916,-73.95675050225641,Lyft,Lyft Shared,6.310923569642836,1.45,19.638968557968695
2022-02-26 16:11:00,Lower East Side,Williamsburg,40.70747167022849,-73.9314059073933,40.71510823999659,-73.96170788244208,Uber,UberSUV,12.504969938341082,1.11,27.065904105227556
2022-01-06 14:00:00,Upper East Side,Times Square,40.72468904588849,-73.94528872742616,40.63350831554438,-73.93913405206635,Uber,UberSUV,13.977505403618224,1.0,26.960634456331892
2022-03-17 09:58:00,Lower East Side,Harlem,40.79179832329716,-74.0597194687923,40.61740113182929,-73.91580047315631,Lyft,Lyft XL,2.29495259512216,1.65,10.751675618415236
2022-03-05 15:26:00,Financial District,Harlem,40.61931111200699,-74.01102456629788,40.614001440328295,-73.99275644351924,Lyft,Lyft Shared,7.466599908036889,1.4,21.793169774690377
2022-02-05 22:31:00,Financial District,Lower East Side,40.791083937286245,-73.99158565232875,40.71934177132026,-74.10193655874198,Uber,UberX,1.6396515861193155,3.25,17.45051839605361
2022-03-27 05:37:00,Central Park,Manhattan,40.63214758259938,-73.97082847267305,40.803547698084756,-73.96771526771805,Lyft,Lyft Black,12.39185082453709,1.16,28.055457173810293
2022-03-22 14:32:00,Bronx,Financial District,40.77556352897642,-73.94692587823026,40.663871147562155,-73.99209995232829,Uber,UberSUV,12.678460980970124,1.03,25.42792591819865
2022-03-14 15:41:00,Queens,Lower East Side,40.684388200004285,-74.05624428312935,40.61752407381199,-73.9950373763131,Lyft,Lyft XL,11.863685506514773,1.27,29.542041038229087
2022-01-09 01:13:00,Bronx,Central Park,40.66852485906635,-73.96345328233416,40.77546433330759,-74.0985373037646,Lyft,Lyft,7.917822934070106,2.37,38.76417061905577
2022-01-01 02:52:00,Upper East Side,Central Park,40.613515296069,-74.08032027643952,40.679954049928966,-74.0797439218332,Uber,UberPOOL,3.470364062270856,1.85,15.860303651601898
2022-03-14 17:26:00,Brooklyn,Financial District,40.669303353973824,-74.03159636712043,40.65923959962599,-74.06729284733684,Uber,UberPOOL,5.3782248703609,2.21,26.325284686120778
2022-03-10 01:51:00,Staten Island,Manhattan,40.67280710283215,-73.92595693996988,40.79085347178936,-73.97370797158686,Uber,UberBLACK,3.2147335662360863,1.24,10.075971838732308
2022-03-11 15:44:00,Central Park,Bronx,40.783750667317044,-74.07916472930353,40.7880819245544,-74.04477562290631,Uber,UberBLACK,13.838709549833437,1.0,26.717741712208515
2022-03-21 21:41:00,Staten Island,Queens,40.77250247061983,-74.08310100571863,40.6394877183293,-73.90915654147908,Lyft,Lyft,8.760104729539373,1.26,22.466030928634314
2022-03-02 03:34:00,Times Square,Lower East Side,40.64505849065261,-73.95625887558262,40.782395453997246,-73.95333161173188,Uber,UberBLACK,2.73664581818087,1.29,9.402977934543316
2022-01-27 06:22:00,Queens,Brooklyn,40.64249980762997,-74.00361592241117,40.638629127042265,-74.03174077402907,Lyft,Lyft XL,9.774112366616922,1.13,22.153307204984962
2022-02-18 07:49:00,Manhattan,Lower East Side,40.78063303651324,-73.98116061135936,40.75661191028044,-74.06337261716848,Uber,UberSUV,12.870036192353076,1.1,27.524819670279676
2022-02-11 16:10:00,Financial District,Bronx,40.729388642387015,-74.04989489203642,40.76157577438914,-73.99200099718773,Lyft,Lyft Shared,8.8366627800801,2.5,44.91039966285044
2022-01-02 01:17:00,Central Park,Staten Island,40.683192762016546,-73.98245574865079,40.77816829152511,-73.97357823842162,Lyft,Lyft Shared,5.860545054969522,1.66,21.174883384686463
2022-01-29 23:57:00,Bronx,Manhattan,40.7106238967123,-74.0909567848053,40.71155117991823,-73.9659124627231,Uber,UberX,14.062782685975355,2.89,78.34752343432037
2022-01-06 08:07:00,Harlem,Williamsburg,40.72978156789074,-74.06187248205873,40.73679087206581,-73.97609373718481,Lyft,Lyft Shared,12.272255889418851,1.8,43.157606051669376
2022-03-15 04:48:00,Times Square,Central Park,40.7310082224892,-74.05260145044983,40.74964940950897,-74.02401271253841,Uber,UberBLACK,1.7089942753327743,1.65,9.059720970023386
2022-01-13 13:36:00,Financial District,Upper East Side,40.64730524115247,-74.08990176646513,40.629015212059905,-73.98412524754909,Uber,UberSUV,7.120114629778304,1.43,21.393086861020205
2022-02-26 08:14:00,Williamsburg,Upper East Side,40.76434794665335,-74.06595884736723,40.74021733445493,-74.097579796017,Uber,UberBLACK,6.180387561715449,1.52,20.239830914163093
2022-01-18 01:04:00,Queens,Upper West Side,40.6806938791771,-73.99536525899417,40.73607174457759,-74.05547913316082,Lyft,Lyft XL,2.9473453998982677,1.14,8.729954072797044
2022-02-11 20:18:00,Manhattan,Brooklyn,40.668278415066624,-73.9754192579928,40.67374387878791,-74.01228464133992,Lyft,Lyft XL,4.325870537166882,1.0,10.070273440042044
2022-02-07 08:17:00,Upper West Side,Times Square,40.6604150601166,-73.9412461702329,40.712583391324934,-73.94926947546722,Lyft,Lyft,7.5009203923783705,1.95,30.47189083899119
2022-03-20 06:40:00,Lower East Side,Times Square,40.664974160129425,-74.10088563761977,40.701107955791564,-73.98508885154533,Lyft,Lyft,10.737465129672968,1.0,21.290563976927693
2022-01-31 19:00:00,Williamsburg,Lower East Side,40.72080113637085,-74.09385441349426,40.73666191636295,-74.09971870160784,Uber,UberXL,10.859778517218006,1.28,27.525903878568332
2022-01-14 10:58:00,Queens,Brooklyn,40.676565880895794,-73.95471178302006,40.75752637742592,-74.04100401215959,Uber,UberSUV,7.907527959153736,1.0,16.338173928519037
2022-03-19 20:35:00,Harlem,Lower East Side,40.80536636711302,-74.09550133159146,40.7133955212213,-74.08907538590135,Lyft,Lyft Shared,4.679943968778813,2.04,21.807399968540363
2022-02-03 04:08:00,Upper East Side,Manhattan,40.616404889375524,-73.91642034263339,40.686457283626716,-73.94146574637156,Lyft,Lyft XL,3.485131671908646,1.0,8.59898042584013
2022-01-12 07:19:00,Upper East Side,Staten Island,40.70043045257466,-74.00977271121553,40.77645613050824,-74.0728351513225,Uber,UberXL,13.602735119263114,2.17,57.08138661540167
2022-01-23 10:30:00,Upper West Side,Upper West Side,40.64498434040688,-74.06116521280435,40.712221681745234,-74.01307163398666,Lyft,Lyft XL,2.3726309223209956,1.07,7.117751402046065
2022-01-25 07:35:00,Central Park,Harlem,40.78932563082176,-74.07389521867842,40.67162019964171,-74.09734744313954,Uber,UberSUV,2.322348676577805,2.37,15.556941136106449
2022-01-23 08:50:00,Williamsburg,Upper West Side,40.66906684906551,-74.01615860946785,40.75045451203401,-74.02125698625949,Uber,UberBLACK,7.5767491418543695,1.86,29.312318456735973
2022-01-11 01:35:00,Upper West Side,Manhattan,40.745808591816775,-73.92217620161344,40.67221221872936,-74.02803701767348,Uber,UberX,5.161969002396198,1.24,14.301472735199749
2022-02-20 01:36:00,Staten Island,Financial District,40.72364690884868,-73.91278183444227,40.80462648028402,-73.97817830670303,Uber,UberXL,13.998283191877336,1.81,48.86456201027146
2022-03-06 14:24:00,Harlem,Queens,40.77895027033197,-73.91322044915677,40.63381849742999,-74.05129824609928,Uber,UberX,2.318437497620848,1.0,6.557265620836484
2022-01-22 11:36:00,Manhattan,Queens,40.648963472833046,-74.0049310707411,40.70977117373966,-74.06363151766283,Uber,UberXL,4.723841661267373,1.0,10.766722907217902
2022-01-21 20:45:00,Bronx,Harlem,40.787798359267214,-73.97125685011494,40.70975197227934,-74.01911330216869,Uber,UberBLACK,6.435191998388963,1.15,15.825823896757786
2022-02-18 00:44:00,Bronx,Harlem,40.633394641454444,-73.94939552121441,40.75437532487556,-74.03407396622136,Uber,UberXL,1.0850068956344212,1.0,4.398762067360237
2022-03-15 21:06:00,Upper West Side,Bronx,40.61668824911777,-74.06198792170434,40.74512731889503,-74.0484460483798,Uber,UberBLACK,10.560260786812698,1.0,20.98045637692222
2022-03-29 21:22:00,Upper East Side,Harlem,40.71060535154623,-73.90850385105195,40.653896640068794,-74.1051054293409,Lyft,Lyft XL,5.948652396702144,1.0,12.910141694228752
2022-03-14 00:30:00,Bronx,Lower East Side,40.764906451905496,-74.08844305654578,40.618201708851714,-73.93988010777397,Uber,UberX,11.027971017498666,1.09,23.760854715878708
2022-01-24 23:31:00,Upper East Side,Queens,40.77606164284614,-74.0358354422104,40.661604348267254,-74.04256123609231,Lyft,Lyft,5.650560493007644,1.23,15.237831461198953
2022-03-31 18:57:00,Williamsburg,Central Park,40.67627828966311,-74.03758180495046,40.73845724713682,-74.10345627069685,Uber,UberXL,14.249192483552921,2.09,57.341421508594806
2022-02-03 15:28:00,Bronx,Financial District,40.709174054154545,-73.95196439992158,40.70823527688792,-74.00678911657015,Lyft,Lyft,3.600220602925429,1.08,9.50441693952906
2022-02-12 03:39:00,Williamsburg,Upper East Side,40.68549616476774,-73.99380107242656,40.75077515377681,-74.08388551290525,Uber,UberSUV,6.083187248996757,1.19,15.643237446035746
2022-01-09 09:18:00,Upper West Side,Harlem,40.67192780973176,-73.99187217253453,40.73762058010935,-74.00031939061812,Lyft,Lyft Black,11.386466311685863,1.53,34.3122635495389
2022-01-10 07:13:00,Staten Island,Brooklyn,40.657672406234944,-74.09927603420884,40.62977476101189,-73.9705857822505,Lyft,Lyft Shared,8.491157222191111,1.59,27.601644970746765
2022-03-15 13:20:00,Lower East Side,Harlem,40.666519936934165,-74.0898152766176,40.75016956729724,-73.9626128056738,Lyft,Lyft Shared,6.091066995448834,1.26,16.58080272496468
2022-03-06 15:12:00,Central Park,Times Square,40.61430315781875,-73.96392946199624,40.810282933452285,-74.02153763827393,Lyft,Lyft XL,13.935460387975661,1.18,31.726725701169737
2022-02-06 14:46:00,Lower East Side,Staten Island,40.81026405782539,-73.96475617679306,40.665183458851125,-73.91057944218879,Uber,UberSUV,3.919532899643115,1.03,9.639958051606715
2022-02-20 08:22:00,Upper East Side,Staten Island,40.67184397955351,-73.93718278888268,40.80308099940904,-73.97193523046356,Lyft,Lyft Black,5.351545131341079,1.3,15.424765173800957
2022-02-25 12:48:00,Williamsburg,Upper West Side,40.65880551330401,-74.09600342153409,40.76119770335348,-73.9657385111165,Lyft,Lyft Shared,4.917124930258561,1.0,11.104968627952482
2022-01-24 03:48:00,Harlem,Harlem,40.67027921346877,-73.9709753439832,40.73215010688768,-73.9507721582785,Lyft,Lyft,3.2553387633869737,1.29,10.573927258346092
2022-02-19 13:01:00,Manhattan,Queens,40.76001580425764,-73.99491779319943,40.696744405438835,-73.92094197431453,Uber,UberX,13.380509066223205,1.0,25.91589086589061
2022-03-23 03:17:00,Staten Island,Williamsburg,40.75587785187747,-73.94498021700214,40.64072552881047,-74.00711279599119,Uber,UberXL,2.2528386979628894,1.18,7.602111911293366
2022-02-25 11:43:00,Williamsburg,Manhattan,40.75096576689716,-73.93747920648381,40.67004570683573,-74.06953619947578,Lyft,Lyft Black,10.92446277607874,1.0,21.617809858137793
2022-02-23 10:42:00,Lower East Side,Lower East Side,40.78366500107576,-74.0416588207629,40.75899569863622,-73.91940981293378,Uber,UberPOOL,2.0726016916066086,1.12,6.8622993155489524
2022-03-27 05:33:00,Harlem,Times Square,40.706533872249594,-74.01634356046917,40.73515425969786,-74.08886387711807,Lyft,Lyft Shared,8.10085536223885,1.0,16.676496883917988
2022-03-12 19:15:00,Financial District,Times Square,40.73897232180559,-73.91345141289432,40.67160068470182,-73.95129345354401,Uber,UberPOOL,9.745543057807954,1.93,37.74057167774637
2022-02-25 08:05:00,Queens,Williamsburg,40.711829717075105,-73.98035346014314,40.62915540614153,-73.9916634842396,Lyft,Lyft Black,12.1247858187196,2.01,47.673934117346185
2022-03-01 21:28:00,Manhattan,Staten Island,40.75169950439235,-73.9430237426265,40.80540919230128,-73.94555074244431,Uber,UberPOOL,12.437431900290917,1.18,28.633296874100743
2022-03-17 08:04:00,Queens,Queens,40.74687943342508,-73.95089775083264,40.75900509281752,-74.0876899528038,Uber,UberXL,7.950927868517512,2.57,42.184298088657506
2022-03-21 07:35:00,Queens,Central Park,40.63690777414995,-74.0560959176046,40.76325700469114,-73.9856203306035,Lyft,Lyft Shared,12.877805801231498,2.42,60.587507568215386
2022-01-14 03:00:00,Harlem,Upper East Side,40.77386512004353,-74.03758996426033,40.75421578988434,-73.96993306988526,Uber,UberBLACK,13.662879839967493,1.0,26.410039719943114
2022-02-28 23:50:00,Financial District,Financial District,40.69885946457667,-73.90715802620932,40.66939835446453,-74.03786770380702,Uber,UberXL,5.259779841791506,1.79,20.951260354411893
2022-03-28 03:04:00,Upper East Side,Williamsburg,40.757911221070096,-73.99063098083067,40.633237266185134,-74.10286177315557,Lyft,Lyft Shared,1.330657444409774,1.05,5.070083054102961
2022-02-12 22:00:00,Queens,Central Park,40.71646436695051,-73.99251783802767,40.79441711376365,-73.97591143371258,Uber,UberPOOL,2.691700277870087,1.61,11.608865532898971
2022-01-13 22:20:00,Upper East Side,Central Park,40.720402009621196,-73.91191526860577,40.716319647675746,-73.95267460374161,Lyft,Lyft Black,7.513395217948206,1.03,16.117894880351642
2022-03-17 09:39:00,Bronx,Central Park,40.6179984539547,-73.99221497595853,40.799900410404376,-74.04056755096802,Lyft,Lyft XL,5.697910442716731,2.28,28.434662666439753
2022-01-07 23:18:00,Staten Island,Staten Island,40.7786218257171,-73.99995641653801,40.615544492374475,-74.10268492076963,Lyft,Lyft,5.200802855022744,1.0,11.601404996289801
2022-02-13 03:27:00,Manhattan,Upper East Side,40.654019888176094,-73.97522777101923,40.69649651018893,-73.98382788262563,Lyft,Lyft XL,5.781172328612313,1.04,13.12173363807441
2022-01-12 04:20:00,Financial District,Queens,40.787043800123215,-74.0400868588958,40.719535418285645,-74.0732544665281,Uber,UberSUV,6.4544966169977736,1.0,13.795369079746104
2022-01-01 12:02:00,Bronx,Williamsburg,40.80500128759692,-73.95685012722379,40.746312869887134,-74.07216919790618,Lyft,Lyft,8.89433605569675,1.23,22.220058359887254
2022-01-07 10:04:00,Queens,Brooklyn,40.668536841903126,-74.09187495866873,40.720282293741555,-73.93012712660237,Lyft,Lyft XL,5.628731814676359,1.23,15.190845231090865
2022-01-20 12:35:00,Bronx,Williamsburg,40.69694363308651,-74.03873615704886,40.788956992606494,-74.03612006977198,Lyft,Lyft XL,7.538405163752337,1.28,20.086027566805235
2022-01-13 19:47:00,Staten Island,Bronx,40.6521221151827,-74.04841464056585,40.72796474215366,-74.10535885405396,Uber,UberBLACK,9.45418435847601,2.55,48.56429769969919
2022-03-17 21:39:00,Brooklyn,Queens,40.74397314573387,-74.06884873297517,40.61328808575152,-74.01876646639884,Lyft,Lyft XL,14.337768789196245,1.0,27.591095381093428
2022-02-26 11:24:00,Manhattan,Central Park,40.6226109543177,-74.00090853531157,40.72113006842726,-74.01863744743747,Lyft,Lyft,5.898220663560026,1.0,12.821886161230045
2022-01-12 22:57:00,Financial District,Queens,40.71674146280058,-73.94788970711144,40.77918528352867,-73.92137308435983,Lyft,Lyft Shared,9.192199523287218,1.53,28.43711422360153
2022-02-12 14:41:00,Brooklyn,Manhattan,40.65906088913104,-74.01490141689384,40.75182386573013,-73.95817650641887,Uber,UberXL,14.657260082236155,1.1,30.9652256583046
2022-01-06 08:12:00,Queens,Harlem,40.7354339066456,-73.98145990709817,40.73878567060188,-74.04277730023722,Uber,UberPOOL,14.930007747866295,1.61,46.09029682961329
2022-03-26 19:33:00,Lower East Side,Brooklyn,40.66702918732995,-74.04977242226292,40.7704344556512,-74.06391783789137,Uber,UberXL,10.495868348927404,1.76,36.727274514696404
2022-02-24 13:03:00,Lower East Side,Upper West Side,40.66453154465567,-74.08405410494532,40.782603297261424,-73.99041328863868,Lyft,Lyft XL,6.151885655922466,1.0,13.265799897864316
2022-01-04 03:24:00,Upper West Side,Upper West Side,40.64020459522041,-74.03416939553634,40.75161399970442,-74.03569692877417,Uber,UberX,7.018103309804182,1.21,17.885833758510355
2022-03-22 07:10:00,Central Park,Brooklyn,40.806873817380996,-73.96372127726417,40.795770062473245,-74.03828012801037,Uber,UberBLACK,9.8064559618599,2.41,47.38372801914413
2022-03-31 19:57:00,Central Park,Upper East Side,40.74757546861063,-73.96054526515832,40.70512503957625,-73.94342173991072,Lyft,Lyft,7.9191053120724,2.25,36.80647716628507
2022-03-25 19:49:00,Times Square,Manhattan,40.64576208842206,-74.02640773670925,40.67308133348362,-74.01005597748696,Uber,UberX,7.249564621005251,3.09,46.927020688085896
2022-02-10 14:18:00,Brooklyn,Staten Island,40.72013083246333,-73.99721552048582,40.77197767958881,-73.9669642497501,Lyft,Lyft,5.062935673275044,1.0,11.360137428231328
2022-01-17 16:34:00,Brooklyn,Financial District,40.667299823153314,-73.99475081915072,40.644181073344924,-73.96579225709507,Lyft,Lyft Shared,1.0837855949445274,2.51,11.035528225793835
2022-03-05 01:28:00,Lower East Side,Harlem,40.78109955485209,-74.02068691494289,40.76158930620627,-73.92931708826605,Lyft,Lyft Black,11.117927217696996,1.3,28.543284420260665
2022-01-03 16:47:00,Williamsburg,Queens,40.69812128888845,-74.01241540830988,40.63911526827076,-74.04102224068217,Uber,UberSUV,14.819509248226986,2.22,63.12379342936185
2022-03-25 16:42:00,Queens,Harlem,40.727519154184726,-74.08227890426944,40.759786515021766,-74.01845031296979,Lyft,Lyft Black,7.585785665956732,1.88,29.657234840997646
2022-01-04 13:10:00,Upper East Side,Brooklyn,40.779918661624805,-74.03566998407354,40.62014619056752,-74.02567758935423,Uber,UberBLACK,6.115024964988663,1.25,16.5016171109127
2022-02-21 20:32:00,Financial District,Times Square,40.72042780941925,-74.06829288310004,40.651563949877335,-74.01148636849688,Lyft,Lyft Black,3.1729966727672636,1.83,14.736521844537164
2022-03-09 13:30:00,Lower East Side,Lower East Side,40.68179285164523,-73.92951014784197,40.770248671372634,-74.06546336917519,Uber,UberPOOL,14.293463889938606,1.0,27.51356180739256
2022-01-16 14:00:00,Lower East Side,Upper East Side,40.630986716414604,-74.06684634233991,40.64057946655669,-73.91902211197217,Lyft,Lyft Black,7.258506693714202,1.0,15.202386713999854
2022-01-31 18:30:00,Upper West Side,Times Square,40.71702447565949,-73.97961986669085,40.6681743142583,-73.93744137530508,Lyft,Lyft,9.346783793654609,1.73,32.622387935289325
2022-01-08 01:20:00,Brooklyn,Central Park,40.65212130703139,-73.98359634414535,40.6768668694687,-74.05642901439884,Uber,UberBLACK,4.88589906435236,1.83,20.222091753588433
2022-02-02 19:08:00,Central Park,Upper West Side,40.7601403229325,-73.94162840365338,40.73185483462763,-74.0177671102978,Uber,UberX,11.91448505069221,1.53,35.7260337232284
2022-01-08 11:41:00,Bronx,Williamsburg,40.79195334886629,-73.9928773250775,40.77691602447382,-73.90853501327788,Lyft,Lyft Shared,10.345034339619627,1.0,20.603810094334346
2022-03-10 23:15:00,Staten Island,Staten Island,40.62490260977891,-74.05514344468322,40.616497823966824,-74.09205916977943,Lyft,Lyft Shared,3.2961503568389414,1.0,8.268263124468147
2022-02-28 03:13:00,Upper West Side,Financial District,40.67664595874117,-74.02060465098191,40.753756607566956,-73.91529705447952,Lyft,Lyft,6.324878694781036,1.0,13.568537715866814
2022-02-27 07:49:00,Manhattan,Queens,40.651563175472766,-73.91280410416985,40.70298344518248,-74.09519593893303,Lyft,Lyft Black,1.2893044478760984,1.99,9.465002739728513
2022-02-25 19:09:00,Williamsburg,Manhattan,40.6843353403068,-74.01280858433549,40.666869407978844,-74.04239811060881,Uber,UberXL,6.578605709652022,2.59,36.29253037899779
2022-01-23 04:46:00,Brooklyn,Harlem,40.756605083143135,-74.06891765797738,40.769560876084746,-73.943305804007,Lyft,Lyft Black,9.081444503490127,1.0,18.392527881107725
2022-01-13 10:48:00,Central Park,Times Square,40.730921487400906,-73.92688844040254,40.62006952552648,-74.02405932072197,Uber,UberSUV,7.7605316786041065,1.0,16.080930437557186
2022-01-06 23:56:00,Brooklyn,Bronx,40.65978371454451,-73.92579521548235,40.78033440084444,-73.9803992686444,Uber,UberX,11.968823900503997,1.0,23.445441825881996
2022-02-09 20:05:00,Upper East Side,Manhattan,40.68227981720695,-74.08042397554887,40.750788584652604,-73.93550816195534,Lyft,Lyft,8.371731520592594,1.04,17.83655136747852
2022-01-20 08:05:00,Harlem,Harlem,40.675720641427034,-74.047375808629,40.787440030545554,-73.98018002962833,Uber,UberXL,10.272694323287507,2.36,48.3262275551774
2022-01-31 15:22:00,Williamsburg,Times Square,40.63440408800511,-74.024326297809,40.63525746025587,-74.02952411672456,Uber,UberPOOL,14.197007562233004,1.0,27.344763233907756
2022-01-26 20:01:00,Williamsburg,Upper East Side,40.768799869042724,-74.0233706739041,40.788547078516935,-73.99081257826843,Uber,UberPOOL,2.095695716964049,1.0,6.167467504687086
2022-01-06 04:36:00,Times Square,Harlem,40.666918762338796,-74.0148557742411,40.63032702695198,-74.06003809732161,Uber,UberXL,8.8504338409646,1.05,18.887672182772455
2022-02-19 19:13:00,Harlem,Williamsburg,40.620807579947254,-74.0787216258651,40.644384315359396,-73.96125283347824,Uber,UberX,13.829985262809961,1.54,41.12181028327285
2022-01-02 19:28:00,Bronx,Harlem,40.7887067938033,-73.94090257626101,40.73796433973999,-73.91303349822307,Lyft,Lyft XL,13.686043300648517,1.8,47.61103639704283
2022-02-16 12:14:00,Times Square,Upper West Side,40.730832888317664,-73.99186997800753,40.76744747150309,-74.03850562406316,Uber,UberSUV,5.322558082357203,1.67,19.730175995688924
2022-02-21 14:00:00,Manhattan,Bronx,40.72230381728103,-74.01622261227706,40.80182097872762,-74.00972586776392,Uber,UberXL,8.781574877938727,1.14,20.36924188148776
2022-03-07 17:47:00,Brooklyn,Queens,40.70318686470172,-74.05041672134186,40.78237700442855,-74.0427583362209,Lyft,Lyft Shared,5.555544899038408,1.98,24.199963075168085
2022-03-05 00:06:00,Williamsburg,Lower East Side,40.786863270565576,-73.93644087239625,40.76592062013675,-73.99485094249093,Uber,UberSUV,3.9289934268004227,1.33,12.469732200877983
2022-02-04 22:53:00,Lower East Side,Upper West Side,40.64110470259652,-73.9572640385606,40.80863002910191,-73.95964869574294,Lyft,Lyft Shared,4.296082800755818,1.09,10.919777942441725
2022-01-29 04:28:00,Williamsburg,Lower East Side,40.65705950824513,-74.03472061322337,40.67519522445358,-74.07426428646777,Lyft,Lyft Shared,11.112350684734668,1.02,22.385545972251386
2022-03-14 10:07:00,Lower East Side,Brooklyn,40.78100131241588,-73.92133739307364,40.80641749690537,-73.93893723510018,Uber,UberX,11.559627142974495,1.23,27.957097425252602
2022-02-24 15:48:00,Queens,Central Park,40.73566758292558,-74.09492699391924,40.68232090207847,-74.03300052183712,Lyft,Lyft Shared,12.836687283113365,1.0,24.96420274544839
2022-01-30 06:12:00,Harlem,Financial District,40.72874076499031,-74.08523829171146,40.67811952743005,-74.07748195788324,Lyft,Lyft Black,2.040601967977066,1.26,7.64952733938943
2022-03-25 22:06:00,Staten Island,Financial District,40.71921286413307,-73.95273933175345,40.704410155564986,-74.09831343173519,Lyft,Lyft XL,1.297202799891272,1.11,5.294816438788796
2022-01-23 22:41:00,Times Square,Harlem,40.77285872202051,-73.99599077492583,40.73133516374077,-74.05924696757882,Lyft,Lyft Shared,8.031639898351667,3.01,49.8316631645674
2022-01-10 00:15:00,Williamsburg,Upper East Side,40.66702825919505,-74.00250435804496,40.73709953879785,-74.05693275013428,Lyft,Lyft XL,6.754489373305999,1.17,16.75481699184403
2022-02-07 16:50:00,Times Square,Upper West Side,40.686388316692785,-73.98373922921996,40.661363130283966,-73.99497289375914,Uber,UberXL,14.033698097561473,2.26,61.15327597585562
2022-02-18 09:22:00,Lower East Side,Times Square,40.73349558992138,-74.03816320163149,40.64105492313788,-74.04349463792842,Uber,UberXL,1.5818005045054138,1.56,8.21831537729978
2022-01-08 05:41:00,Brooklyn,Queens,40.709827635013866,-74.06608034909783,40.80119636322704,-73.90736131580299,Lyft,Lyft Shared,10.825161939204039,1.0,21.444033393607068
2022-03-10 13:13:00,Central Park,Times Square,40.659330929319715,-74.0817406531479,40.672125849626006,-73.95291042407149,Lyft,Lyft,14.046623800414693,1.0,27.081591650725713
2022-03-20 03:01:00,Upper West Side,Bronx,40.71236891432296,-74.08016187510964,40.765064277564925,-73.91450899142656,Lyft,Lyft Black,7.1465780967883425,1.3,19.508465170193478
2022-02-12 10:53:00,Brooklyn,Central Park,40.74015879720773,-73.96821913382782,40.743010575597026,-74.06402205003018,Lyft,Lyft XL,2.499647502389897,1.0,6.87438312918232
2022-02-10 17:06:00,Central Park,Upper West Side,40.73335210141891,-74.00390077605392,40.76528611407595,-73.95298099551339,Uber,UberXL,10.271581587699883,1.93,39.51726681245635
2022-03-13 14:26:00,Central Park,Queens,40.62616856432208,-73.92339374610236,40.632321422447234,-73.97098234121721,Uber,UberXL,13.421252675671157,1.08,28.06616755701849
2022-03-29 13:27:00,Upper East Side,Financial District,40.64010268877805,-73.98060589161065,40.79504761956563,-74.04902654950924,Uber,UberSUV,3.382484140960031,1.08,9.092895026414459
2022-02-23 06:22:00,Financial District,Queens,40.70435217513946,-73.92206394728828,40.62594564915599,-74.09398735605382,Uber,UberBLACK,4.466314681649738,1.48,15.267755025472823
2022-02-08 09:21:00,Manhattan,Financial District,40.65164416361801,-73.98449041901179,40.69997428086948,-73.9359898657328,Lyft,Lyft Shared,5.087274347192192,2.45,27.936688763586528
2022-01-31 10:00:00,Upper West Side,Harlem,40.71680027155205,-73.91030040389883,40.736139083912505,-73.95682742524224,Uber,UberX,13.200886246436575,1.29,33.026000701330574
2022-01-21 21:11:00,Lower East Side,Manhattan,40.73623222815549,-73.98126241810165,40.69106013505428,-73.94988732437923,Lyft,Lyft Black,5.565300238472413,1.0,12.239275417326724
2022-02-13 06:11:00,Upper East Side,Manhattan,40.703442643714574,-73.9570905926157,40.809441449770624,-74.04653217360357,Lyft,Lyft XL,5.963447735455917,1.0,12.936033537047855
2022-01-18 17:43:00,Financial District,Upper East Side,40.70567517450655,-73.93789150758857,40.716514315188064,-73.9397795676891,Uber,UberBLACK,6.727108617429853,2.62,37.39379301091588
2022-02-07 19:21:00,Harlem,Queens,40.795500899475634,-74.06932101749834,40.746476740310534,-74.06368631994712,Lyft,Lyft Black,12.57108436582502,1.71,41.893969964731376
2022-03-27 12:11:00,Brooklyn,Manhattan,40.77423306031916,-74.04372685054761,40.79863974841731,-73.96759909697057,Uber,UberPOOL,6.664183083071189,1.0,14.16232039537458
2022-02-13 20:48:00,Brooklyn,Upper West Side,40.78466179742919,-73.93649883553411,40.74498940920827,-73.97423918192747,Lyft,Lyft Black,2.74196422028945,2.27,16.567452865099842
2022-03-14 02:16:00,Harlem,Brooklyn,40.774349177706796,-74.08559836961037,40.75395422591481,-73.97037132364358,Lyft,Lyft XL,1.0254387712964155,1.21,5.19636659822016
2022-03-16 01:38:00,Staten Island,Upper West Side,40.732935843435854,-74.0573750836294,40.763629007369616,-74.04407637835679,Lyft,Lyft XL,12.596637282597747,1.0,24.544115244546056
2022-02-24 22:08:00,Upper West Side,Financial District,40.740173581844616,-73.98375417379232,40.71044452065817,-74.09910317917404,Uber,UberSUV,3.06520751678418,1.03,8.100036549003484
2022-02-17 18:40:00,Harlem,Brooklyn,40.7968647100835,-73.90729330899896,40.66310535699263,-74.03447930972507,Uber,UberXL,4.687754671227681,2.25,24.083034017958997
2022-03-05 03:37:00,Times Square,Manhattan,40.65624575883638,-74.08483672837109,40.78159939503161,-74.09228312234062,Uber,UberBLACK,4.274179654811242,1.6,15.967703033471478
2022-03-15 09:45:00,Harlem,Bronx,40.749452915487815,-74.07691444083603,40.72560786640922,-74.05289266161523,Uber,UberSUV,3.87837039050957,2.15,19.967368594292253
2022-01-19 11:17:00,Upper East Side,Brooklyn,40.62463632873253,-74.01323521925278,40.80292986299912,-73.9883489006152,Uber,UberBLACK,2.7855369044470866,1.0,7.374689582782402
2022-02-10 01:11:00,Manhattan,Queens,40.6256011581717,-74.06060954002164,40.73766447368514,-73.95132792870753,Uber,UberSUV,4.0177242482087285,1.01,9.626327608708927
2022-03-25 22:49:00,Times Square,Financial District,40.661729814097626,-73.95416499895525,40.75076824813792,-74.06463555193365,Uber,UberPOOL,11.179165008373966,1.35,29.785777332283494
2022-03-27 09:56:00,Brooklyn,Financial District,40.68315871783277,-73.95790161296964,40.71048202872549,-73.91295444018868,Uber,UberX,3.5364553370975496,1.19,10.339668239505647
2022-02-28 17:19:00,Central Park,Harlem,40.636630711451474,-74.01947789889957,40.71807685794497,-74.1054443686794,Uber,UberXL,8.305338451532787,2.12,36.11280565518664
2022-01-05 23:04:00,Upper East Side,Upper West Side,40.66566675215939,-74.0060642978192,40.70024963284175,-73.92789392607044,Uber,UberX,14.504192905292,1.0,27.882337584261
2022-01-25 11:30:00,Upper East Side,Williamsburg,40.773572792105966,-74.10059368052032,40.63321737663587,-74.04916479271249,Uber,UberBLACK,3.4589747214619706,1.13,9.665122511691045
2022-03-24 21:10:00,Harlem,Williamsburg,40.7685704010563,-74.03115685092712,40.65785348290508,-73.9533019817448,Uber,UberXL,6.344262609295889,1.21,16.458976075184044
2022-02-06 23:07:00,Staten Island,Times Square,40.66696207507845,-73.9821135675233,40.706351305193586,-74.0075220641193,Uber,UberXL,1.8072720356908287,3.03,17.15805996925062
2022-02-27 22:59:00,Williamsburg,Times Square,40.75700770551901,-73.915238245353,40.732179927749506,-74.02721352384263,Lyft,Lyft,1.7329378622287746,2.95,16.32129171375605
2022-01-21 05:22:00,Harlem,Upper West Side,40.754874871301325,-73.99777236136856,40.773782863699104,-73.93117698113925,Uber,UberXL,12.035966211446535,1.0,23.562940870031436
2022-01-15 07:13:00,Financial District,Queens,40.618283132428694,-73.98453327099112,40.67568567094535,-74.09645624447907,Uber,UberPOOL,10.824486338722885,1.57,33.66527621564112
2022-02-28 19:45:00,Staten Island,Lower East Side,40.66997572413225,-74.09220716867493,40.80069895479515,-73.97001992167323,Uber,UberX,5.075525919472717,2.36,26.861922047422322
2022-02-21 08:18:00,Bronx,Harlem,40.660307280631606,-74.0040390773959,40.67444540308399,-74.09869442708694,Lyft,Lyft XL,12.956376166798398,1.36,34.23617527698019
2022-03-18 06:06:00,Financial District,Financial District,40.780306410884414,-74.02847897593736,40.76739144669713,-74.08924579121752,Uber,UberBLACK,11.341794663022872,1.33,29.723027078185737
2022-01-16 01:45:00,Financial District,Brooklyn,40.61828693648973,-74.06859091903316,40.760357612866464,-74.04504621521066,Lyft,Lyft,12.246018756262487,2.67,63.89452263863647
2022-03-09 18:48:00,Williamsburg,Bronx,40.69059081572128,-73.94335867259606,40.646927308456824,-74.08573201342084,Uber,UberX,8.989054570380441,2.09,38.10246709116646
2022-03-06 00:33:00,Queens,Staten Island,40.74863025390647,-73.97659203816228,40.71014006987879,-73.91776472947045,Uber,UberBLACK,2.9075460150971937,3.0,22.764616579260267
2022-01-09 10:48:00,Manhattan,Upper East Side,40.73526390974745,-73.90686876301555,40.64401511999147,-74.02928690739394,Uber,UberPOOL,7.448191649636928,1.23,19.10723252584349
2022-02-03 22:20:00,Staten Island,Upper East Side,40.6827840700064,-73.99938917140774,40.73282759376698,-73.94861681713945,Uber,UberXL,10.775448399453614,1.08,23.065597474967333
2022-03-02 03:35:00,Brooklyn,Williamsburg,40.68600553905146,-74.0670338154749,40.74707127817255,-74.00242570645146,Uber,UberBLACK,13.954230427957514,1.11,29.881092606307472
2022-03-05 13:30:00,Times Square,Central Park,40.806152479331,-74.08956695932434,40.7017588747486,-74.077150202743,Lyft,Lyft Black,10.92469454351392,1.0,21.61821545114936
2022-02-04 21:01:00,Staten Island,Upper West Side,40.76432685658616,-74.09093930815175,40.80531875679106,-74.00557668997929,Lyft,Lyft Black,12.090047439461193,1.0,23.65758301905709
2022-03-05 10:02:00,Upper West Side,Financial District,40.72142235528506,-73.92260750050956,40.69456186197389,-74.06115245410182,Lyft,Lyft XL,3.9894793414042797,1.0,9.48158884745749
2022-01-24 09:06:00,Bronx,Manhattan,40.614766091325144,-73.92014264324277,40.76849224719238,-74.01864556371608,Uber,UberSUV,14.491481295502991,2.27,63.24240944638563
2022-03-13 04:15:00,Central Park,Upper East Side,40.68803311127595,-74.09148203420906,40.68760678192964,-73.92735824455558,Lyft,Lyft XL,12.158891245248409,1.0,23.778059679184715
2022-01-05 05:48:00,Staten Island,Harlem,40.77524123342686,-74.03677362404726,40.735002987929555,-73.91683516753434,Uber,UberSUV,4.373066907701808,1.12,11.371211139095545
2022-03-17 14:40:00,Manhattan,Queens,40.64731381119522,-73.98282071878491,40.69925485181592,-73.99195382968898,Uber,UberBLACK,13.55567422286335,1.0,26.222429890010865
2022-02-05 17:14:00,Bronx,Upper East Side,40.77250205498978,-73.99637238686303,40.8080597187512,-74.03141871556846,Lyft,Lyft Shared,8.807709039265053,1.79,32.06514856549778
2022-01-15 10:19:00,Bronx,Queens,40.68715755717242,-73.99065269387222,40.739180646677426,-73.94807867213966,Uber,UberPOOL,8.156567309108317,1.0,16.773992790939552
2022-01-12 22:09:00,Times Square,Financial District,40.6548401815173,-74.07312131259546,40.76609451815783,-74.01464955644315,Uber,UberPOOL,12.29236906528499,1.32,31.695372540808332
2022-03-14 13:32:00,Brooklyn,Brooklyn,40.701869771662984,-74.06405702371592,40.80761887106511,-74.06698610454681,Lyft,Lyft XL,4.069146467398311,1.0,9.621006317947044
2022-02-23 21:11:00,Lower East Side,Upper West Side,40.64439842406074,-73.96073291572334,40.75015555371426,-73.91136624977688,Uber,UberSUV,10.366000769395026,1.0,20.640501346441294
2022-02-03 03:05:00,Staten Island,Queens,40.76030971768344,-74.00029519877539,40.63503878988574,-74.08084802702454,Uber,UberBLACK,1.3890959654451547,1.0,4.930917939529021
2022-02-28 21:07:00,Financial District,Central Park,40.61846426445813,-73.99166035460127,40.75896668842365,-73.90646416373117,Lyft,Lyft,10.769663119545644,1.43,30.526081956662974
2022-02-19 04:20:00,Upper East Side,Brooklyn,40.7495165323747,-73.99043209481208,40.75591010960194,-73.98194516511408,Lyft,Lyft Shared,7.60674079188262,1.24,19.606627518385285
2022-03-04 01:33:00,Financial District,Staten Island,40.681003421675385,-74.06237713058151,40.66641608643546,-74.03287729424619,Lyft,Lyft,1.5412341428245206,1.97,10.238404707387534
2022-03-12 08:52:00,Williamsburg,Upper West Side,40.74980713675552,-74.06274078251155,40.64020033460021,-74.0377358653293,Uber,UberX,12.993654146883259,2.41,60.82573636448015
2022-03-18 10:04:00,Brooklyn,Brooklyn,40.688495293283225,-73.92363650058219,40.73940453584893,-73.92431925441515,Lyft,Lyft,1.0514745034916941,1.0,4.3400803811104645
2022-02-01 22:32:00,Upper West Side,Manhattan,40.68976776146464,-74.00169259420751,40.616537626925286,-73.94669344290449,Lyft,Lyft,12.543382095912424,1.0,24.450918667846743
2022-01-16 01:08:00,Times Square,Upper East Side,40.72921724320529,-74.07562603310281,40.631517728697105,-73.99093719459992,Uber,UberSUV,5.818015777835104,3.01,38.17139810974641
2022-01-12 14:43:00,Lower East Side,Upper West Side,40.687744112719244,-74.01192750834159,40.624797851727116,-73.96617024841251,Uber,UberX,14.714114331888421,1.0,28.249700080804736
2022-03-21 14:37:00,Lower East Side,Williamsburg,40.694676721679436,-73.90893261540336,40.74337682280288,-73.93436056717327,Lyft,Lyft Black,6.145434942128048,1.28,16.96577427036683
2022-01-16 10:57:00,Queens,Harlem,40.72185325238184,-74.07741774843949,40.73156372460351,-74.01294951732743,Lyft,Lyft XL,13.610148501064936,1.0,26.317759876863636
2022-01-01 23:59:00,Bronx,Williamsburg,40.77192188445529,-74.01283578604442,40.75825892264866,-74.0138511331851,Uber,UberBLACK,8.27866933643585,1.98,33.63558925075022
2022-01-06 21:45:00,Central Park,Queens,40.7500440899486,-73.91539468379936,40.7468670730681,-74.06843422299748,Lyft,Lyft Shared,6.893412054744772,1.09,15.874183494425653
2022-03-21 21:34:00,Financial District,Upper East Side,40.72314195186436,-73.96128531520654,40.63662865859444,-74.0087450032554,Lyft,Lyft Shared,9.30351878085608,1.0,18.78115786649814
2022-01-09 01:34:00,Harlem,Upper West Side,40.801527703608286,-74.0049330795488,40.794152262329696,-74.0362548231925,Uber,UberXL,10.683941581372773,2.25,47.69301997665529
2022-01-28 22:00:00,Financial District,Queens,40.71852980097834,-74.02752521914411,40.71930598289917,-73.92018390869343,Uber,UberX,14.769510845103966,1.03,29.1970432982999
2022-03-19 23:45:00,Harlem,Harlem,40.68575481729776,-73.95340220219316,40.75385588740386,-74.09901908214368,Uber,UberBLACK,13.783564687147486,2.91,77.46780316929858
2022-03-30 01:29:00,Williamsburg,Harlem,40.65208749632864,-74.01231295724754,40.71142777944846,-74.03422175049485,Lyft,Lyft Shared,5.0030001167233715,1.18,13.281195241033762
2022-02-13 01:18:00,Central Park,Manhattan,40.62077524784119,-73.90806765369634,40.6490457407484,-74.05582039553384,Lyft,Lyft Shared,10.960247037110502,2.13,46.17932083082939
2022-03-05 12:09:00,Staten Island,Central Park,40.737764705256964,-73.98212804155754,40.647986403950554,-73.93784814685544,Uber,UberX,8.920541010956676,1.04,18.835384639941154
2022-01-24 12:06:00,Staten Island,Queens,40.76130841781942,-73.97408566627404,40.67923239774522,-73.95270135158863,Lyft,Lyft XL,11.82925818445057,1.0,23.201201822788498
2022-03-01 05:09:00,Manhattan,Lower East Side,40.73042674138189,-73.95936810587652,40.75191717338672,-73.94976643281655,Uber,UberXL,4.445004464894501,1.2,12.33450937627845
2022-01-18 20:13:00,Lower East Side,Bronx,40.80694130066431,-73.98549886345369,40.79318706801413,-73.93029784477305,Lyft,Lyft XL,14.907083440407112,1.28,36.59186690651193
2022-01-21 14:04:00,Staten Island,Staten Island,40.76533924427025,-73.94072097967435,40.80511544098393,-73.99016486929888,Lyft,Lyft XL,8.418777342083295,1.0,17.232860348645765
2022-01-29 04:50:00,Upper East Side,Manhattan,40.774439542343586,-74.02356710623394,40.73583486387508,-73.91550670139108,Uber,UberXL,6.303337531242827,1.0,13.530840679674947
2022-02-06 20:18:00,Bronx,Financial District,40.707165121871384,-73.99457907013648,40.73648128397251,-73.95653078762224,Lyft,Lyft Shared,13.912686239422472,2.74,73.56133051803076
2022-02-27 18:27:00,Upper West Side,Lower East Side,40.65904770420876,-73.95484670661382,40.61997480587707,-73.94799997599642,Uber,UberXL,14.979099013559118,1.38,39.62452411774527
2022-01-24 15:33:00,Times Square,Upper West Side,40.61372839838348,-74.03812537692406,40.74167113143845,-73.97563960157008,Uber,UberPOOL,5.0093800806917566,1.33,14.984332137810064
2022-02-13 13:40:00,Williamsburg,Brooklyn,40.76243596102893,-74.05490617410987,40.63900254346289,-74.03689646354307,Uber,UberX,7.613524422160961,1.15,18.197217899598932
2022-01-04 10:33:00,Central Park,Lower East Side,40.73822393621878,-73.96144063187427,40.73290920672119,-74.0489756411007,Uber,UberSUV,7.767750808446138,1.0,16.09356391478074
2022-03-08 16:30:00,Brooklyn,Brooklyn,40.6344152218239,-73.9877962934167,40.737677668200675,-74.07158122084714,Uber,UberX,13.190837332621284,1.58,40.42266522469785
2022-03-09 23:03:00,Financial District,Central Park,40.71363810267501,-74.03133882038341,40.65378433308216,-73.97656724282037,Lyft,Lyft Black,5.290463790691083,1.28,15.050638891148026
2022-01-15 04:40:00,Central Park,Harlem,40.72838291208019,-74.07353602341914,40.71453328932884,-73.9607257922009,Uber,UberXL,6.719327933817767,1.22,17.39576513870093
2022-03-09 11:13:00,Bronx,Bronx,40.631423978138756,-74.07096481551915,40.672272173126245,-73.94583747457807,Lyft,Lyft XL,5.356857376908756,1.0,11.874500409590324
2022-03-27 20:59:00,Financial District,Times Square,40.64398718383015,-73.97121685557616,40.686810923006064,-73.99639977981334,Lyft,Lyft,13.732384552138148,2.4,63.676015118980224
2022-03-15 13:44:00,Harlem,Williamsburg,40.62021643098025,-74.0198696290913,40.615491012332534,-73.93030686391796,Lyft,Lyft Shared,9.188186919755795,1.0,18.57932710957264
2022-01-10 12:53:00,Financial District,Upper West Side,40.80577337610782,-74.10076908597894,40.63707292194716,-73.99553704393315,Lyft,Lyft Black,1.7873043880911184,1.25,7.034728348949322
2022-03-21 08:21:00,Upper East Side,Staten Island,40.64461763762691,-74.02949350468334,40.678971959579734,-73.9131373667984,Lyft,Lyft XL,4.07538561893038,2.47,23.790854337826566
2022-01-20 16:05:00,Manhattan,Manhattan,40.66268358252106,-74.0619457289212,40.7011368065603,-73.94595803258427,Uber,UberXL,8.521716427753734,1.75,30.472756559995812
2022-01-11 09:43:00,Upper West Side,Queens,40.77312837976335,-73.9279679272636,40.73113483407196,-74.09772628876803,Lyft,Lyft XL,1.1149940208732214,2.08,9.258578235978527
2022-03-02 06:15:00,Upper East Side,Upper East Side,40.6907731482033,-74.07366136560763,40.74636333634283,-73.92618251473424,Uber,UberBLACK,1.1611809012819125,1.01,4.577387243015781
2022-01-30 12:20:00,Queens,Williamsburg,40.75621584086212,-74.05282410438606,40.614747583102236,-74.03378425144594,Uber,UberPOOL,12.244674264320391,1.1,26.320997958816754
2022-03-14 21:12:00,Upper East Side,Manhattan,40.69521421353599,-73.92774345412141,40.75188562203117,-74.06073807507964,Uber,UberXL,7.3692354575270675,1.0,15.396162050672368
2022-03-18 14:55:00,Harlem,Lower East Side,40.656583462175504,-73.90710717398758,40.810024994762664,-74.08027563685519,Lyft,Lyft Shared,14.06074213959335,1.0,27.106298744288363
2022-01-05 23:17:00,Queens,Brooklyn,40.66014240173145,-73.99333993760185,40.80558145652457,-73.97780013344448,Uber,UberX,6.682585766660866,1.23,17.459265862737514
2022-03-31 02:32:00,Queens,Harlem,40.810272332888864,-73.91958897235855,40.62038388082866,-73.94917512605534,Uber,UberSUV,12.72422088730717,1.28,31.702254787568062
2022-01-09 09:09:00,Queens,Harlem,40.72172309859872,-73.9924858222921,40.71081211549492,-73.93040139918477,Lyft,Lyft XL,10.42276371800108,2.31,47.90902233001937
2022-01-22 02:10:00,Harlem,Times Square,40.64494803225068,-73.93989998308285,40.79285410210643,-74.0690590101644,Lyft,Lyft Shared,11.72930806369993,1.44,33.15785632052382
2022-03-26 13:32:00,Central Park,Upper East Side,40.70234321213117,-73.96234450805109,40.628661251098734,-73.93367719739402,Uber,UberPOOL,10.746416761444621,1.26,26.84584895898539
2022-01-13 16:57:00,Queens,Brooklyn,40.68197715909275,-74.02756180822661,40.738384099195336,-74.07268846530346,Lyft,Lyft,10.111012297905553,1.93,38.974944036176005
2022-01-17 05:18:00,Times Square,Central Park,40.63620152257727,-74.08456815215223,40.67543441044715,-74.08169330888465,Lyft,Lyft Black,4.647143466879488,1.76,18.713201877988823
2022-01-13 05:14:00,Times Square,Harlem,40.63934343263984,-73.95270320901783,40.769184727736885,-74.09441701152018,Lyft,Lyft Shared,2.862797260860524,1.26,9.462467960197454
2022-01-11 14:16:00,Lower East Side,Staten Island,40.75481102940785,-73.91305137140287,40.715031697596,-74.0261265875719,Lyft,Lyft Shared,10.834856156173007,1.26,27.04085782436148
2022-02-13 16:15:00,Brooklyn,Times Square,40.77702740586447,-73.94908506767744,40.75848860376273,-74.02965642482383,Uber,UberXL,11.09713690935525,2.12,46.47037793370798
2022-01-12 21:38:00,Manhattan,Harlem,40.740901317784775,-74.02676552115379,40.76194374016896,-74.06353632765094,Uber,UberXL,13.714013655835501,1.07,28.354490570551977
2022-03-27 02:20:00,Financial District,Queens,40.6820906243285,-74.05974194571277,40.740437481921205,-73.94715921348426,Lyft,Lyft,3.8244141755836307,3.2,29.416719383268333
2022-02-08 14:32:00,Upper West Side,Lower East Side,40.62805584815148,-73.95357469779975,40.659067791272875,-74.05775814850011,Lyft,Lyft,10.401104776988063,1.25,25.87741669966139
2022-03-29 01:05:00,Harlem,Upper West Side,40.70713267506893,-73.92253773571994,40.66525111334702,-73.91521141324168,Lyft,Lyft Shared,3.5269769635521095,1.0,8.672209686216192
2022-01-25 02:15:00,Harlem,Manhattan,40.73926608808313,-73.9242336588506,40.73160194131676,-74.03200141626071,Uber,UberPOOL,1.1646580412100567,1.0,4.538151572117599
2022-01-02 05:28:00,Harlem,Upper West Side,40.75666503068422,-73.93403249314275,40.72249635201255,-74.08198911620914,Uber,UberPOOL,5.714801784572075,1.05,13.125948279151189
2022-02-04 13:20:00,Central Park,Staten Island,40.77867853357964,-73.95330864300625,40.62549809865528,-74.08053487101884,Uber,UberSUV,4.630506418485286,1.0,10.603386232349251
2022-01-17 20:49:00,Manhattan,Upper East Side,40.695427279111364,-73.96045250303018,40.78087554960444,-73.92286096198394,Uber,UberXL,11.413156097486663,1.25,28.091278963252076
2022-03-29 00:10:00,Staten Island,Central Park,40.626169867704164,-73.92384913481995,40.68597697705693,-74.03610061720538,Uber,UberBLACK,2.6476357483445296,1.1,7.84669881556322
2022-02-25 03:37:00,Manhattan,Central Park,40.80601662326117,-73.97117136287794,40.722253983946125,-73.96000340434769,Uber,UberSUV,8.94872534979141,1.09,19.79469360472712
2022-03-18 23:56:00,Williamsburg,Central Park,40.68394225416399,-73.91462089309704,40.618266498222305,-74.06411246189411,Lyft,Lyft,5.656351629623161,1.0,12.398615351840531
2022-01-20 00:46:00,Brooklyn,Lower East Side,40.75358827282851,-73.93088293551202,40.74465452193177,-73.98394620646941,Uber,UberPOOL,14.324174890663306,1.18,32.52942114921973
2022-01-30 04:17:00,Manhattan,Times Square,40.73087624349266,-74.06570547230845,40.63240225500604,-73.98241304225898,Uber,UberX,5.249768600562673,1.14,13.32328835812253
2022-02-08 08:50:00,Upper East Side,Financial District,40.661422678668195,-74.08231493187506,40.68281436508361,-74.04921251033754,Lyft,Lyft Shared,10.50766913375313,1.58,33.00370515482741
2022-03-14 14:05:00,Upper West Side,Manhattan,40.731315478669266,-74.0959172402934,40.633086735773475,-74.08511274445091,Uber,UberX,7.804773723782587,1.0,16.158354016619526
2022-03-22 18:11:00,Manhattan,Lower East Side,40.781985438701994,-74.03339439076531,40.75272511079324,-73.91685331030611,Uber,UberPOOL,3.3050076350447997,2.46,20.378057868867867
2022-02-18 00:50:00,Manhattan,Central Park,40.61408691298252,-74.01203057745062,40.7516024205533,-74.00418939076044,Uber,UberXL,2.466690855809402,1.02,6.953043177619782
2022-01-10 17:40:00,Brooklyn,Upper East Side,40.805558016600266,-74.10403442271445,40.68684472638866,-74.00743134014444,Lyft,Lyft,6.639317958166949,2.26,31.90850252455028
2022-02-21 17:39:00,Financial District,Central Park,40.76099228470194,-74.00133326320429,40.70778057467049,-73.9227789279471,Uber,UberBLACK,4.827654170523049,1.85,20.254530377068374
2022-02-10 01:13:00,Lower East Side,Williamsburg,40.68500562441794,-73.98795772505022,40.695486420772674,-73.95315547114033,Uber,UberX,5.758633356147485,1.0,12.5776083732581
2022-02-12 05:25:00,Lower East Side,Central Park,40.75377749137556,-74.03567270068085,40.728709889059424,-74.07172158223446,Uber,UberXL,2.8757435683896553,1.02,7.683202269575535
2022-01-06 20:13:00,Upper West Side,Staten Island,40.67877696413688,-74.1021911758307,40.65140543913801,-74.10528803118574,Uber,UberPOOL,6.20022231498969,1.3,17.355505766601546
2022-03-30 21:30:00,Lower East Side,Harlem,40.80459225058109,-73.96377275071168,40.66791191785632,-74.06884312117347,Lyft,Lyft,7.209710624975752,1.12,16.931032824952474
2022-01-16 04:22:00,Upper West Side,Williamsburg,40.663505677064784,-73.91987946305017,40.637499792774776,-73.97054785268129,Uber,UberX,9.362641312619035,1.0,18.88462229708331
2022-01-01 18:38:00,Staten Island,Manhattan,40.638824882841774,-73.975312668129,40.652540867175915,-73.97723647363696,Uber,UberBLACK,11.26951709963058,1.23,27.332635556954823
2022-03-03 19:33:00,Staten Island,Bronx,40.785523270791415,-74.07549050301668,40.74402406131909,-73.99939304081465,Lyft,Lyft Shared,3.1086351408530293,2.57,20.406086545986497
2022-01-23 06:33:00,Manhattan,Central Park,40.72876985023311,-74.03224503252848,40.65718806583419,-74.06869481680114,Uber,UberBLACK,11.949129765720933,1.0,23.410977090011635
2022-03-12 23:44:00,Harlem,Times Square,40.70233005394063,-74.09846941755993,40.76275626483945,-73.96083484316885,Lyft,Lyft XL,7.880619174996999,1.54,25.088268676616917
2022-02-13 12:16:00,Queens,Bronx,40.649110158289425,-73.9803451579773,40.74320654346738,-73.99176392052254,Lyft,Lyft XL,4.420431882715395,1.02,10.440470910646981
2022-03-17 21:15:00,Manhattan,Williamsburg,40.74514465474487,-73.9818177008896,40.74152402244158,-74.04446549574627,Lyft,Lyft Black,4.342558297126279,1.19,12.018377653765475
2022-03-22 03:27:00,Queens,Staten Island,40.774558705949076,-74.078790267107,40.67442876217502,-74.03096808140963,Uber,UberX,11.552528299418427,1.0,22.716924523982247
2022-01-31 05:14:00,Central Park,Upper East Side,40.80463409539465,-74.05688078523947,40.704338296152294,-73.91342267895396,Uber,UberBLACK,10.168265892771705,1.13,22.932745802956045
2022-03-13 09:45:00,Times Square,Upper West Side,40.792683160402355,-74.02361066906577,40.626913211984935,-74.0334047168856,Lyft,Lyft Shared,13.728047690516439,2.67,70.81930283393807
2022-01-14 14:04:00,Queens,Staten Island,40.68245519623602,-73.97998910622748,40.76313791583503,-73.9699369995932,Uber,UberXL,6.98882731004098,1.0,14.730447792571715
2022-02-04 01:34:00,Bronx,Upper West Side,40.77375338064905,-74.07320351972398,40.77658280139228,-73.96515998352399,Lyft,Lyft XL,13.125833651603536,1.0,25.47020889030619
2022-01-12 12:10:00,Lower East Side,Manhattan,40.72072742406137,-73.94237571373668,40.619294059546746,-73.909679181852,Lyft,Lyft XL,10.849227506837835,1.07,22.990178506553846
2022-02-14 21:35:00,Manhattan,Central Park,40.64123134075805,-74.03716244042458,40.77415885478673,-73.97999311937582,Lyft,Lyft Shared,1.6410352336561078,1.23,6.607328340444772
2022-01-20 18:07:00,Bronx,Brooklyn,40.66778001370218,-74.1034397162923,40.64111116213774,-73.93770573132329,Lyft,Lyft Shared,7.361326098138533,1.16,17.84349197922122
2022-02-19 10:27:00,Times Square,Manhattan,40.64582920806641,-73.97892737486572,40.65312914230222,-74.09381887046699,Uber,UberSUV,6.887512244748596,1.48,21.538656713898863
2022-03-26 13:39:00,Upper East Side,Harlem,40.65755273170106,-73.95681173205571,40.66678180923259,-74.09038433846864,Uber,UberBLACK,7.205890163874171,1.28,19.341193967078144
2022-02-23 05:00:00,Harlem,Central Park,40.619091909482975,-73.98009384608385,40.75637686121325,-73.91353926389657,Lyft,Lyft Black,10.22641378871877,1.0,20.396224130257846
2022-01-06 19:20:00,Central Park,Financial District,40.744354958032346,-74.03100355822652,40.696656589895895,-73.92751201877887,Uber,UberX,10.367348246519777,2.16,44.58857637184476
2022-02-09 20:51:00,Harlem,Staten Island,40.76913869009903,-74.0217575183073,40.7809748994692,-74.04880533377292,Lyft,Lyft,14.261054581229224,1.0,27.456845517151145
2022-01-21 15:12:00,Lower East Side,Financial District,40.70958552756606,-73.90858452746289,40.62300773071336,-73.97167764753732,Lyft,Lyft Shared,9.875222784960844,1.0,19.781639873681478
2022-02-08 13:04:00,Harlem,Lower East Side,40.786670181877945,-74.04096407418466,40.65776914327266,-73.90801304477247,Lyft,Lyft Black,9.715648803246324,1.02,19.892433113794688
2022-01-20 05:25:00,Lower East Side,Times Square,40.66872609233984,-74.06517815210019,40.812419890109645,-74.08493345953212,Lyft,Lyft,13.200060136978605,1.15,29.44012102566944
2022-03-17 03:15:00,Bronx,Staten Island,40.65676859415124,-74.05470105362593,40.81227743949535,-74.03080651869286,Uber,UberPOOL,9.73759347565017,1.0,19.540788582387798
2022-01-02 04:36:00,Staten Island,Manhattan,40.69438259554736,-74.06794493139512,40.61848596176889,-74.04216992776871,Lyft,Lyft,2.1429880404725465,1.0,6.250229070826956
2022-03-12 17:48:00,Upper West Side,Manhattan,40.758194220324604,-74.07343410254092,40.656641560976425,-74.07905585418973,Lyft,Lyft XL,5.036134866062086,1.01,11.426368375764737
2022-01-01 17:08:00,Central Park,Queens,40.78481984796528,-74.07061254082386,40.62025483683079,-74.04258679482942,Lyft,Lyft,13.27624403999664,1.46,37.57080352219142
2022-02-09 18:38:00,Williamsburg,Financial District,40.691641578363665,-73.94523283168317,40.706523410914464,-73.97995772366667,Uber,UberSUV,5.378889300509554,1.9,22.634806924194265
2022-01-30 00:34:00,Central Park,Upper East Side,40.7681647006975,-73.9552457453952,40.7592450365201,-73.95635168571604,Lyft,Lyft Black,9.99396414982635,1.71,34.18193771835535
2022-01-17 15:17:00,Staten Island,Harlem,40.620492416305126,-73.91757484625484,40.78010910789202,-73.94894874201415,Lyft,Lyft,1.975871186380704,1.0,5.957774576166232
2022-02-15 08:41:00,Brooklyn,Staten Island,40.78626562828584,-74.03018279064132,40.80381823268316,-74.05676873406792,Lyft,Lyft Black,4.554789654378249,2.35,24.60657245363055
2022-03-04 08:04:00,Manhattan,Times Square,40.77528130036513,-74.0746418510766,40.71489820109161,-73.99642777720214,Lyft,Lyft Shared,4.990855756235694,1.72,19.32247582626944
2022-03-04 19:36:00,Bronx,Williamsburg,40.675742185218155,-74.0806471700069,40.726499041606,-74.08059519865772,Uber,UberPOOL,7.106814853504677,2.34,34.952406825101654
2022-02-03 15:22:00,Lower East Side,Brooklyn,40.669560148153664,-74.10032906186662,40.7582982880324,-74.07931524545351,Uber,UberBLACK,10.184365336025182,1.0,20.32263933804407
2022-03-17 07:01:00,Queens,Upper West Side,40.63451374485192,-73.952353584774,40.67986617728619,-74.07831954395289,Lyft,Lyft Black,13.008432442712998,1.37,34.612716781404416
2022-01-24 10:30:00,Upper East Side,Queens,40.68707974221894,-73.99815428915203,40.71480364329029,-73.9242098610437,Uber,UberPOOL,11.151880967852566,1.16,25.538318364740707
2022-02-10 09:27:00,Manhattan,Financial District,40.67783732908352,-73.93458380392902,40.79583963646681,-74.08157805001629,Uber,UberX,13.555708561710901,1.39,36.449261076361765
2022-03-01 01:41:00,Staten Island,Williamsburg,40.70057421075022,-73.91475827552001,40.639109849952895,-74.00710866345297,Uber,UberXL,5.152809792385874,1.2,13.820900564010335
2022-01-14 08:25:00,Harlem,Queens,40.62174154803524,-74.03008122723678,40.719911300428244,-74.06576758218385,Uber,UberBLACK,7.318049674031177,1.7,26.02119778024275
2022-02-20 07:43:00,Central Park,Financial District,40.66237581552498,-73.91689725329424,40.69809064017952,-74.09514159772827,Uber,UberSUV,1.1179876068096042,2.32,10.339029683646993
2022-01-01 01:18:00,Staten Island,Upper East Side,40.76276660186158,-73.94604436571491,40.70340184796957,-73.9939919727146,Lyft,Lyft,13.582279671192667,2.2,57.791776734091776
2022-03-31 04:09:00,Williamsburg,Lower East Side,40.739368696858435,-74.03661169301732,40.61798682039951,-73.95176456067811,Uber,UberXL,1.0777874141229782,1.0,4.386127974715212
2022-03-21 11:49:00,Staten Island,Bronx,40.71518846592932,-74.01981598706786,40.63024078754484,-74.06655575069736,Lyft,Lyft Shared,6.9028379632420975,1.23,17.933358715878615
2022-03-07 15:32:00,Bronx,Manhattan,40.69630261895134,-74.01645256910635,40.80218738488349,-73.90643965952015,Lyft,Lyft XL,4.991242490844436,1.05,11.796408076926651
2022-02-11 15:35:00,Queens,Financial District,40.71304530943218,-74.09461444282682,40.80178297416863,-73.92309431584032,Uber,UberPOOL,14.868234364116125,1.23,35.07887446875996
2022-01-11 07:59:00,Staten Island,Upper East Side,40.677449565999204,-74.02487300980677,40.616930016226874,-74.0299354585857,Uber,UberSUV,13.077021818949715,1.66,42.138748384048924
2022-01-19 06:30:00,Williamsburg,Brooklyn,40.75699011858825,-73.91992015629296,40.73163529016579,-73.91754574349999,Uber,UberSUV,2.2316917584455775,1.0,6.405460577279761
2022-03-12 19:55:00,Staten Island,Upper East Side,40.62507814232071,-74.02239369226237,40.736543706165264,-73.97289677301706,Lyft,Lyft XL,3.024073968075922,1.17,9.11679144963545
2022-03-21 04:47:00,Staten Island,Staten Island,40.79008368065277,-74.08549842592832,40.64224643769223,-73.90648767144194,Uber,UberX,5.171208857194643,1.0,11.549615500090626
2022-03-13 11:44:00,Manhattan,Lower East Side,40.75306315265721,-74.03817355985797,40.65994092508308,-74.02728140726332,Uber,UberX,1.4839473118309188,1.2,6.1162893548449295
2022-02-23 00:05:00,Manhattan,Times Square,40.62684599124335,-74.02146920526684,40.76166073792296,-73.97835675234533,Uber,UberX,4.17600283611409,1.0,9.808004963199657
2022-03-15 13:19:00,Upper West Side,Bronx,40.772115865811145,-74.07410353150232,40.653597627187345,-74.06127953803889,Uber,UberSUV,4.162955229492992,1.12,10.959392249806264
2022-01-09 18:45:00,Lower East Side,Central Park,40.61458461289622,-74.01004236764213,40.70134307046657,-73.9888010281769,Lyft,Lyft,4.036309918029666,1.72,16.449292853269295
2022-01-11 14:02:00,Upper East Side,Manhattan,40.73424754285529,-73.97135359256303,40.6729725493624,-73.99411499853449,Uber,UberXL,10.854106291725936,1.0,21.494686010520386
2022-03-06 23:43:00,Williamsburg,Lower East Side,40.767503850931035,-73.91346760368168,40.63470896047472,-73.99606184933738,Lyft,Lyft,11.944607827290513,2.39,55.93332223764257
2022-01-06 15:08:00,Times Square,Lower East Side,40.63147616581102,-73.96324725691697,40.697237623923996,-73.9714263102075,Uber,UberSUV,3.8767144942864045,1.42,13.183635518301715
2022-02-10 13:23:00,Times Square,Financial District,40.772963960065546,-74.06658949572895,40.75626098560779,-73.96708772712313,Lyft,Lyft Black,4.733689281265142,1.4,15.097538739099596
2022-01-25 07:02:00,Lower East Side,Harlem,40.79905791818262,-74.09200346552916,40.71140632748598,-74.03333581849711,Uber,UberX,8.83106353879477,1.91,34.292829878421514
2022-03-16 15:34:00,Bronx,Times Square,40.688170826261434,-74.06811266825162,40.63000420780576,-73.97553825906112,Lyft,Lyft Shared,9.892511643636752,1.0,19.811895376364316
2022-03-31 20:18:00,Times Square,Central Park,40.732563614531536,-74.08489387769562,40.66250842458266,-74.03164263795819,Uber,UberPOOL,11.228149654970142,1.56,34.55284855806849
2022-03-05 11:46:00,Bronx,Queens,40.679267615196736,-73.95308639872174,40.75886713670093,-74.06956750537263,Lyft,Lyft Shared,4.974057698273824,1.0,11.204600971979191
2022-01-20 01:51:00,Manhattan,Harlem,40.78149597337473,-74.04912743942837,40.78433914861522,-73.95618800261789,Uber,UberX,6.44220183524299,1.2,16.528623854010277
2022-01-29 21:00:00,Staten Island,Times Square,40.62095794756552,-74.07732033891422,40.633003651713956,-74.07915493918695,Uber,UberPOOL,4.271346263728978,2.64,26.333619738427878
2022-03-30 04:57:00,Harlem,Lower East Side,40.66158206781073,-74.07942801532886,40.781205148099716,-74.01830020266299,Uber,UberPOOL,10.137542217367983,1.0,20.24069888039397
2022-03-21 09:51:00,Bronx,Upper West Side,40.72786199278477,-73.9571852451094,40.80985201858203,-74.06039814755768,Uber,UberXL,1.9492377570229262,1.69,9.989870666395303
2022-01-03 08:17:00,Upper West Side,Staten Island,40.62962987798447,-73.90854983747877,40.61733845342185,-73.96479377817191,Lyft,Lyft XL,2.6418803368999932,1.93,13.747950837879726
2022-03-10 02:18:00,Brooklyn,Times Square,40.70266500732306,-74.09253023324968,40.69438442677601,-74.0318043757001,Uber,UberSUV,11.669323556040052,1.0,22.92131622307009
2022-03-24 23:36:00,Upper East Side,Times Square,40.64092995246861,-74.0239397010016,40.80129455352364,-74.0627399189454,Uber,UberX,3.742017537805607,1.0,9.048530691159812
2022-02-28 12:33:00,Central Park,Upper West Side,40.725326141355545,-73.96056992174155,40.76064883988916,-74.02679236524739,Uber,UberXL,3.1212947880162556,1.09,8.678869808141007
2022-03-28 01:14:00,Bronx,Staten Island,40.76501859255344,-74.04453935108074,40.79737190764673,-73.98158108124397,Lyft,Lyft Shared,2.450121335808286,1.0,6.7877123376645
2022-02-18 03:08:00,Brooklyn,Staten Island,40.78363046956008,-74.03408776481403,40.7439822946459,-73.91771688210777,Uber,UberBLACK,12.38919114058532,1.0,24.181084496024308
2022-03-28 22:11:00,Staten Island,Harlem,40.68614341399775,-73.93188566025675,40.758101345518945,-73.97609593865508,Lyft,Lyft XL,8.411905929066272,1.06,18.254085498417933
2022-02-05 17:30:00,Brooklyn,Bronx,40.778342586525355,-74.09444140318793,40.74006166797067,-74.05824625440846,Uber,UberSUV,7.153584886726683,2.2,33.04130181389773
2022-03-06 19:01:00,Times Square,Williamsburg,40.74647223488197,-74.00779318432639,40.69909148625315,-73.91651632548033,Uber,UberXL,14.013437579050134,2.51,67.8290245659777
2022-03-12 05:52:00,Financial District,Bronx,40.64157027617306,-73.96308860288984,40.62526536285879,-74.01007437131307,Lyft,Lyft,9.302690885787392,1.91,35.86924428574435
2022-03-27 20:13:00,Harlem,Upper East Side,40.712295919080965,-74.01066518438039,40.62204614435622,-74.01808561406087,Lyft,Lyft XL,14.380769412597527,1.8,49.79942364968221
2022-01-09 03:14:00,Harlem,Times Square,40.754773627612224,-73.98060468017879,40.6339279174272,-73.93752871563336,Uber,UberBLACK,10.777398992326326,1.0,21.36044823657107
2022-02-04 12:12:00,Central Park,Upper West Side,40.64607469658765,-73.94516180846459,40.73930233458635,-73.96813768251776,Lyft,Lyft,2.3853637164602657,1.0,6.674386503805465
2022-02-05 15:37:00,Queens,Manhattan,40.773670291073906,-73.99315021933266,40.70746731827552,-74.0080416356971,Lyft,Lyft Shared,1.8244181453431654,1.0,5.69273175435054
2022-03-12 23:56:00,Upper East Side,Williamsburg,40.750192250550086,-74.03518424763318,40.789495473102946,-74.07212150439517,Lyft,Lyft,4.607273297460716,2.56,27.040584372624007
2022-02-21 04:01:00,Manhattan,Brooklyn,40.61429409932937,-73.957084818476,40.79223567316278,-74.02472491478584,Lyft,Lyft,11.714015755933898,1.0,22.999527572884322
2022-01-07 07:37:00,Upper East Side,Lower East Side,40.6307537920068,-74.04616731236872,40.669871644343125,-73.93139515479577,Lyft,Lyft Shared,6.730625291387673,2.09,29.84226200325041
2022-01-18 09:06:00,Harlem,Times Square,40.706292148435566,-73.97374105967616,40.75964821060111,-73.92056687118587,Uber,UberBLACK,6.477718418633936,2.29,31.6844565626755
2022-01-15 09:56:00,Financial District,Staten Island,40.7118135201092,-74.0254588102857,40.78323562073501,-74.03280577314014,Uber,UberXL,9.427806218002925,2.35,44.64685307153702
2022-02-01 18:20:00,Upper East Side,Upper West Side,40.62901263994046,-73.99630837701515,40.74217006939892,-74.00173366979607,Lyft,Lyft,11.419028733598845,1.18,26.53029433488161
2022-01-05 23:01:00,Times Square,Staten Island,40.68922353850903,-74.0677720683133,40.75470596649673,-73.97614060280738,Lyft,Lyft,5.500546104464551,1.37,16.612559285453763
2022-02-27 11:27:00,Williamsburg,Bronx,40.63159584875579,-74.00150068364901,40.712761620544235,-73.91265306616656,Lyft,Lyft,12.14059826257298,1.01,23.98350742909774
2022-01-21 14:17:00,Central Park,Williamsburg,40.695850412710186,-74.06802656470393,40.80225357836515,-73.9368084986235,Uber,UberX,6.13402877466879,1.0,13.234550355670383
2022-03-08 18:23:00,Williamsburg,Bronx,40.68674428202184,-74.01650183696505,40.69633712487469,-73.99289860666924,Uber,UberSUV,1.67050111253337,1.36,7.375792647829422
2022-02-28 21:53:00,Upper West Side,Lower East Side,40.70478796727969,-73.94585514706074,40.69185062322701,-73.92604446565146,Lyft,Lyft Black,5.885220507142017,1.0,12.79913588749853
2022-01-21 16:26:00,Staten Island,Upper West Side,40.67621834763716,-74.10597286407972,40.70735454532592,-73.99843026109745,Lyft,Lyft,14.385861746333065,1.38,38.19185611739435
2022-02-03 18:07:00,Upper West Side,Staten Island,40.731442411505846,-74.09115527948691,40.642677042419486,-73.92966171208569,Uber,UberSUV,5.101482108337146,1.02,11.656145563381807
2022-03-21 10:55:00,Upper East Side,Bronx,40.80274139286685,-73.94726550368743,40.76963873573384,-73.99229795165851,Lyft,Lyft,3.5958501239347065,1.0,8.792737716885735
2022-03-03 00:52:00,Staten Island,Manhattan,40.64753832895844,-73.96905386860979,40.751842245414046,-74.06440127528761,Uber,UberXL,12.7475878712626,1.0,24.80827877470955
2022-03-21 15:16:00,Harlem,Queens,40.79663358687947,-74.06767845525164,40.62218571604744,-73.98639180096454,Uber,UberX,11.733373707542196,1.23,28.331086905484575
2022-02-23 06:11:00,Brooklyn,Central Park,40.76756487456422,-73.98841151388078,40.725486654100195,-73.92827254651728,Lyft,Lyft XL,12.759464168520205,1.0,24.829062294910358
2022-01-23 17:16:00,Upper East Side,Financial District,40.744324442404995,-73.99993794306613,40.6400373554753,-73.99244794396655,Lyft,Lyft,10.574615902419843,2.22,46.63238278090109
2022-02-16 18:14:00,Central Park,Staten Island,40.62391502937187,-73.93498679254851,40.6249942570068,-74.09648072464472,Uber,UberBLACK,10.848903289337999,2.17,46.62371024126105
2022-03-04 01:28:00,Brooklyn,Queens,40.64491209846895,-74.09547525845889,40.81160833872636,-73.91881158887887,Lyft,Lyft Black,3.167355182707645,1.07,8.605872579620065
2022-03-12 07:30:00,Brooklyn,Upper West Side,40.68157868000335,-73.96054258937897,40.739421052853814,-74.09342930989757,Uber,UberPOOL,7.991084747533159,1.91,31.485200768629582
2022-02-19 12:50:00,Lower East Side,Financial District,40.75389831026902,-73.94913515376408,40.70790225559408,-74.07496879280933,Lyft,Lyft XL,11.339363642939421,1.16,25.918908195167024
2022-01-29 03:17:00,Staten Island,Upper East Side,40.78857768109689,-73.9252667498956,40.736872493661515,-74.02383571138965,Lyft,Lyft XL,10.813824969362706,1.13,24.209338876914746
2022-03-25 09:37:00,Upper East Side,Upper West Side,40.64614000824072,-73.92226626481629,40.7565538872007,-73.95679874733646,Uber,UberXL,11.59659159911982,2.05,46.727772361842355
2022-03-14 12:19:00,Brooklyn,Lower East Side,40.61600264282906,-74.08193945554669,40.75713578229303,-73.97837986891645,Uber,UberSUV,4.615434291648308,1.24,13.115492412876828
2022-01-10 12:03:00,Harlem,Manhattan,40.68478707635454,-73.94755891173581,40.6987985375913,-73.92840748153483,Lyft,Lyft XL,4.858142776707543,1.0,11.001749859238199
2022-03-05 08:33:00,Staten Island,Upper West Side,40.65310875138026,-73.93222246754652,40.655466629228016,-73.9926460664794,Lyft,Lyft Shared,14.430249964292717,1.76,48.845169890021566
2022-01-01 07:35:00,Upper West Side,Queens,40.6490510805495,-74.09982108095667,40.66009006604854,-73.95435678461435,Lyft,Lyft,4.261632525722507,1.65,16.430463918023737
2022-02-08 16:46:00,Lower East Side,Queens,40.75256104727816,-74.10562555964141,40.76770555807579,-74.01775613946252,Uber,UberSUV,13.122858066702548,1.97,50.166053184957036
2022-02-25 22:15:00,Harlem,Times Square,40.75398258167478,-74.07739019394526,40.758542708418666,-74.09337559680175,Lyft,Lyft Shared,9.477249723452793,1.0,19.08518701604239
2022-02-10 23:46:00,Times Square,Upper East Side,40.71717186261092,-74.00504996406637,40.70618748261388,-73.92574217461402,Uber,UberSUV,6.757229505925951,1.79,25.642021427313043
2022-02-20 10:58:00,Lower East Side,Bronx,40.68831654772418,-74.0418713540588,40.80429431046405,-74.09889377108149,Lyft,Lyft XL,11.847660797092647,1.03,23.930408586759498
2022-01-05 04:10:00,Financial District,Bronx,40.77408236498841,-74.09498983902645,40.800223000124035,-74.0404763297426,Lyft,Lyft XL,12.373078986720005,1.46,35.26321681106961
2022-01-29 17:06:00,Financial District,Harlem,40.79604041854678,-74.04742395932449,40.79914745044038,-74.0496906123593,Uber,UberX,2.2713589392588336,2.42,15.669205107761162
2022-03-23 02:29:00,Central Park,Harlem,40.79754214591814,-74.10351176409529,40.71961593467692,-73.98419980185493,Lyft,Lyft XL,13.264183681266516,1.16,29.826292872971027
2022-03-28 01:16:00,Upper West Side,Williamsburg,40.71163030560379,-73.90683797088043,40.728103985681535,-73.9403807835453,Lyft,Lyft Shared,10.190639185372895,1.01,20.53695476014659
2022-03-10 03:31:00,Times Square,Lower East Side,40.687469645873996,-74.0668663725659,40.65435465865114,-74.02872014062821,Lyft,Lyft XL,5.4953195958778736,1.7,20.59857579773667
2022-01-27 05:29:00,Times Square,Times Square,40.77164563307565,-74.02266018009337,40.79003751030172,-73.91945139120833,Lyft,Lyft Shared,10.110838484112097,1.69,34.127804816761525
2022-01-10 10:46:00,Queens,Manhattan,40.64089406329015,-73.9980494818128,40.69442244029029,-74.08092192992736,Uber,UberX,6.012104237882672,1.12,14.583724306250037
2022-03-14 19:41:00,Upper West Side,Times Square,40.63915408087839,-74.05756150773509,40.66542534089839,-73.98246951332438,Lyft,Lyft XL,3.8648470016332084,2.19,20.28702613375927
2022-02-26 09:52:00,Brooklyn,Bronx,40.66847420088448,-73.9551494109444,40.78946304863196,-73.9194014937674,Uber,UberPOOL,8.893312025394223,1.51,27.275577027104237
2022-01-04 20:39:00,Harlem,Harlem,40.62520829320931,-73.93027477790015,40.68307065991256,-73.95730805455368,Uber,UberXL,2.7192772343723934,1.0,7.258735160151689
2022-03-19 23:41:00,Lower East Side,Upper West Side,40.61698351941846,-73.95749065499868,40.74654444297496,-74.02686568872127,Uber,UberBLACK,2.448101327695194,2.51,17.02828508190114
2022-01-22 05:44:00,Financial District,Lower East Side,40.79407440566259,-73.96086760034528,40.626634920716945,-73.97314165002886,Uber,UberX,12.934168369154492,1.21,30.413101521684634
2022-02-09 13:05:00,Upper West Side,Queens,40.77550707169213,-73.912640405504,40.62686738024643,-74.03162725495912,Uber,UberX,4.1252919260776775,1.19,11.565920436056762
2022-02-01 07:40:00,Queens,Harlem,40.70401797263647,-74.02486115283659,40.78830277891142,-74.07071996978956,Lyft,Lyft,14.249585175063288,1.86,51.032399744831004
2022-03-31 15:58:00,Staten Island,Lower East Side,40.78609412754477,-74.08015762237314,40.799255424360084,-73.96533909482724,Uber,UberXL,4.190723409280536,1.0,9.833765966240938
2022-02-09 13:45:00,Manhattan,Lower East Side,40.67310627117532,-73.96928299762166,40.686363772306066,-74.04560382853573,Lyft,Lyft XL,1.1834029190052044,1.26,5.759403436406476
2022-01-29 09:03:00,Brooklyn,Bronx,40.695011606207785,-73.96301396858777,40.669651027447266,-74.08542920294745,Lyft,Lyft Black,11.530386337022017,1.75,39.686808157129924
2022-02-08 05:41:00,Upper West Side,Brooklyn,40.76889868603144,-74.0431608628643,40.70212859753536,-74.08766297720085,Uber,UberPOOL,6.555607409841362,1.23,17.18594494968353
2022-01-17 03:55:00,Lower East Side,Brooklyn,40.803386074669305,-74.02628134649765,40.79377291741132,-74.06683717846381,Lyft,Lyft Shared,9.972297804113783,1.0,19.95152115719912
2022-02-05 22:57:00,Queens,Upper East Side,40.76301452911007,-74.07751750797829,40.679500794106204,-74.02945311053095,Uber,UberXL,12.253863676266453,2.54,60.81842404100439
2022-01-11 18:39:00,Lower East Side,Financial District,40.63303833042544,-73.9657255853865,40.696873888956226,-74.03593149089811,Uber,UberXL,7.538660494274805,2.1,32.95457731645991
2022-03-26 20:26:00,Queens,Brooklyn,40.66071604841683,-74.05007116329105,40.77389816210305,-73.99807361046315,Uber,UberX,5.31966784871824,1.94,22.910272346398422
2022-03-10 00:12:00,Queens,Williamsburg,40.76242885691958,-74.08179266465231,40.72961845247832,-74.09692978764834,Uber,UberSUV,8.910535612129966,1.0,18.09343732122744
2022-01-14 00:32:00,Harlem,Lower East Side,40.677627543794166,-74.01664704457808,40.67828549542288,-74.07006635749048,Lyft,Lyft XL,5.307466967317484,1.12,13.20263525594227
2022-02-25 10:56:00,Williamsburg,Upper East Side,40.76364817954265,-73.94685339866422,40.64927974200608,-74.06032091957222,Uber,UberX,2.9781840225108063,1.0,7.711822039393911
2022-03-02 14:14:00,Bronx,Brooklyn,40.78962659288353,-74.0799538983204,40.62168460535122,-73.99953827636524,Lyft,Lyft Black,6.84280385103739,1.0,14.474906739315433
2022-02-01 10:09:00,Staten Island,Williamsburg,40.63658553204937,-74.04516236080818,40.804283079332656,-73.92318503376922,Lyft,Lyft Shared,2.492032744969438,1.0,6.861057303696517
2022-03-17 23:11:00,Bronx,Lower East Side,40.64983736474301,-74.00476624557659,40.8084012613043,-73.91343430837271,Lyft,Lyft,7.0920830987409085,1.22,18.191597415811838
2022-01-18 17:04:00,Brooklyn,Bronx,40.7155305173445,-74.04417115350141,40.70841187757331,-74.017232825965,Uber,UberBLACK,12.104703130853721,2.46,58.26074697832527
2022-03-27 00:44:00,Staten Island,Williamsburg,40.6510906026415,-74.05919732351418,40.61683646321409,-73.91850298326477,Lyft,Lyft Black,11.978513943686261,2.7,63.34847838391759
2022-03-23 11:06:00,Central Park,Upper East Side,40.78377180027255,-74.00937261008835,40.746211387997064,-73.99744810565214,Lyft,Lyft Black,2.879716525895656,1.0,7.539503920317398
2022-03-10 02:28:00,Financial District,Upper East Side,40.617588411738154,-74.07717487034425,40.80457081628411,-74.04117939432885,Uber,UberPOOL,13.43364709461543,1.57,40.8339453924559
2022-03-04 20:11:00,Harlem,Manhattan,40.6980503449625,-74.04467043892198,40.705776118646924,-74.08916839833667,Lyft,Lyft,12.202739453977134,1.06,25.286081687127588
2022-03-16 16:28:00,Queens,Harlem,40.70658173514445,-74.09073219047227,40.66105560094483,-74.06275431886824,Lyft,Lyft XL,8.984606033089987,1.66,30.25028052612641
2022-03-21 23:29:00,Queens,Staten Island,40.704768679671886,-73.94799064678021,40.76591119131407,-73.93231795383052,Uber,UberX,5.058021565763504,1.29,14.64348368471111
2022-03-20 02:04:00,Upper West Side,Harlem,40.71572954294537,-73.9869252232561,40.640523918426474,-74.06737118851609,Lyft,Lyft Black,14.058641474409725,2.08,56.373454966851405
2022-02-04 13:10:00,Central Park,Central Park,40.75366784931193,-74.0833316137989,40.62972355472203,-74.07164513437773,Uber,UberPOOL,2.6509879487554926,1.0,7.139228910322112
2022-01-23 17:30:00,Lower East Side,Bronx,40.78914671125996,-74.0269979835729,40.64980642170494,-73.95780732859718,Lyft,Lyft Black,4.07188884225331,1.49,14.342450156175508
2022-03-27 00:01:00,Financial District,Queens,40.62923858104606,-73.93400954687102,40.72181357687469,-74.0054287537805,Uber,UberSUV,14.519893565124065,3.08,85.96222631601871
2022-03-03 03:41:00,Upper East Side,Lower East Side,40.794890249776124,-74.09746767353636,40.64723869140084,-74.05604802704465,Lyft,Lyft Shared,7.793930731542983,1.15,18.560285597230248
2022-02-28 09:25:00,Brooklyn,Times Square,40.77520186541439,-73.91851321340317,40.70177369000931,-73.94625195371555,Uber,UberX,7.129038806620932,1.55,23.21251776295928
2022-02-19 07:14:00,Brooklyn,Manhattan,40.76351337933308,-73.95475991412329,40.66647818725168,-74.07707790306836,Lyft,Lyft Black,8.185169043919805,1.47,24.7313473654837
2022-01-11 03:58:00,Times Square,Williamsburg,40.70504910948068,-74.08534368511228,40.779131507489936,-74.01020518094035,Uber,UberX,10.330469220888801,1.79,36.83519483443417
2022-01-05 20:25:00,Upper East Side,Williamsburg,40.623366706664505,-74.07164954857745,40.64843760969147,-74.0199434787297,Uber,UberSUV,5.35589266206454,1.0,11.872812158612945
2022-01-11 02:54:00,Lower East Side,Financial District,40.79792820712731,-73.94990711439773,40.665314692315164,-74.03016349601829,Lyft,Lyft XL,12.455982099679424,1.0,24.29796867443899
2022-02-16 09:39:00,Financial District,Lower East Side,40.70148655969524,-73.93774554787973,40.72535507832384,-74.0921561417373,Lyft,Lyft XL,2.357280768654153,1.5,9.937862017717151
2022-02-26 14:21:00,Staten Island,Times Square,40.6190458775299,-74.09063613488298,40.6454749894746,-74.0172439860928,Uber,UberBLACK,11.494217216778559,1.0,22.614880129362476
2022-02-11 19:32:00,Financial District,Central Park,40.6228007856949,-74.09107989184935,40.77920018035162,-73.92453841354927,Uber,UberXL,4.504683944638704,2.56,26.580984071981394
2022-01-10 17:38:00,Queens,Harlem,40.621901150209666,-73.9521697280594,40.73799092663428,-74.07324861461105,Lyft,Lyft XL,14.054448721950244,2.42,65.57059033745928
2022-01-19 01:28:00,Brooklyn,Manhattan,40.61917135937178,-73.93737519079463,40.78588307151033,-74.04725933204277,Lyft,Lyft,1.8821071941731262,1.0,5.793687589802971
2022-02-03 21:44:00,Times Square,Times Square,40.73283077398288,-73.97087461123348,40.808539722712666,-74.01733600976277,Uber,UberX,7.619127258754682,1.68,26.600234140738767
2022-02-28 01:39:00,Queens,Central Park,40.76498764280578,-74.04381339038413,40.79256729356111,-73.99140182550485,Uber,UberX,5.357244182917802,1.27,15.081475196534816
2022-03-07 04:48:00,Upper West Side,Queens,40.71306737702232,-73.92653433731692,40.81240288674501,-73.9532182835453,Lyft,Lyft XL,6.388332398176813,1.0,13.679581696809423
2022-01-29 06:03:00,Manhattan,Financial District,40.734935608129014,-73.98726499658854,40.77270290941232,-73.99724209571905,Lyft,Lyft,1.121875894763353,1.19,5.311306550844682
2022-03-08 18:58:00,Lower East Side,Staten Island,40.732515020107876,-74.0565013974734,40.66315060457451,-73.99786375147774,Lyft,Lyft Black,4.390242479583098,2.15,21.893287329431406
2022-01-25 20:17:00,Brooklyn,Financial District,40.710209425256956,-74.08922006374883,40.80108328231904,-74.04669067446902,Lyft,Lyft,3.1781141886655377,1.11,8.948486811482809
2022-01-10 22:55:00,Williamsburg,Times Square,40.72729125779593,-73.98551898833901,40.62547645905105,-73.94570746561776,Uber,UberXL,3.4383361353044877,1.18,10.050164119403767
2022-03-09 07:07:00,Queens,Manhattan,40.79682949756497,-74.01545903251508,40.71784566487419,-74.04616864229386,Lyft,Lyft Shared,1.7146207855690676,1.46,8.030856107128967
2022-01-10 21:56:00,Bronx,Upper East Side,40.76970029194853,-74.03682795149166,40.62007239850197,-73.98565122226688,Uber,UberXL,13.344515619711926,1.12,28.955250614635375
2022-03-17 18:31:00,Manhattan,Queens,40.63677058194605,-74.0545965549542,40.66039424425411,-74.08942468228405,Uber,UberSUV,3.6519115324313542,1.27,11.291373380828684
2022-02-15 00:10:00,Queens,Bronx,40.73911451929228,-73.90976463898404,40.796958871828124,-74.07611755256669,Lyft,Lyft XL,13.89821551622846,1.0,26.821877153399804
2022-01-04 05:58:00,Upper West Side,Upper East Side,40.683497405458816,-74.08401337081368,40.72287597040797,-74.00424387045939,Uber,UberSUV,1.4963454390662958,1.2,6.142325422039222
2022-01-27 01:33:00,Upper East Side,Central Park,40.78799094825243,-73.93464252832328,40.776657309586575,-74.04411852360525,Lyft,Lyft Shared,3.844361747477522,1.0,9.227633058085663
2022-03-05 23:29:00,Harlem,Central Park,40.77071863157186,-74.0141893298257,40.69178383526878,-73.91414748171074,Lyft,Lyft Black,9.252824966227688,1.85,34.58102082816214
2022-02-03 05:08:00,Times Square,Queens,40.812215038436584,-74.076206393106,40.70358224874441,-74.033332154112,Uber,UberPOOL,13.808097013520603,1.48,39.46297126501836
2022-01-02 16:39:00,Brooklyn,Financial District,40.64305196769419,-73.97557999849502,40.76634563493542,-73.98791840686036,Lyft,Lyft,12.218962301103797,1.96,46.81104069278602
2022-02-05 12:45:00,Bronx,Central Park,40.79095676814917,-73.9972062908581,40.66590487270551,-74.01142418657365,Uber,UberX,13.217180513996137,1.0,25.63006589949324
2022-02-18 02:00:00,Manhattan,Manhattan,40.756792880251915,-74.0639345766552,40.740361104134664,-74.03966070420931,Uber,UberPOOL,4.501285460723539,1.14,11.830064494143459
2022-03-30 12:53:00,Manhattan,Brooklyn,40.68256617437126,-74.101064990792,40.718304070100814,-74.0947808333678,Uber,UberSUV,11.303185298460154,1.0,22.28057427230527
2022-02-10 01:54:00,Manhattan,Staten Island,40.73825109523131,-74.01835229444556,40.75869995093752,-74.07012566045005,Uber,UberXL,2.4911972942885043,1.04,7.133979075605078
2022-02-22 15:10:00,Bronx,Staten Island,40.671056979199584,-73.90911943560447,40.69844334458355,-73.98418723669603,Uber,UberSUV,2.2488175789463862,1.26,8.108642761576782
2022-01-02 10:01:00,Central Park,Central Park,40.768279303858115,-73.99462694827282,40.62902317988869,-74.0230088987305,Lyft,Lyft,9.940434968281433,1.11,22.084294925886685
2022-01-12 11:20:00,Williamsburg,Lower East Side,40.77091596591278,-73.90705085244588,40.67071654539911,-74.0297241282389,Uber,UberSUV,9.389475341051387,1.06,20.067476757650322
2022-02-13 01:51:00,Times Square,Manhattan,40.79534896541836,-74.0437239155411,40.78498480263144,-73.96371928211893,Uber,UberPOOL,11.85500760406093,3.14,72.99326678431481
2022-03-14 03:25:00,Bronx,Staten Island,40.613482734778984,-74.01623801176595,40.64932071305684,-73.95851341626192,Uber,UberXL,14.493765559623311,1.29,35.944675750849626
2022-03-21 10:00:00,Financial District,Manhattan,40.786790513816115,-73.92102544687134,40.63053857709636,-74.08622195845452,Uber,UberBLACK,13.10759223374731,1.38,35.10483524449975
2022-03-22 06:20:00,Times Square,Upper West Side,40.71661118733728,-73.96617192685794,40.7444641353373,-74.03130848157744,Uber,UberX,6.568379106504543,1.82,25.47028745421697
2022-01-23 14:36:00,Brooklyn,Brooklyn,40.69581473643943,-74.06201308441244,40.72765677723454,-73.97629546124486,Lyft,Lyft XL,12.545718609883448,1.0,24.455007567296033
2022-02-12 19:37:00,Bronx,Manhattan,40.729108660663705,-74.09775489507268,40.62223922825968,-74.02292409828985,Lyft,Lyft XL,2.770557820236858,1.53,11.243168563684188
2022-02-08 21:46:00,Central Park,Upper East Side,40.640902689045184,-74.03736023370307,40.7261300477379,-73.99657713556056,Lyft,Lyft,1.5982734833371524,1.0,5.296978595840017
2022-01-18 18:03:00,Upper East Side,Harlem,40.617714612609014,-73.97276778359013,40.71623194667371,-74.07998706548084,Lyft,Lyft Black,4.999026658408378,1.7,19.122104308764925
2022-02-01 12:23:00,Staten Island,Williamsburg,40.77308971276665,-74.00274509680148,40.688828233542196,-74.02048840842453,Uber,UberX,1.403448386943198,1.0,4.956034677150596
2022-01-06 06:51:00,Williamsburg,Williamsburg,40.63322774620282,-74.07639613222234,40.61566076630248,-73.96268797286457,Lyft,Lyft XL,5.429076870769841,1.14,13.681008357185833
2022-01-21 00:01:00,Queens,Williamsburg,40.73927542282095,-73.93473404802558,40.759267797259916,-74.05218361858152,Lyft,Lyft Shared,6.155788134197045,1.03,13.670808111890173
2022-03-12 20:26:00,Staten Island,Manhattan,40.800013467478834,-73.98986546917284,40.745359708465834,-74.06678669271355,Lyft,Lyft Black,12.765383515631354,2.66,66.07286026526396
2022-03-27 12:07:00,Bronx,Williamsburg,40.806484709804,-73.90717482185394,40.66086982956664,-74.0087518270214,Uber,UberXL,8.055390547965422,1.3,21.576013496621336
2022-01-29 01:04:00,Central Park,Brooklyn,40.781278447108775,-74.00415235755281,40.78694384798893,-73.94941837333792,Lyft,Lyft XL,5.850931661204845,1.79,22.803043428724177
2022-03-03 13:31:00,Times Square,Manhattan,40.77632589496154,-73.9778201309883,40.71689931929498,-74.04596185432548,Uber,UberPOOL,7.768463950025714,1.31,21.08420360543395
2022-01-24 19:31:00,Times Square,Lower East Side,40.62358953537635,-74.09415240374827,40.754288803403725,-73.9132658317613,Lyft,Lyft,12.294791444805634,2.35,56.43732981676317
2022-03-13 04:32:00,Queens,Manhattan,40.74022492056343,-73.98996419969065,40.78944737582211,-74.07463168933886,Lyft,Lyft Black,13.190999760185925,1.0,25.58424958032537
2022-02-02 20:33:00,Times Square,Manhattan,40.72402779736171,-74.04741067311076,40.681174375058866,-74.01949283783253,Lyft,Lyft,4.556997640545927,1.26,13.198179797403771
2022-01-02 06:18:00,Queens,Staten Island,40.80369554663967,-73.94956742241305,40.65190630470258,-73.93764382855366,Uber,UberX,10.63950165594854,1.15,24.286997082596436
2022-02-11 01:53:00,Lower East Side,Times Square,40.70966483947658,-73.97218992923845,40.676003228608394,-74.05057563408475,Lyft,Lyft,10.035065874713256,1.01,20.26197893355568
2022-03-06 14:44:00,Bronx,Financial District,40.686013633156946,-73.97397240538633,40.70162656900526,-74.037546443418,Lyft,Lyft Black,11.588562573489996,1.02,23.235584193679646
2022-01-06 23:26:00,Brooklyn,Upper West Side,40.6801048760377,-74.00624458052161,40.68793527270008,-73.97985421600808,Uber,UberSUV,7.312420007983619,1.09,16.673441165228752
2022-02-08 23:41:00,Staten Island,Staten Island,40.806517127459045,-73.91309103431176,40.789167398594806,-73.97083948136446,Uber,UberX,10.865463165394424,1.0,21.51456053944024
2022-02-14 04:02:00,Upper East Side,Upper East Side,40.73884048001928,-73.92336488276328,40.734508002236076,-74.0549315930399,Uber,UberXL,13.824298863509892,1.1,29.361775312256544
2022-01-28 04:57:00,Upper West Side,Brooklyn,40.770289676236324,-74.05364180048429,40.76777505818757,-73.99979171390322,Uber,UberX,12.966292289995383,1.0,25.191011507491922
2022-03-09 04:28:00,Manhattan,Financial District,40.697863978500344,-73.92513987536569,40.662021970589294,-73.92753298677304,Uber,UberPOOL,4.768143056365948,1.17,12.687772907909276
2022-02-06 08:54:00,Upper East Side,Harlem,40.6772369678936,-74.02673626837134,40.73636910926101,-73.91639216113361,Uber,UberX,1.810225018784071,2.11,11.95925588186018
2022-01-15 01:00:00,Staten Island,Financial District,40.68192351291493,-74.07578177336698,40.79891312078258,-73.9973084412887,Lyft,Lyft,14.995016713677787,2.3,66.10494227255309
2022-01-01 06:33:00,Upper East Side,Queens,40.76014027666587,-73.93718604415778,40.65523389227133,-74.06408482520789,Uber,UberPOOL,13.37190748935832,1.0,25.90083810637706
2022-01-12 20:08:00,Williamsburg,Financial District,40.63731766186921,-74.02522784868444,40.66489959358146,-73.9855501167183,Uber,UberX,13.936557433180699,1.01,27.157865263146885
2022-02-19 13:27:00,Central Park,Financial District,40.67644822229599,-74.07156122079478,40.795905128437006,-74.05957726300704,Lyft,Lyft Shared,4.190325875108142,1.0,9.833070281439248
2022-02-22 07:04:00,Upper East Side,Central Park,40.72615294442847,-74.10590326671151,40.720460912514525,-73.95506450857978,Uber,UberX,7.329434206408978,2.07,31.725875412716523
2022-02-08 10:02:00,Queens,Upper West Side,40.61336554350701,-74.03830184809449,40.6235529373711,-73.97374782180916,Uber,UberSUV,6.731083559652628,1.27,18.134833211327965
2022-01-16 10:17:00,Harlem,Brooklyn,40.78292492609189,-73.90766697288154,40.736732841132124,-74.08373163827609,Lyft,Lyft Black,5.540787189059018,1.0,12.196377580853282
2022-03-31 06:55:00,Upper East Side,Staten Island,40.651276721135936,-74.066422872961,40.80441774057835,-73.95413919708723,Lyft,Lyft XL,8.595954516157235,1.3,22.805796524257712
2022-03-20 12:00:00,Brooklyn,Harlem,40.69643586354081,-74.06987815790482,40.67890621328282,-73.92898103030878,Lyft,Lyft Black,12.166349570738184,1.0,23.79111174879182
2022-03-17 17:15:00,Times Square,Williamsburg,40.68038346348637,-73.984661314542,40.614064731532,-73.90780441014941,Lyft,Lyft Black,14.68944448083658,1.4,39.48913897804962
2022-02-17 17:44:00,Financial District,Upper West Side,40.713981924937734,-73.91527571273801,40.76786382477762,-73.97511399566194,Uber,UberXL,5.973799001499616,1.28,16.58130976335914
2022-03-03 17:36:00,Brooklyn,Central Park,40.6786157000499,-73.93965107089768,40.773730629033636,-74.01648414715822,Uber,UberBLACK,9.985059610899642,1.66,33.15659816966346
2022-01-29 01:03:00,Financial District,Financial District,40.800372872664155,-74.01979012077197,40.68123058556039,-73.96219353348084,Lyft,Lyft,5.5357007042115525,2.39,29.128068195364822
2022-02-14 16:36:00,Upper East Side,Staten Island,40.704578392715604,-73.97798245688918,40.68147248947574,-74.10342250032188,Lyft,Lyft,2.4120687389088795,2.67,17.945391182551738
2022-03-15 17:48:00,Lower East Side,Manhattan,40.72399898851827,-74.06022656221955,40.67174552143742,-73.98295800014567,Uber,UberSUV,6.844482017856944,2.02,29.245243933124293
2022-02-17 02:24:00,Upper West Side,Williamsburg,40.660580210813805,-74.07380212712866,40.66086909106697,-74.07864364397368,Lyft,Lyft XL,6.793994806794972,1.13,16.260124730437056
2022-03-08 18:39:00,Harlem,Lower East Side,40.685312126347064,-73.92880731271906,40.74814599611218,-74.10580427544141,Uber,UberPOOL,8.31726930512113,1.14,19.442952263716652
2022-02-01 17:33:00,Lower East Side,Bronx,40.69781305204037,-74.0129456560851,40.74507462264826,-74.05087526536887,Uber,UberX,3.126678226863085,1.84,14.667903890499133
2022-02-09 08:31:00,Upper West Side,Brooklyn,40.78363669013918,-73.96678373743198,40.75208723865278,-73.98009696271913,Lyft,Lyft Black,5.444579338636652,2.1,25.2588290694897
2022-02-27 23:31:00,Financial District,Central Park,40.748347064894844,-73.93575785736417,40.80335861146841,-73.93220030574695,Lyft,Lyft Black,8.067531791034838,1.89,31.408361398847727
2022-02-06 23:39:00,Upper West Side,Upper East Side,40.76975815838354,-74.04785617351254,40.78542992196904,-74.08978934644323,Uber,UberXL,9.884101205835226,2.13,42.167987244750805
2022-02-21 08:56:00,Bronx,Upper West Side,40.78652194335364,-74.09886176434215,40.809358158568614,-74.04592836110258,Lyft,Lyft Black,6.58940175868028,2.02,28.34353521693479
2022-01-25 03:30:00,Financial District,Brooklyn,40.76690636772387,-74.02339334483973,40.77685769665509,-74.00089109247249,Lyft,Lyft,1.0388693002178364,1.67,7.211095529886626
2022-03-20 01:20:00,Staten Island,Central Park,40.73789732652959,-73.93296201036708,40.728576297099174,-74.04531633281658,Lyft,Lyft Shared,8.394905544241041,2.46,42.29006836795768
2022-03-13 11:06:00,Brooklyn,Times Square,40.79735980291595,-73.91593786644948,40.62428422708276,-74.00752930536918,Lyft,Lyft,4.018411160840667,1.0,9.532219531471167
2022-01-20 07:13:00,Upper East Side,Upper East Side,40.72937333042757,-74.08188961868379,40.739692285920576,-74.08260437287538,Lyft,Lyft,3.0260035907631737,1.9,14.811461939287552
2022-03-03 01:17:00,Manhattan,Brooklyn,40.709051811601114,-74.06166094598228,40.77698118389032,-73.9094532590038,Uber,UberSUV,4.365894592806644,1.27,12.878200732512767
2022-01-24 10:19:00,Lower East Side,Williamsburg,40.70797643634738,-73.91425105629021,40.66449091418655,-73.96572833417598,Lyft,Lyft XL,7.476078193437401,1.0,15.583136838515452
2022-01-21 11:34:00,Bronx,Central Park,40.74219534957669,-73.96052428234461,40.78852543547214,-74.05061201996897,Uber,UberBLACK,6.358500898243095,1.0,13.627376571925417
2022-01-30 23:28:00,Harlem,Central Park,40.790107914402725,-74.10257571331879,40.68264040576297,-74.09627274857607,Uber,UberX,3.3737020034092753,1.96,16.471797871693816
2022-03-07 05:27:00,Upper West Side,Upper West Side,40.74132234816062,-74.00315137760643,40.7108879188907,-74.01408465781616,Lyft,Lyft Black,11.090611158968967,1.0,21.90856952819569
2022-03-06 15:54:00,Lower East Side,Upper East Side,40.711948029095794,-73.90977980498515,40.68707211109036,-74.07318951085001,Lyft,Lyft XL,12.498428949009377,1.14,27.784365753273704
2022-01-15 03:01:00,Central Park,Lower East Side,40.614204604079326,-73.90934952701281,40.745828908191164,-74.00183203245491,Lyft,Lyft Shared,13.045272671089956,1.0,25.32922717440742
2022-02-21 23:42:00,Upper East Side,Upper East Side,40.67849757393034,-74.10211387284161,40.6490256160317,-74.01969994475881,Uber,UberBLACK,13.218890791980046,1.28,32.810315374035305
2022-01-20 22:53:00,Central Park,Staten Island,40.73737248692067,-73.96367535571548,40.78732851725883,-74.02663412141986,Lyft,Lyft Black,11.049880022909768,1.28,27.95173125131788
2022-02-03 02:50:00,Queens,Brooklyn,40.672162096009394,-74.10202439959573,40.75544540975803,-74.0641168490167,Uber,UberX,4.438245404734078,1.0,10.266929458284636
2022-02-19 15:01:00,Bronx,Times Square,40.74761810934548,-73.9775144807333,40.786548125153445,-74.02312789582726,Uber,UberBLACK,3.0881165828879213,1.06,8.378456261257094
2022-02-14 13:31:00,Upper East Side,Brooklyn,40.65474145568071,-73.94515978465915,40.681661504832526,-73.91790287565779,Lyft,Lyft Shared,11.967506096090132,1.13,26.49074330501823
2022-03-15 11:55:00,Times Square,Bronx,40.66300926210184,-74.0209554005475,40.73622259943034,-73.96751069918268,Lyft,Lyft Shared,8.200744155804234,1.6,26.962083636251858
2022-01-28 16:49:00,Harlem,Manhattan,40.80961104621432,-73.96279872636487,40.725611315605434,-74.02210259111806,Uber,UberX,1.4367976568238754,1.88,9.427064290950549
2022-01-18 05:55:00,Brooklyn,Upper West Side,40.69543092968911,-74.00920143759788,40.742457851382845,-74.0379647938081,Lyft,Lyft Shared,4.9848790261674125,1.25,14.029422869741214
2022-01-18 04:07:00,Staten Island,Financial District,40.68564898877452,-74.10150411222945,40.76574269335412,-74.04345586790363,Lyft,Lyft Black,4.304495989636261,1.01,10.133196661682092
2022-01-11 23:47:00,Central Park,Harlem,40.61499080387064,-73.92069420421623,40.800006754529605,-73.92485702474815,Lyft,Lyft,6.939708496547296,1.0,14.644489868957768
2022-01-12 21:39:00,Staten Island,Staten Island,40.71961276718218,-73.99741818252583,40.72709747003503,-74.06257513371297,Uber,UberBLACK,10.85385755495629,1.0,21.494250721173508
2022-01-13 13:26:00,Harlem,Williamsburg,40.74245145434092,-74.00243677456196,40.613063966780956,-73.94127214211997,Uber,UberBLACK,10.866941245290887,1.0,21.51714717925905
2022-03-07 13:25:00,Staten Island,Brooklyn,40.62599809478412,-73.91352843908714,40.74019078868191,-74.07841009346065,Uber,UberXL,10.86588541414045,1.0,21.515299474745788
2022-01-17 09:22:00,Bronx,Financial District,40.78109824000463,-73.97740099664827,40.72973733867319,-74.08820854559151,Lyft,Lyft XL,9.865442827597901,1.22,24.112720436921517
2022-03-08 02:48:00,Lower East Side,Bronx,40.67176622869067,-74.05186491583072,40.62775029002461,-74.00465844032767,Lyft,Lyft Shared,3.352825581994802,1.28,10.710329303668358
2022-02-21 22:13:00,Williamsburg,Upper East Side,40.74053450030636,-74.09216016117422,40.686707846773295,-73.95540845932021,Uber,UberBLACK,3.912138020975588,1.0,9.346241536707279
2022-01-05 05:17:00,Central Park,Brooklyn,40.73776569041461,-73.98543950126474,40.74789526686473,-74.03908750263696,Uber,UberPOOL,6.879404036188985,1.26,18.31908589979671
2022-03-21 18:43:00,Times Square,Upper West Side,40.62028481849321,-73.92234653712971,40.75034378426477,-74.00095179577194,Lyft,Lyft Black,14.631802165390603,1.81,50.87123335887473
2022-03-31 17:47:00,Times Square,Brooklyn,40.79020990550123,-74.09701141298223,40.61657138147546,-73.90898898190163,Lyft,Lyft Black,7.244721011509782,2.14,32.481480188104136
2022-02-28 20:18:00,Williamsburg,Bronx,40.626734962597816,-74.06512134118653,40.7184307813952,-74.09630641054255,Lyft,Lyft Shared,7.503318720625103,1.0,15.63080776109393
2022-02-07 11:36:00,Financial District,Times Square,40.69118656192799,-73.92222505251489,40.74131049599316,-73.99713226959231,Lyft,Lyft Black,13.685469390380158,1.41,37.29389572076303
2022-03-31 09:02:00,Brooklyn,Brooklyn,40.693785680836896,-74.05692695760541,40.72408298189834,-74.07014677910918,Lyft,Lyft Black,5.166479794043047,2.22,25.62177399985724
2022-02-07 06:25:00,Upper East Side,Brooklyn,40.723161690648155,-73.90639078690813,40.72513321322516,-74.10541778430007,Lyft,Lyft,8.20933863809087,1.0,16.866342616659022
2022-02-26 16:46:00,Williamsburg,Bronx,40.733246609387635,-74.0550272024121,40.733762347597434,-73.98888011567063,Lyft,Lyft Black,10.530436245258779,1.36,28.462438263715892
2022-01-21 02:51:00,Queens,Central Park,40.68575978235066,-74.07258812651273,40.685556015910926,-74.06388101171991,Lyft,Lyft XL,3.4882985447842234,1.0,8.604522453372391
2022-01-03 02:25:00,Upper West Side,Brooklyn,40.69842048666882,-73.93486746636805,40.66409741873532,-73.9960096651398,Uber,UberPOOL,7.192176537073093,1.0,15.086308939877911
2022-01-16 23:57:00,Brooklyn,Lower East Side,40.76904221531562,-74.00199374757256,40.80363898548008,-74.05722074029019,Lyft,Lyft,5.423294926752043,2.74,32.85469917377605
2022-02-26 11:03:00,Queens,Central Park,40.67122268506174,-74.04548103344065,40.70808111196992,-73.96350889558643,Lyft,Lyft,7.849764396997849,1.0,16.237087694746236
2022-03-13 02:09:00,Queens,Lower East Side,40.72141703144783,-73.92200021348135,40.617760909622184,-73.98303255696023,Lyft,Lyft Black,14.792793174997971,2.82,80.05243431861498
2022-03-16 16:08:00,Queens,Times Square,40.626789178861905,-73.94273968792662,40.766923385607,-73.93447087016798,Uber,UberSUV,4.309208399051175,1.97,19.780995955728923
2022-03-05 05:39:00,Bronx,Queens,40.685645754944545,-73.93229809973035,40.775350231740916,-73.9361096699865,Lyft,Lyft,9.782110459225347,1.18,23.150058098300338
2022-01-23 06:59:00,Upper East Side,Times Square,40.665714176924816,-73.99481427114607,40.75567105098373,-74.10490657478842,Lyft,Lyft Black,10.03566400977219,1.03,20.664284377614376
2022-03-07 09:42:00,Staten Island,Upper East Side,40.652035158066106,-74.00864199055204,40.7063415738017,-74.02667676999005,Uber,UberSUV,2.90314397922595,1.23,9.324017415283857
2022-02-22 02:32:00,Lower East Side,Staten Island,40.65275608764948,-74.07316187535389,40.6981151668476,-73.94840844567744,Lyft,Lyft Black,5.225352905317632,1.15,13.391022721951733
2022-02-17 09:25:00,Financial District,Times Square,40.67676173478568,-73.93497706663284,40.73977743393069,-74.01656826147367,Lyft,Lyft,9.223659604157895,2.21,41.19750351908066
2022-02-08 01:10:00,Upper East Side,Staten Island,40.79422099520667,-73.99927569767874,40.77817914796841,-74.0914068477516,Lyft,Lyft Black,3.834050633575427,1.0,9.209588608756999
2022-03-14 10:09:00,Upper West Side,Lower East Side,40.63312382108025,-73.96484767547474,40.801260079346264,-74.0086091305974,Uber,UberXL,11.827563651691689,1.0,23.198236390460455
2022-03-29 02:49:00,Times Square,Staten Island,40.66335836389574,-73.95271622226153,40.714611005114016,-74.05958422396512,Lyft,Lyft Shared,12.90065764796702,1.6,40.12184141430765
2022-01-21 00:20:00,Financial District,Upper East Side,40.73502897000037,-74.09874708608248,40.657122135421616,-74.04752295270191,Lyft,Lyft XL,11.418392200455756,1.49,33.49845766268838
2022-02-20 11:13:00,Upper East Side,Upper East Side,40.68821776265068,-74.04468472238483,40.67235919884926,-74.07411950678419,Uber,UberBLACK,7.205445180712317,1.0,15.109529066246555
2022-02-03 22:01:00,Brooklyn,Queens,40.71818966338869,-73.94377691182108,40.71946070673293,-74.07357110040982,Uber,UberPOOL,6.046679401740026,1.0,13.081688953045045
2022-02-11 13:19:00,Bronx,Financial District,40.70819928835218,-73.98880920438353,40.79780583705961,-74.02236759110528,Lyft,Lyft XL,12.26180123774278,1.0,23.958152166049864
2022-03-04 08:11:00,Times Square,Harlem,40.65204585294694,-73.93784858956785,40.62794807751304,-73.93035431891649,Uber,UberX,1.9268917275776518,2.79,16.383048859897887
2022-02-28 07:41:00,Manhattan,Staten Island,40.74434633367843,-74.02209347348027,40.621135420089026,-74.07851397154757,Uber,UberSUV,7.245334061603129,2.17,32.93915609893788
2022-02-20 06:38:00,Lower East Side,Times Square,40.657916370228065,-74.0260115925441,40.73339573149038,-73.9848875034006,Uber,UberPOOL,12.230680171972326,1.07,25.576948622018183
2022-03-01 13:08:00,Central Park,Times Square,40.7634956296029,-73.97300141998433,40.76977402727395,-74.04701554309214,Lyft,Lyft Black,11.236549861905004,1.0,22.163962258333758
2022-01-27 01:39:00,Brooklyn,Financial District,40.68633218662438,-74.03115401007798,40.615390044148256,-74.07406670180308,Lyft,Lyft XL,12.333606068107668,1.0,24.08381061918842
2022-03-09 22:19:00,Upper West Side,Williamsburg,40.690476793284944,-73.93099872209179,40.63711022584593,-74.04052200641354,Lyft,Lyft XL,12.679957650593238,1.0,24.689925888538166
2022-03-02 17:02:00,Bronx,Times Square,40.760975812202524,-74.04715746014023,40.742115518030545,-73.93969979651442,Uber,UberXL,9.478996136801626,1.95,37.22207431683555
2022-03-08 00:01:00,Staten Island,Williamsburg,40.69300414313058,-74.05218753439176,40.811858744361146,-73.98347256258144,Lyft,Lyft,11.628131695385946,1.0,22.849230466925405
2022-02-01 08:45:00,Upper West Side,Lower East Side,40.73041028413915,-74.08267565098542,40.61590122088351,-73.97347644531824,Lyft,Lyft,5.9649907405109595,1.99,25.748080253829418
2022-01-02 18:30:00,Manhattan,Brooklyn,40.77603350546454,-74.00050978864247,40.739824535889035,-73.96764473486334,Lyft,Lyft Black,8.274492695599932,2.09,35.48895703415675
2022-03-09 02:14:00,Brooklyn,Queens,40.75525596111204,-73.9387037252752,40.717311033759366,-74.10297378464958,Uber,UberXL,10.509019254311486,1.02,21.308599368946005
2022-01-21 03:44:00,Williamsburg,Harlem,40.72438460699341,-73.9845548347518,40.68531989641053,-74.00418003055488,Uber,UberX,8.842882320548664,1.02,18.334544942179367
2022-01-31 20:14:00,Times Square,Financial District,40.76406474341763,-73.99406867551579,40.62870579565171,-74.04129327426972,Uber,UberSUV,5.575927856342633,1.26,15.444920923235507
2022-03-24 09:45:00,Brooklyn,Brooklyn,40.74847371234147,-73.99625764617377,40.65182333418495,-73.9120060209935,Lyft,Lyft XL,12.729690047310015,1.98,49.058376013929205
2022-02-06 23:58:00,Central Park,Williamsburg,40.64238175774844,-73.9373966694767,40.7048302212942,-74.06241151687856,Lyft,Lyft,7.6404120434582445,1.65,26.186689775485682
2022-02-27 08:30:00,Harlem,Upper East Side,40.71434780454459,-73.91197301184957,40.805665110883766,-74.0862951123397,Uber,UberBLACK,14.974005877544544,1.64,47.075396868552836
2022-03-07 10:24:00,Financial District,Financial District,40.742687633769094,-74.0219458744849,40.7452107353294,-73.97621990327566,Uber,UberBLACK,3.685225027245039,1.34,11.991852688889617
2022-01-03 11:40:00,Upper East Side,Queens,40.787490601103194,-73.96603074320448,40.69612791322209,-73.9565782468703,Lyft,Lyft,2.514904215872166,1.0,6.901082377776291
2022-01-06 05:36:00,Manhattan,Staten Island,40.670695676813146,-74.03888081948374,40.68354948412774,-74.03686731861,Uber,UberXL,6.334328368766489,1.22,16.573791067316453
2022-01-05 03:42:00,Central Park,Queens,40.67298650401653,-73.9317012042718,40.72236999987999,-73.97910709215414,Uber,UberPOOL,10.955043208416072,1.23,26.655730506115596
2022-03-22 21:02:00,Central Park,Queens,40.768152971968455,-73.97386099958698,40.63555895324958,-74.05184199981113,Lyft,Lyft Shared,9.764622371846732,1.12,21.938659848819597
2022-01-02 17:02:00,Brooklyn,Williamsburg,40.70568765610245,-74.04080605012459,40.80008653555183,-74.0008060550085,Lyft,Lyft XL,1.0815615059785304,1.55,6.8087355849667635
2022-03-05 01:42:00,Bronx,Bronx,40.79473055514546,-74.06593490231113,40.7323295189133,-73.94905872581793,Lyft,Lyft XL,1.3268851893038773,1.56,7.522396566799586
2022-03-02 18:26:00,Manhattan,Williamsburg,40.8021095841397,-74.070877163426,40.66960423816383,-74.02483235416109,Uber,UberSUV,6.09744982653658,1.98,26.077663648949247
2022-01-04 02:25:00,Upper East Side,Williamsburg,40.80098140401314,-74.07257279719431,40.78481754091181,-73.95737300524175,Uber,UberXL,11.169117504292144,1.0,22.04595563251125
2022-03-22 12:26:00,Lower East Side,Williamsburg,40.79963036431399,-74.05883292384364,40.64821182191022,-73.94676363372895,Uber,UberXL,6.231621367357649,1.01,13.539390766804646
2022-03-23 06:21:00,Queens,Williamsburg,40.79826140567673,-74.02619712332415,40.75876395185507,-73.91072425629696,Lyft,Lyft XL,9.453596134375347,1.19,22.66211394983666
2022-01-31 17:58:00,Lower East Side,Central Park,40.65790211131653,-73.95430133666707,40.74612801808828,-73.98656689325824,Uber,UberX,13.53365969384582,1.33,34.82459293742615
2022-02-14 07:19:00,Staten Island,Financial District,40.720666676853064,-73.9664897452781,40.678275098032145,-73.94710059562937,Uber,UberXL,3.229209257117489,1.57,12.797252433930302
2022-03-26 16:04:00,Bronx,Staten Island,40.64385722773724,-73.96365076147444,40.65104759587525,-73.99980224185957,Lyft,Lyft,7.541485936552943,2.17,34.0637928440598
2022-02-21 00:09:00,Williamsburg,Harlem,40.695406467859804,-73.95584481497933,40.75244178952382,-74.06740811094909,Lyft,Lyft,9.890992326465266,1.25,24.76154571414277
2022-02-21 06:53:00,Lower East Side,Lower East Side,40.749978137314365,-73.9500132484239,40.6655912363002,-73.91995983966119,Lyft,Lyft,10.431636885574415,1.2,24.906437459706268
2022-03-29 13:36:00,Lower East Side,Lower East Side,40.716912842390336,-73.93538130992106,40.739229789798635,-74.05295410952225,Lyft,Lyft XL,13.099289789041677,1.15,29.23732070044637
2022-02-01 00:42:00,Bronx,Queens,40.663111495598756,-73.95471097301107,40.66237936893445,-73.90617218460561,Lyft,Lyft Shared,6.502083750087972,1.11,15.405297684545888
2022-01-27 06:32:00,Brooklyn,Williamsburg,40.69006986199997,-74.0310643826067,40.716906363321584,-74.00933049236751,Uber,UberPOOL,2.9544003465308313,1.0,7.6702006064289545
2022-01-10 06:31:00,Staten Island,Upper West Side,40.70510076930824,-73.97425848290122,40.70214110811403,-73.9788382622583,Uber,UberBLACK,4.771852334943754,1.01,10.959249002013085
2022-03-26 05:00:00,Manhattan,Harlem,40.68266657564301,-73.90978378519948,40.72141380414623,-73.92992852718814,Uber,UberBLACK,7.823674870209888,1.0,16.191431022867306
2022-03-08 06:31:00,Williamsburg,Upper West Side,40.764431155373494,-74.03830790975843,40.6140578402485,-73.95753683262738,Lyft,Lyft XL,11.66919695838159,1.11,25.44241509165624
2022-03-06 04:53:00,Lower East Side,Upper West Side,40.65594066628709,-73.92493717408964,40.68848770862107,-73.91102118206679,Uber,UberSUV,2.6275492393044018,1.27,9.014728184354034
2022-01-22 18:18:00,Central Park,Central Park,40.74550610136107,-74.10499608226145,40.7343987551295,-73.97182550144305,Lyft,Lyft XL,6.048156294605525,2.28,29.832143615476042
2022-01-22 20:21:00,Williamsburg,Financial District,40.67652304511614,-74.05834479146824,40.805634244355254,-74.09718251276435,Lyft,Lyft Black,12.066217409530612,2.29,54.08036626869393
2022-01-12 12:19:00,Manhattan,Manhattan,40.71032240263763,-73.95286600265176,40.647750861665926,-73.99794800225692,Uber,UberPOOL,9.769882588338671,1.0,19.597294529592673
2022-03-21 23:36:00,Harlem,Manhattan,40.69060522640417,-74.07720159005096,40.72119731900256,-73.94911371184635,Lyft,Lyft XL,1.4646916148190348,1.0,5.06321032593331
2022-01-13 16:42:00,Upper West Side,Brooklyn,40.6482063158916,-74.00652018417357,40.68961326170215,-74.0279288220452,Lyft,Lyft Shared,14.754214869206972,2.15,60.88773344539123
2022-02-04 09:55:00,Upper East Side,Central Park,40.66729101074324,-74.03106327336839,40.78000947319294,-74.10239049251462,Lyft,Lyft Shared,11.09475405398421,1.37,30.024672844427144
2022-02-16 21:35:00,Queens,Brooklyn,40.70668274676913,-73.98033789460953,40.77052054286659,-74.08920804897282,Lyft,Lyft Shared,3.5457956909146384,1.0,8.705142459100617
2022-03-07 21:48:00,Lower East Side,Brooklyn,40.738939106473076,-73.91594517601048,40.80106360326801,-74.04969557284635,Uber,UberX,2.0135538825152017,1.0,6.023719294401603
2022-02-10 13:52:00,Bronx,Queens,40.7456505326653,-73.98048485917298,40.77800292451304,-74.08059816798378,Lyft,Lyft XL,14.012471975690039,1.0,27.02182595745757
2022-02-27 20:08:00,Upper West Side,Central Park,40.77534882566739,-74.06468537297222,40.64063364060768,-73.99191013028569,Uber,UberPOOL,9.834331490950262,2.31,45.530285052166434
2022-01-20 00:54:00,Manhattan,Williamsburg,40.68129208003803,-74.00306291108755,40.7677207284479,-74.04023230997069,Lyft,Lyft Black,12.861313549928612,1.2,30.008758454850085
2022-02-19 16:04:00,Staten Island,Queens,40.65661761102164,-74.0098306651136,40.736531542560094,-73.95681797065083,Lyft,Lyft Shared,14.691951554818246,1.34,37.80262639604879
2022-02-10 11:44:00,Manhattan,Staten Island,40.78942498951163,-74.00843228597672,40.77861307975434,-73.9459352361244,Lyft,Lyft Shared,5.9396082057993125,1.13,14.57057522696814
2022-02-18 07:44:00,Times Square,Central Park,40.62071741572849,-74.07596140229985,40.65849389294634,-73.92465124936341,Lyft,Lyft XL,4.195682841446736,2.15,21.16125669094334
2022-03-22 12:51:00,Lower East Side,Bronx,40.6762727267441,-73.99958038636231,40.71884450456031,-73.95714881646722,Uber,UberSUV,4.76735870675636,1.13,12.2524518426107
2022-01-31 05:17:00,Harlem,Central Park,40.67159013110924,-74.07987813833537,40.68227056398885,-74.08611768409197,Lyft,Lyft Shared,3.0142312177319344,1.0,7.774904631030886
2022-01-16 09:01:00,Williamsburg,Upper West Side,40.71912397196067,-74.02197601858289,40.67225510830244,-74.03251718093982,Uber,UberSUV,8.076134671217769,2.13,35.42879198696423
2022-01-09 12:53:00,Queens,Lower East Side,40.7599987409593,-74.04691989657957,40.6590303790041,-73.95069105403871,Uber,UberX,4.575715726972457,1.0,10.5075025222018
2022-03-18 01:08:00,Upper West Side,Times Square,40.72483750929963,-73.94048535194297,40.75470944206338,-74.04295258369841,Uber,UberXL,12.117255481056539,1.0,23.705197091848945
2022-01-25 13:47:00,Harlem,Times Square,40.75031557196605,-74.04758696989177,40.785920085003816,-73.93115517473497,Lyft,Lyft,7.762626335100025,1.0,16.084596086425044
2022-02-17 19:08:00,Central Park,Financial District,40.68724131009679,-74.09992770642968,40.62550763864801,-73.9223441298237,Lyft,Lyft Black,11.661705389055074,2.17,49.71032621493664
2022-02-22 17:15:00,Brooklyn,Upper West Side,40.614516118680136,-74.05523337276968,40.738430357570635,-73.90619043259568,Lyft,Lyft,3.835534270310343,2.26,20.819538039077408
2022-01-20 07:50:00,Williamsburg,Brooklyn,40.631426477359874,-73.9343912631369,40.65094593437196,-74.08626260680805,Lyft,Lyft Shared,1.0298024262513523,1.44,6.195102114153408
2022-01-02 14:29:00,Manhattan,Financial District,40.66164735069178,-74.08425770134355,40.648216145079886,-73.9671394849636,Uber,UberBLACK,10.780005927523561,1.16,24.78341203287283
2022-02-16 05:14:00,Harlem,Brooklyn,40.788831844808634,-73.996238887301,40.73924790106562,-73.9222080852719,Lyft,Lyft XL,7.462474695989069,1.21,18.82679016875685
2022-01-09 06:50:00,Williamsburg,Manhattan,40.80710972387079,-74.09163452125708,40.72812250731539,-74.0489050142247,Lyft,Lyft XL,9.12770238414735,1.01,18.65821396398044
2022-01-09 23:32:00,Brooklyn,Upper East Side,40.66067954383981,-73.92472773400134,40.67753034870045,-73.98602708635488,Uber,UberPOOL,4.910577787742249,1.84,20.412060476530044
2022-03-06 17:43:00,Upper East Side,Financial District,40.71296136368793,-74.08990217599462,40.621495624656,-74.03613905665628,Lyft,Lyft Black,1.6550265988266517,2.19,11.817889440003142
2022-03-02 10:37:00,Queens,Staten Island,40.64635698602235,-74.00197494731805,40.77709978834829,-74.07150683418674,Uber,UberSUV,11.076538096230578,1.07,23.41581758519176
2022-02-19 16:35:00,Queens,Harlem,40.72026489609077,-73.99036077770891,40.65860668840367,-73.96871098085741,Uber,UberSUV,10.539088567336147,1.75,36.65095873746695
2022-01-11 17:33:00,Financial District,Staten Island,40.8032595501838,-74.04986727196935,40.63859571410164,-73.91909394262896,Uber,UberXL,2.820337686904172,2.61,19.406892384934807
2022-03-16 07:12:00,Brooklyn,Harlem,40.64321958944956,-73.94651355376362,40.65671569213938,-74.03561818391482,Uber,UberSUV,1.5955261017344728,2.15,11.378166957775955
2022-01-08 19:51:00,Upper West Side,Manhattan,40.691533348175014,-74.01421554873654,40.69852622067296,-73.98357421807938,Uber,UberBLACK,11.751829823727784,2.14,49.36060268986055
2022-03-25 13:26:00,Queens,Financial District,40.7982475307032,-73.94419676012055,40.737402474123705,-74.05939784352013,Lyft,Lyft Black,8.370161228538855,1.05,18.00517125744015
2022-03-12 18:44:00,Financial District,Bronx,40.722496532069655,-74.09184828091001,40.652862854727836,-74.02607196212925,Uber,UberPOOL,11.598321039870047,2.03,46.27803549413834
2022-02-05 16:41:00,Upper East Side,Williamsburg,40.76098437249449,-73.99191583703593,40.77579049010716,-74.09073790860249,Lyft,Lyft,5.653624920705676,1.97,24.41587191413282
2022-02-03 21:19:00,Manhattan,Upper East Side,40.76653242203294,-74.04956393400968,40.64059048263936,-74.09707551775391,Lyft,Lyft Black,7.0915616016620335,1.0,14.910232802908558
2022-02-08 17:19:00,Lower East Side,Manhattan,40.78325598544197,-73.93054441444642,40.64970187784708,-74.01710469757968,Uber,UberBLACK,14.69319016464045,1.93,54.451249781073116
2022-01-13 12:40:00,Lower East Side,Financial District,40.763975151899764,-74.04925018544793,40.77461509415697,-73.96834281173831,Uber,UberX,2.819148091721621,1.0,7.433509160512837
2022-02-11 14:39:00,Central Park,Upper West Side,40.80701348339328,-73.92236888066633,40.701185171554684,-73.9589432643532,Uber,UberSUV,1.8698949976124828,1.19,6.869056332527995
2022-02-06 20:12:00,Queens,Williamsburg,40.75164156219698,-74.10229540507531,40.67588993398219,-73.93785493114399,Uber,UberPOOL,7.926268651387609,2.78,45.51129698900072
2022-01-04 09:41:00,Upper East Side,Upper West Side,40.76521437223248,-74.10420047053941,40.80641377121043,-73.99954221499712,Uber,UberXL,2.704883504960974,2.63,19.02422633158288
2022-02-20 07:37:00,Queens,Harlem,40.634069697192174,-73.93067570085083,40.72018800927515,-74.10305682186439,Lyft,Lyft Black,3.6308898759668806,1.78,15.760221963636832
2022-01-13 00:26:00,Financial District,Lower East Side,40.6562713657126,-73.99112488904997,40.77104182158057,-73.93979095349444,Lyft,Lyft Shared,1.7983026054905924,1.0,5.647029559608537
2022-03-20 09:19:00,Williamsburg,Queens,40.63048198321784,-73.99183087500496,40.76652532601068,-74.0719604304897,Lyft,Lyft Black,1.3115712495149816,2.72,13.043079147691314
2022-03-20 08:18:00,Upper East Side,Williamsburg,40.73840089080996,-74.00344748738854,40.8054357950519,-74.09108258262965,Lyft,Lyft Black,7.071965086229466,2.29,34.065900083064584
2022-03-30 12:35:00,Manhattan,Bronx,40.795255674889525,-74.0276020458835,40.7726388748011,-73.90634461440156,Uber,UberX,11.882477406459667,1.0,23.294335461304417
2022-03-16 21:34:00,Harlem,Lower East Side,40.74176397112879,-74.09883815086667,40.808011440209455,-74.02487307984956,Lyft,Lyft XL,3.1940524264927097,1.0,8.089591746362242
2022-03-17 18:43:00,Brooklyn,Central Park,40.76712782870038,-74.0329553039911,40.80095888471462,-74.04080002376512,Uber,UberSUV,11.7316305126686,1.99,45.8304032603684
2022-02-05 05:45:00,Williamsburg,Times Square,40.76384320631166,-73.91192110366201,40.64556360367829,-73.93887478281228,Uber,UberBLACK,1.9634396472636564,1.0,5.9360193827113985
2022-02-16 18:31:00,Lower East Side,Upper East Side,40.71639710623454,-74.04740035553624,40.64497486892159,-73.9314934398356,Uber,UberXL,5.544705639478666,1.87,22.820049205193936
2022-01-11 06:11:00,Lower East Side,Bronx,40.71910058360052,-73.9088925116648,40.77305054702085,-73.93754552626099,Uber,UberPOOL,11.988109458188893,1.0,23.479191551830564
2022-03-20 08:12:00,Williamsburg,Upper West Side,40.808096836233155,-73.91373161124257,40.75216492572573,-74.03973269238446,Uber,UberBLACK,9.720008173665741,2.19,42.72693132557395
2022-03-29 18:39:00,Williamsburg,Brooklyn,40.66473806220376,-74.06523990069991,40.6370594225197,-73.96774077899303,Lyft,Lyft Black,13.435839895673778,1.43,37.198189338923626
2022-03-19 09:53:00,Upper East Side,Queens,40.71751792395415,-74.07549307489293,40.744063366705234,-73.92811085498656,Lyft,Lyft Black,9.143325817756462,2.38,44.031952030955665
2022-03-28 16:13:00,Central Park,Queens,40.793850145913105,-73.99587537498677,40.786840190379124,-74.02191657487525,Uber,UberX,4.645266406135493,1.18,12.542475128669793
2022-02-02 10:04:00,Queens,Bronx,40.7954857729415,-73.99307496242048,40.66959849118922,-74.0350733532594,Uber,UberSUV,9.01235550354545,1.13,20.646933008261126
2022-03-07 15:53:00,Bronx,Queens,40.79724318941141,-73.99252900102785,40.65577293597376,-73.9936710703568,Lyft,Lyft Shared,12.741428892445267,1.0,24.797500561779216
2022-02-11 04:29:00,Upper East Side,Central Park,40.628429745875685,-74.06520084351456,40.66422382919902,-74.01943569527727,Lyft,Lyft Black,8.870400071380379,1.0,18.02320012491566
2022-02-17 04:31:00,Upper East Side,Bronx,40.61522827198509,-74.0820450000184,40.75580637745709,-73.9302909901121,Lyft,Lyft Black,2.1651417953077177,1.27,7.987027640071402
2022-01-02 05:56:00,Lower East Side,Times Square,40.79607639992558,-73.93904272175327,40.71045297632087,-73.92866975512659,Uber,UberX,8.212386009875509,1.0,16.871675517282142
2022-01-23 12:29:00,Upper West Side,Central Park,40.80524375452829,-74.00601346682305,40.77342668073598,-74.08144653130053,Lyft,Lyft Shared,11.393134716234126,1.0,22.43798575340972
2022-03-02 19:27:00,Brooklyn,Central Park,40.70523445598158,-74.03942906307314,40.664340772699575,-73.94993612183414,Uber,UberSUV,3.0231189745188747,1.86,14.490252262058938
2022-03-24 16:41:00,Times Square,Harlem,40.7524455964449,-73.90896328167331,40.7107374747681,-74.07333601746876,Lyft,Lyft XL,10.960001222612005,2.61,56.58480558428033
2022-01-26 22:33:00,Staten Island,Staten Island,40.796123983507535,-73.99917886142295,40.71864944751679,-74.00480684262688,Uber,UberPOOL,4.6675232162159555,1.0,10.668165628377922
2022-02-13 14:20:00,Williamsburg,Brooklyn,40.74344580761282,-73.93141419612157,40.70009840380038,-74.03189460464824,Uber,UberSUV,14.411188116119515,1.05,29.105558163369608
2022-02-01 01:59:00,Times Square,Central Park,40.79101591414736,-73.94413255519588,40.75293014221003,-74.09941542647603,Lyft,Lyft,6.759709548640506,1.1,15.762440881132976
2022-03-18 22:16:00,Upper East Side,Manhattan,40.62474104981629,-74.0227809682194,40.63930974742467,-74.10138802713205,Uber,UberX,6.746492605828624,1.14,16.309252748628104
2022-01-16 02:35:00,Queens,Williamsburg,40.76741974011659,-74.05894113451095,40.80858393916202,-73.93816068108177,Uber,UberX,14.961911756427055,2.84,81.46070142944245
2022-02-09 07:04:00,Williamsburg,Williamsburg,40.70886681520752,-73.92210272650956,40.76368513880431,-73.93837913594002,Lyft,Lyft XL,10.464133955331613,1.57,32.67520804227361
2022-01-06 16:51:00,Harlem,Bronx,40.64696889603291,-74.09425775769887,40.65951534774056,-73.98607095221844,Lyft,Lyft XL,14.261908036761906,1.23,33.77375704913
2022-03-01 23:00:00,Upper West Side,Brooklyn,40.650430393061896,-73.95316238838922,40.628462026133434,-73.96476278567987,Uber,UberX,6.857906880874226,1.07,15.51643063443699
2022-02-18 10:47:00,Central Park,Upper West Side,40.73974407631717,-74.06801339351074,40.78647709087179,-74.09436333289243,Lyft,Lyft Shared,2.1475307279537694,1.0,6.258178773919097
2022-02-15 07:15:00,Times Square,Times Square,40.75784142608659,-74.01795411708908,40.72139396305285,-74.074698288088,Uber,UberBLACK,14.951314891615917,2.21,63.34921034332456
2022-03-06 07:45:00,Central Park,Upper West Side,40.77855504865732,-74.0724155329331,40.80285788679959,-74.00877139118809,Lyft,Lyft Black,14.098402748811324,1.52,41.301751311838125
2022-03-03 22:48:00,Bronx,Harlem,40.76095597754179,-73.92784696624193,40.79154232327048,-73.98936104397256,Uber,UberX,5.772379945763418,1.17,14.743947938950596
2022-01-24 13:14:00,Central Park,Upper West Side,40.76480907611818,-74.06227219125702,40.80811123205623,-74.00378927685313,Uber,UberX,5.123277127428454,1.02,11.695049672459792
2022-03-24 03:14:00,Staten Island,Bronx,40.68738137386084,-73.97574680130346,40.64626075778095,-74.00871808435627,Uber,UberBLACK,9.142576262763276,1.0,18.49950845983573
2022-01-15 20:44:00,Williamsburg,Financial District,40.77915828100642,-73.909410721218,40.788808203699354,-73.98965807891743,Lyft,Lyft XL,13.416063364471052,2.43,63.12680945741315
2022-03-02 06:55:00,Manhattan,Queens,40.79638616421926,-73.93804992945738,40.67165144419169,-73.9950524877473,Uber,UberX,10.565180696347312,1.08,22.66819151609642
2022-03-05 01:24:00,Financial District,Upper West Side,40.76493057199228,-74.06764201362955,40.79806904640897,-74.07260189189881,Lyft,Lyft Shared,2.100173376449157,2.73,16.858578305985848
2022-03-06 15:13:00,Harlem,Bronx,40.78125747455888,-74.07218770514699,40.75909774202578,-73.92326767129902,Uber,UberBLACK,10.350803503746771,1.09,22.46915768339697
2022-01-05 04:22:00,Bronx,Upper East Side,40.793332844774575,-73.90814430264145,40.68232962988636,-74.06753485385117,Uber,UberPOOL,9.914038709480243,1.0,19.849567741590427
2022-03-16 15:31:00,Upper East Side,Upper East Side,40.788821694866925,-74.0711263999339,40.76377777399087,-74.04747265900853,Uber,UberBLACK,7.704399184931074,1.0,15.982698573629378
2022-01-13 19:26:00,Bronx,Lower East Side,40.70107946813144,-74.07171273140446,40.62737914512856,-73.9637209235645,Uber,UberSUV,12.288795893722678,2.07,49.6911631250104
2022-03-27 09:57:00,Bronx,Times Square,40.74623518377473,-74.06557236106659,40.74705433355045,-73.95126296216404,Lyft,Lyft,3.2573346513075765,2.3,18.860771971512992
2022-01-14 14:27:00,Financial District,Queens,40.687530378676726,-74.06509463122829,40.71258083716291,-73.96397222607365,Uber,UberSUV,4.582471437237236,1.4,14.727055021231225
2022-03-04 00:32:00,Lower East Side,Harlem,40.62167368354468,-74.04453527876686,40.657114759279246,-74.10049300769634,Uber,UberPOOL,1.5054844389796043,1.08,5.545365589671452
2022-02-18 13:50:00,Lower East Side,Manhattan,40.6333906191462,-73.98372247637825,40.707292654413806,-73.91841845662441,Uber,UberX,9.519935939205544,1.0,19.159887893609703
2022-01-02 01:44:00,Financial District,Times Square,40.716501148782456,-73.96833991609948,40.613990771360484,-74.00928129738631,Uber,UberBLACK,4.29696198059944,1.63,16.3320840496599
2022-01-28 13:26:00,Upper West Side,Financial District,40.73468601467644,-73.93297779853914,40.79988857584882,-74.03799019517352,Uber,UberBLACK,1.8782990750550144,1.3,7.523130395750158
2022-01-02 06:52:00,Upper East Side,Central Park,40.70824255519652,-74.01203316698084,40.648765544296026,-73.99386748832532,Uber,UberSUV,11.020894277537112,1.28,27.88680318168313
2022-02-22 01:36:00,Bronx,Upper West Side,40.807321051954894,-73.99502819135239,40.66474923383291,-73.98149839410549,Lyft,Lyft,10.161675310895008,1.0,20.282931794066265
2022-03-08 23:57:00,Staten Island,Upper East Side,40.61765914864481,-73.99970586120295,40.717978369396796,-74.01297560414976,Lyft,Lyft Black,11.001480107869444,1.1,23.927849207648684
2022-03-31 14:17:00,Queens,Harlem,40.62946264360826,-74.0108189099554,40.71021266672772,-74.01813971051558,Lyft,Lyft Black,14.635665241042155,1.13,31.76702801416086
2022-02-26 21:30:00,Manhattan,Brooklyn,40.68405155716368,-74.04058957313701,40.72817179067465,-73.9522364391964,Lyft,Lyft Black,7.206855487519154,2.01,30.37511417734862
2022-02-13 03:51:00,Lower East Side,Central Park,40.6700504865748,-74.09284534528744,40.796369308651386,-73.99704564458577,Lyft,Lyft Shared,5.136205528581961,1.05,12.062777658769354
2022-02-17 16:45:00,Upper West Side,Central Park,40.760148255180226,-74.08884638252812,40.72829194366933,-73.97709702441242,Lyft,Lyft Black,3.7280534450320046,2.44,22.01878821028666
2022-01-31 18:53:00,Harlem,Upper East Side,40.637354722229176,-73.91611644683434,40.677978935419034,-73.92567782675637,Lyft,Lyft Shared,14.603050970659341,1.21,33.946960430371156
2022-02-06 07:25:00,Staten Island,Brooklyn,40.70657254437773,-74.04136161070993,40.710412879830216,-73.96305003965645,Lyft,Lyft,12.22622354321841,1.55,37.038631360979934
2022-03-12 16:28:00,Harlem,Brooklyn,40.777634113349684,-74.04993010054876,40.77261334619782,-74.02340848765473,Lyft,Lyft,1.994866239748435,1.75,10.484277859229582
2022-03-28 20:22:00,Staten Island,Financial District,40.67539729435574,-74.08334111780171,40.78070039653728,-74.02202475067597,Uber,UberSUV,8.748732392691654,1.0,17.810281687210395
2022-03-28 02:55:00,Manhattan,Harlem,40.75838078016414,-74.09314057669587,40.81164191655402,-74.02545735415165,Uber,UberBLACK,9.856468985247663,1.29,25.4759787341966
2022-03-16 06:03:00,Staten Island,Williamsburg,40.79284404799779,-74.08454521331335,40.630197563552116,-74.01109434855792,Lyft,Lyft Black,11.822380947147078,1.0,23.189166657507386
2022-01-03 15:54:00,Staten Island,Upper West Side,40.697890461629164,-73.9416399888122,40.71272550125097,-74.04685608746071,Uber,UberBLACK,4.354109081520189,1.0,10.11969089266033
2022-01-19 20:28:00,Upper West Side,Bronx,40.76074883246108,-74.03620102085598,40.662587098401566,-74.10191265036374,Uber,UberSUV,7.793661898860051,1.0,16.13890832300509
2022-02-09 08:06:00,Upper West Side,Staten Island,40.669919386896204,-74.08152191984297,40.66397858199049,-73.95261766462552,Uber,UberXL,13.598244722089998,1.83,48.12337872249322
2022-01-17 15:01:00,Times Square,Williamsburg,40.64722969479476,-74.03576437846516,40.75490338670239,-73.90762085239083,Lyft,Lyft XL,1.6760935109172368,1.46,7.932418920393539
2022-03-14 14:41:00,Queens,Williamsburg,40.65433486949278,-74.04078452792109,40.75668728221165,-73.912760640883,Lyft,Lyft Black,2.3017752901406823,1.0,6.528106757746194
2022-01-27 01:26:00,Upper East Side,Williamsburg,40.63702368250682,-73.94040043006935,40.74417311788309,-73.93857170517087,Uber,UberXL,8.192503747859062,1.08,18.183832083453627
2022-01-17 23:38:00,Brooklyn,Staten Island,40.70369564495836,-73.97462841005994,40.62341332763603,-74.08812797464404,Lyft,Lyft Shared,9.601010215155675,1.27,24.51324520318349
2022-01-10 00:44:00,Staten Island,Central Park,40.62653362172236,-73.96683075152671,40.63934417393341,-73.97628105461177,Lyft,Lyft XL,12.277634361428204,1.0,23.985860132499358
2022-02-02 03:29:00,Queens,Central Park,40.80100043929367,-73.99433812410545,40.72419566289231,-73.95463618627087,Lyft,Lyft,3.9311408674508184,1.0,9.379496518038932
2022-02-14 19:48:00,Williamsburg,Upper East Side,40.69534433762063,-73.94082142810724,40.73946937565405,-73.93497021637685,Lyft,Lyft XL,7.099170670721547,1.61,24.02691336475796
2022-02-13 05:53:00,Upper West Side,Bronx,40.66916194447512,-73.99387511015841,40.68064462557839,-74.07507604705008,Uber,UberXL,8.792947354228058,1.0,17.8876578698991
2022-01-17 09:31:00,Lower East Side,Williamsburg,40.79835339073197,-74.06012680898182,40.71612174815386,-73.92116668850429,Uber,UberX,3.1517107529477926,2.02,16.191297511670445
2022-03-13 22:36:00,Upper West Side,Bronx,40.6560345655581,-73.93276346656053,40.74142605022089,-74.04279057499936,Uber,UberX,14.544357873977273,2.6,72.67682832659659
2022-03-25 01:32:00,Harlem,Upper East Side,40.64410686053242,-74.0192266306749,40.729033133497566,-74.08377856093007,Uber,UberBLACK,3.789549415817265,1.06,9.679614166341025
2022-02-16 07:40:00,Williamsburg,Williamsburg,40.63743646159784,-74.03432841544691,40.6652610502055,-74.0936558203261,Uber,UberPOOL,3.79763323466764,1.66,15.182124546709494
2022-03-21 06:19:00,Financial District,Staten Island,40.78236067010646,-74.07253436919868,40.769291802481064,-73.92792499389351,Lyft,Lyft,10.959758931762748,1.26,27.31626844453686
2022-01-03 13:44:00,Staten Island,Central Park,40.64911005909108,-73.96232908739897,40.789088767086504,-74.01913372530815,Uber,UberX,3.2025413397757716,1.27,10.292648127651653
2022-03-11 14:26:00,Brooklyn,Times Square,40.81034806367797,-74.01669592454357,40.76515266411919,-74.06420818117705,Lyft,Lyft Black,4.913365132657974,1.26,13.983970117510834
2022-03-28 05:27:00,Manhattan,Williamsburg,40.74061758887054,-74.02583609271313,40.64609112778804,-74.08821792505624,Uber,UberX,5.881075027691089,1.0,12.791881298459405
2022-01-24 09:42:00,Manhattan,Financial District,40.72354555945221,-73.9573299212797,40.70924285208877,-74.0375179164646,Uber,UberSUV,2.2365098475212024,2.42,15.521619204252293
2022-01-31 03:58:00,Central Park,Harlem,40.650422826487315,-73.93663397824936,40.61933648718477,-73.93936455288049,Lyft,Lyft Shared,8.775457118766411,1.27,22.67845344645835
2022-03-12 12:46:00,Williamsburg,Williamsburg,40.678319820370014,-74.00136977981919,40.66039370403237,-73.91773064297665,Lyft,Lyft Shared,10.210393713942747,1.0,20.368188999399806
2022-02-22 15:58:00,Bronx,Lower East Side,40.6962438155513,-74.02052139544915,40.71046898380243,-73.94784571685562,Lyft,Lyft Black,4.017114364865879,1.0,9.52995013851529
2022-02-15 04:25:00,Staten Island,Queens,40.70258309589114,-74.06647795208083,40.72404638596472,-74.05523066387181,Lyft,Lyft Shared,5.964931132535087,1.15,14.879423904226861
2022-01-28 14:24:00,Staten Island,Queens,40.746549287051415,-73.93785543823729,40.643394366122614,-74.01651091667411,Uber,UberX,1.1475292116252318,1.01,4.553257881547597
2022-02-11 11:57:00,Brooklyn,Brooklyn,40.649498916829124,-74.00176243097027,40.79653200941793,-73.91036304989784,Lyft,Lyft,2.6493407609817465,1.1,7.849980964889863
2022-03-01 11:19:00,Queens,Staten Island,40.617215906805185,-73.92042870509687,40.68023257249678,-74.10027713540136,Lyft,Lyft Black,2.08053079280061,1.12,6.877840353889196
2022-02-17 12:03:00,Brooklyn,Bronx,40.651268769130915,-73.9087579279491,40.6295545274033,-73.98558030454818,Lyft,Lyft Black,12.405838930306226,1.0,24.210218128035894
2022-03-23 08:41:00,Central Park,Upper West Side,40.74167996811866,-74.05953128497119,40.61479184878738,-73.97070493384172,Lyft,Lyft,1.7980836590081337,2.21,12.479088551213957
2022-02-16 15:47:00,Central Park,Financial District,40.66491757575674,-73.91930869720026,40.77887188974051,-74.0490066871538,Uber,UberX,11.223164383726296,1.0,22.140537671521017
2022-03-07 16:17:00,Staten Island,Manhattan,40.6787343001795,-73.95912516589213,40.80121550757615,-74.1030984598188,Lyft,Lyft Shared,4.0857992399648415,1.0,9.650148669938472
2022-01-21 07:32:00,Bronx,Central Park,40.78817045992751,-73.98336592468776,40.78370041887691,-73.96224905662038,Uber,UberBLACK,9.811098953328798,2.36,46.41983867724794
2022-01-18 23:11:00,Financial District,Williamsburg,40.74803543298366,-73.93085699489652,40.734420586390826,-74.0013682608162,Lyft,Lyft Black,1.2299647658706407,1.79,8.327864629089781
2022-01-15 17:28:00,Lower East Side,Manhattan,40.7389600584437,-74.06280020913589,40.66849482202302,-74.09230788936014,Lyft,Lyft Shared,4.4213919933996175,1.62,16.58464630128792
2022-03-26 20:17:00,Times Square,Queens,40.64983447205636,-74.02028436280962,40.6951983936481,-74.00492124671732,Lyft,Lyft XL,9.95172224946905,2.89,57.55583527668973
2022-03-30 17:18:00,Times Square,Bronx,40.79793703236803,-74.01458817248243,40.639533360047174,-74.04924885053883,Uber,UberXL,12.24985467054788,1.93,46.198884149775466
2022-01-19 19:44:00,Manhattan,Lower East Side,40.76165368870523,-73.95440231764208,40.7653349094418,-73.95588869261711,Lyft,Lyft Shared,11.865313309898474,1.5,34.89644743848349
2022-01-04 21:29:00,Harlem,Manhattan,40.75560976872856,-73.99273548294396,40.77560430910464,-74.09201748392022,Lyft,Lyft XL,4.230993518358744,1.04,10.300408203412914
2022-01-19 06:08:00,Upper West Side,Queens,40.79034235092617,-73.93323563415557,40.64573723581583,-74.06416936180261,Lyft,Lyft Shared,14.163041227779965,1.0,27.285322148614938
2022-01-19 13:44:00,Staten Island,Harlem,40.702073356879886,-74.07305365781588,40.74876679333275,-74.02335361832225,Lyft,Lyft,4.5772620204691385,1.22,12.822454413701612
2022-03-25 04:02:00,Central Park,Harlem,40.77275560589159,-74.0163244435825,40.79451453395447,-74.01006291484886,Lyft,Lyft Black,11.49843509836126,1.0,22.622261422132205
2022-03-06 19:36:00,Upper West Side,Lower East Side,40.73001402903059,-74.02308386408549,40.739990873078426,-74.06391078973041,Uber,UberX,14.213105641201384,2.3,62.957750205835566
2022-03-01 21:23:00,Manhattan,Central Park,40.74332068920357,-73.94156317522202,40.66960919283527,-73.93865755848488,Lyft,Lyft Black,4.844165556958581,1.28,14.050930847587223
2022-01-31 09:03:00,Harlem,Lower East Side,40.6915514156548,-74.10267980634488,40.726529607221394,-74.06446727893474,Lyft,Lyft,9.539093544029342,1.15,22.07242575735905
2022-03-20 08:03:00,Brooklyn,Bronx,40.660747696056504,-73.99094677321864,40.624123017434854,-73.96605912489088,Lyft,Lyft,1.7450471263546852,2.48,13.773504528379336
2022-01-10 11:16:00,Lower East Side,Central Park,40.706992233725366,-73.90741157930725,40.79809539457681,-74.02662870051647,Lyft,Lyft Black,4.5912815253618255,1.0,10.534742669383196
2022-02-06 23:00:00,Central Park,Queens,40.802202455646196,-74.05824728517956,40.67914187356122,-74.05350089906527,Uber,UberBLACK,7.630039150097636,2.28,36.14385620888956
2022-02-23 09:13:00,Manhattan,Central Park,40.62838474002667,-73.961393171727,40.79244677883826,-74.10574505828959,Uber,UberX,11.29089433192464,2.15,47.85698992386645
2022-02-19 21:02:00,Central Park,Brooklyn,40.811457411670965,-73.95778247667236,40.73660054488611,-74.0707438875162,Lyft,Lyft XL,11.945378787207614,2.62,61.319561739346916
2022-01-04 13:16:00,Staten Island,Central Park,40.66881831689822,-74.10343686487414,40.775593887378534,-74.05502316134047,Lyft,Lyft Black,1.702644102890361,1.0,5.479627180058132
2022-03-11 10:08:00,Upper East Side,Brooklyn,40.65301398586513,-74.06622630362178,40.761509786794306,-73.91882568267076,Lyft,Lyft,10.284585938608055,1.07,21.932887170043582
2022-01-20 06:21:00,Upper West Side,Williamsburg,40.76400886128009,-74.02030004334955,40.67457031203004,-74.03574005777008,Uber,UberXL,12.428387791756847,1.0,24.249678635574483
2022-01-05 07:01:00,Williamsburg,Times Square,40.695735152205316,-74.06587992283109,40.80370143556757,-74.08949232806216,Uber,UberBLACK,7.3002515693688865,2.46,37.577583006133054
2022-01-22 17:55:00,Brooklyn,Upper West Side,40.63240817062906,-74.01641383105851,40.7476700554245,-74.0083745440105,Uber,UberSUV,3.0233257719449975,2.3,17.918886232078613
2022-01-14 09:58:00,Central Park,Staten Island,40.635510460411425,-73.97367940584704,40.65870970942939,-73.9372017981585,Lyft,Lyft Black,10.009896780836709,1.81,36.23134805330027
2022-01-02 23:37:00,Bronx,Upper East Side,40.69614982966057,-73.91962501676537,40.67550616152292,-74.03475462917929,Uber,UberBLACK,7.135652210508496,1.46,21.881591397849206
2022-03-14 19:50:00,Times Square,Upper West Side,40.623521164822385,-73.93306348786815,40.685065206970094,-74.01740721141294,Uber,UberBLACK,7.449738962664543,1.66,25.791491686540496
2022-03-12 14:51:00,Lower East Side,Harlem,40.73299069970841,-73.93332800589555,40.732048331022995,-73.98779737430505,Uber,UberPOOL,12.649303707569214,1.0,24.636281488246123
2022-01-10 08:17:00,Harlem,Queens,40.75503186209092,-73.94172728286334,40.68034015408999,-74.08005654943511,Lyft,Lyft Black,13.43957444179416,1.36,35.386187171470105
2022-01-24 14:46:00,Financial District,Central Park,40.67488908877991,-74.04066648079286,40.79250673580201,-74.00013620174046,Uber,UberBLACK,7.068650502613685,1.33,19.77728404483335
2022-01-02 18:21:00,Upper East Side,Harlem,40.73423306323318,-74.10271435107587,40.78336182167525,-74.06245623969974,Lyft,Lyft,7.17392730511383,2.2,33.11962012468825
2022-03-04 10:44:00,Williamsburg,Lower East Side,40.80736681167946,-73.92525344653583,40.71457916902621,-74.08992469196318,Uber,UberXL,12.6232839230834,1.19,29.262988769821177
2022-01-03 00:25:00,Bronx,Manhattan,40.62573693165628,-73.96616937696409,40.78010844644002,-74.08723142609908,Lyft,Lyft,10.547104238766863,1.0,20.95743241784201
2022-03-24 20:40:00,Bronx,Bronx,40.68675153612691,-74.05013526807315,40.72146021513466,-73.99670198156687,Lyft,Lyft XL,5.84666466332811,1.0,12.731663160824192
2022-02-15 14:48:00,Queens,Staten Island,40.70518990244359,-73.97209954731956,40.80066278067614,-73.97733933970228,Lyft,Lyft Shared,13.35579258557068,1.0,25.872637024748688
2022-01-09 16:06:00,Manhattan,Lower East Side,40.65099730909264,-74.06445026612738,40.67318545038415,-73.98380810614553,Lyft,Lyft,9.070419975013955,1.09,20.026826102339122
2022-02-07 08:23:00,Upper East Side,Lower East Side,40.63422131433343,-73.98567323003971,40.62634025248445,-74.04899972074261,Uber,UberX,12.512703821715212,2.54,61.96896848752412
2022-02-14 11:44:00,Brooklyn,Manhattan,40.73407568306574,-74.07728276799092,40.75412972240732,-73.93260368938701,Lyft,Lyft,7.641387237984563,1.23,19.52308602976177
2022-01-13 16:14:00,Bronx,Manhattan,40.749994878032474,-74.07496216727266,40.75651914006313,-74.05455757642659,Uber,UberXL,7.5475201964671195,1.48,23.24807730884984
2022-01-31 17:58:00,Upper East Side,Queens,40.6152561203534,-73.965005312551,40.71228361678139,-74.02493207613567,Lyft,Lyft XL,14.601669088344838,2.35,65.92436412581816
2022-02-04 20:45:00,Financial District,Brooklyn,40.76555841274493,-73.9671732203288,40.73853165094236,-73.96804035225702,Lyft,Lyft Black,7.745625355625062,1.0,16.054844372343858
2022-02-04 21:36:00,Williamsburg,Lower East Side,40.68940072935883,-73.90624380027738,40.68233040605448,-74.06998111219808,Lyft,Lyft Black,6.561707744730585,1.15,16.0804368362703
2022-03-25 07:48:00,Harlem,Central Park,40.68022504823643,-73.9588405979713,40.616823153317355,-74.06425557536157,Uber,UberX,8.915829916176977,2.46,44.53264778914188
2022-03-29 01:09:00,Manhattan,Upper East Side,40.74153511217093,-74.08252031637144,40.77301544164172,-73.92028922816245,Uber,UberSUV,12.63317898474483,1.2,29.529675867964144
2022-03-04 18:55:00,Central Park,Lower East Side,40.721766729258626,-74.08494919951475,40.6246213693201,-73.91081237950026,Lyft,Lyft Shared,2.0720479578509536,1.69,10.353081835344195
2022-02-06 06:49:00,Financial District,Brooklyn,40.72016122633357,-74.08869332993827,40.67627229627369,-73.99446261823057,Uber,UberX,3.992867795263018,1.46,13.85177721689701
2022-03-07 14:21:00,Times Square,Central Park,40.63992148946828,-74.04648443794169,40.692761921774355,-73.96771792895628,Lyft,Lyft Shared,5.252946908950991,1.12,13.095775941543943
2022-02-02 21:01:00,Harlem,Times Square,40.760217398891065,-73.93110922264641,40.68353659312763,-73.92996137279512,Uber,UberSUV,5.5092089297903115,1.0,12.141115627133045
2022-01-02 21:00:00,Lower East Side,Harlem,40.639544031176136,-74.09490566215835,40.72193115441045,-74.03648895552506,Uber,UberSUV,4.419463466594223,2.88,29.474095871634884
2022-01-18 08:44:00,Queens,Upper East Side,40.647767699293624,-74.09072291149918,40.7071770602387,-74.07996835490658,Uber,UberXL,2.0537791945513284,2.11,12.85857967588078
2022-02-16 03:44:00,Central Park,Brooklyn,40.77762115541889,-73.92304436309402,40.806228153721825,-73.99085475458523,Uber,UberPOOL,7.201101318316036,1.0,15.101927307053064
2022-01-23 09:34:00,Staten Island,Williamsburg,40.63121713318447,-74.04165114708483,40.70886739653113,-74.04837772751695,Lyft,Lyft,10.950585202873809,1.53,33.145191880694625
2022-02-05 00:59:00,Williamsburg,Lower East Side,40.63785863962683,-73.96502514698382,40.61436081533331,-74.04987611748679,Lyft,Lyft,14.921971272023269,1.61,46.06765405892556
2022-01-24 16:47:00,Times Square,Upper East Side,40.68692870674309,-74.01006634631985,40.75641913604967,-73.99119807511157,Lyft,Lyft Black,9.685865952199883,2.42,47.0696423075665
2022-02-19 18:53:00,Manhattan,Upper East Side,40.72053729244758,-74.03657807039417,40.725369857274444,-74.02605763998909,Uber,UberPOOL,9.053597787415326,1.9,34.853212643155956
2022-01-16 17:48:00,Upper East Side,Brooklyn,40.68942448616237,-74.05022275022486,40.74622904185035,-74.04261374638672,Lyft,Lyft,6.179476077395021,1.94,25.829321282756094
2022-02-23 17:00:00,Upper East Side,Upper West Side,40.761246058891885,-74.05167542028146,40.81050009370893,-74.09081978228852,Lyft,Lyft Shared,3.6658222568356758,1.53,13.640239092677522
2022-03-01 00:36:00,Brooklyn,Lower East Side,40.77970577801826,-74.07515911776372,40.66808189106594,-74.05789356789184,Uber,UberBLACK,6.6685440187097775,1.0,14.16995203274211
2022-03-04 09:56:00,Upper West Side,Harlem,40.70235371037272,-73.98572084689657,40.649444555429376,-73.95098977640455,Uber,UberBLACK,11.38773441802099,1.81,40.59564876908149
2022-02-20 04:30:00,Financial District,Central Park,40.61448503432094,-73.9428444771388,40.627232417871554,-73.98765333585139,Uber,UberBLACK,3.9945046969368665,1.7,16.13365147338718
2022-02-01 15:03:00,Times Square,Harlem,40.79780610821528,-74.02115921749024,40.67274529802268,-73.99862931866765,Lyft,Lyft Black,10.281880198374987,1.65,33.81392907280777
2022-02-27 22:39:00,Upper West Side,Central Park,40.72698027393638,-73.93637779940757,40.63783639274986,-74.01789673435276,Lyft,Lyft XL,12.051164481745523,2.22,52.36877401158136
2022-03-23 20:18:00,Staten Island,Manhattan,40.753079076013,-74.00560931219563,40.78418121870641,-73.9925080856929,Uber,UberSUV,8.251245595563885,1.27,21.513393336140734
2022-02-05 16:46:00,Upper East Side,Manhattan,40.79412591957934,-74.03671957080098,40.78605345852871,-73.93492774753064,Uber,UberSUV,6.395523752489219,2.3,31.491983103769105
2022-03-24 22:45:00,Queens,Staten Island,40.74597227478552,-74.04189751323578,40.67107605162664,-73.9876509305483,Uber,UberSUV,9.327112667393067,1.24,23.339834488242953
2022-01-09 09:12:00,Williamsburg,Bronx,40.6612081149842,-74.03676929909417,40.731830482322295,-73.93738702503585,Lyft,Lyft Black,13.08585243890214,2.36,59.94457057266584
2022-01-03 18:55:00,Queens,Harlem,40.718266331220235,-73.93710852411887,40.740945106043704,-73.9668975401906,Uber,UberBLACK,10.135850124210815,1.09,22.05913411193213
2022-03-28 03:45:00,Central Park,Upper West Side,40.79540575053934,-73.98534268227955,40.76579518066747,-73.90860977822547,Lyft,Lyft Black,6.36435449517328,1.26,17.183401661857083
2022-03-01 12:51:00,Upper East Side,Upper East Side,40.72985324791829,-74.09110104838808,40.75985641010632,-74.00598731949975,Lyft,Lyft Black,3.9147727466147195,1.0,9.35085230657576
2022-03-20 23:16:00,Brooklyn,Financial District,40.7470203095294,-74.00066771338962,40.73407963371082,-73.98773117612842,Lyft,Lyft XL,3.9645382648196605,2.72,25.671202140541588
2022-03-26 06:30:00,Staten Island,Williamsburg,40.68043072400108,-73.96828716934544,40.65024076256647,-74.10308053771611,Lyft,Lyft XL,1.7193482834181926,1.0,5.508859495981837
2022-01-21 20:15:00,Times Square,Manhattan,40.623680319660934,-73.97451815094055,40.687374105663,-74.00640867497417,Lyft,Lyft,7.3623773095251295,1.54,23.691606849170224
2022-01-06 08:50:00,Staten Island,Manhattan,40.65869840817383,-73.92847865464812,40.716536527662164,-74.00428915706232,Lyft,Lyft,6.5021260637038685,1.52,21.09565532945229
2022-02-06 13:04:00,Staten Island,Upper West Side,40.781653886648655,-73.97084547439017,40.651402895530516,-73.90731669476791,Lyft,Lyft,11.540896155668845,1.0,22.69656827242048
2022-01-05 04:46:00,Staten Island,Central Park,40.78893582697305,-73.90838305928828,40.70025467658193,-74.07149320581257,Lyft,Lyft XL,13.120765166584714,1.03,26.225179212768946
2022-02-18 06:01:00,Upper West Side,Bronx,40.77868411106006,-74.08713261490553,40.80804246621253,-74.04138209012085,Lyft,Lyft Shared,4.484339192061272,1.21,12.520588239189744
2022-01-20 08:26:00,Staten Island,Financial District,40.69337700781048,-74.08790675649976,40.69323188626618,-74.03989778305088,Uber,UberXL,3.883158776110954,1.23,11.43349926557883
2022-02-23 23:57:00,Staten Island,Lower East Side,40.75852582223373,-74.09463748566127,40.69767674635744,-74.03703440016142,Uber,UberX,13.407132030388043,1.21,31.414602074346682
2022-02-28 02:25:00,Staten Island,Lower East Side,40.62604586252782,-73.92793542176084,40.79312674017647,-74.0705266285559,Uber,UberX,5.307573904806648,1.0,11.788254333411635
2022-03-27 15:58:00,Times Square,Times Square,40.77031735327347,-74.02319521489487,40.67372718294598,-74.03440213907663,Lyft,Lyft Shared,10.258005074880561,1.38,28.223082255836555
2022-01-03 19:27:00,Financial District,Upper West Side,40.79917547770983,-73.97445717971647,40.790387065716835,-73.97555565339664,Uber,UberXL,4.02547147886359,2.38,22.71608870946685
2022-01-17 04:44:00,Staten Island,Times Square,40.68538338382133,-73.98996300915398,40.716245766388525,-74.09604203290249,Uber,UberPOOL,5.260133369586473,1.11,12.992809070421727
2022-03-17 04:08:00,Queens,Brooklyn,40.6247954397384,-73.96616231772074,40.733213672901506,-74.07553539462104,Lyft,Lyft,12.273058759760483,1.11,26.615416640834738
2022-02-13 08:06:00,Upper East Side,Times Square,40.79687349247852,-74.07761780487566,40.751082992934116,-73.9339744665979,Lyft,Lyft,13.93630979735386,1.96,52.701542604923745
2022-01-27 18:17:00,Bronx,Central Park,40.685458909369245,-74.06400771564982,40.64108020462525,-73.9359491830939,Lyft,Lyft Black,5.706842637278648,2.18,27.22160466121804
2022-03-22 11:19:00,Financial District,Central Park,40.71029351854125,-74.10053437575627,40.706606860940404,-73.99017669755747,Uber,UberBLACK,5.0208998482750395,1.38,15.57547313358422
2022-01-25 21:05:00,Manhattan,Queens,40.74306397170152,-74.01808573477989,40.799284483488236,-74.07121796923964,Lyft,Lyft XL,12.861019967548254,1.08,27.0073277386662
2022-03-30 09:59:00,Brooklyn,Times Square,40.80011179443033,-74.10498053033231,40.701421948131156,-74.00492278133339,Lyft,Lyft Shared,1.3525405013230591,1.61,7.83578286247772
2022-01-27 01:56:00,Bronx,Williamsburg,40.63758802472617,-73.9806500979487,40.807637935225074,-73.94817333513087,Lyft,Lyft,7.549917270579452,1.0,15.712355223514042
2022-01-26 22:49:00,Lower East Side,Harlem,40.64264715940465,-73.92201473399915,40.711094387600355,-73.9116927962901,Lyft,Lyft XL,1.910425136587307,1.0,5.843243989027787
2022-01-25 11:38:00,Upper East Side,Bronx,40.75107561648199,-73.91651595626568,40.69196136878926,-73.96499430154866,Uber,UberXL,10.42756473742452,1.0,20.74823829049291
2022-03-17 09:00:00,Staten Island,Central Park,40.7848226657,-74.07363898042752,40.73887629797363,-74.05310119278936,Lyft,Lyft XL,12.735330873601239,2.49,61.7192042817174
2022-01-08 09:39:00,Staten Island,Harlem,40.74479481071942,-73.91943424301793,40.64994721313236,-73.99758277077129,Lyft,Lyft XL,5.440722970642523,1.4,16.82977127807418
2022-03-27 07:13:00,Brooklyn,Harlem,40.66289362843906,-73.91419821212168,40.79690657902778,-74.06928179191604,Lyft,Lyft Shared,14.617368778520547,1.85,51.94873142046028
2022-01-17 12:13:00,Financial District,Central Park,40.77502462143952,-73.994955813402,40.70724682633267,-73.98722602682572,Uber,UberBLACK,4.037992421733482,1.28,12.245103024682999
2022-01-14 06:07:00,Upper West Side,Bronx,40.80973217812089,-74.01695003745367,40.62392959211103,-74.06565476226184,Lyft,Lyft Black,10.044369494930375,1.0,20.077646616128156
2022-01-29 12:39:00,Staten Island,Queens,40.77487000010926,-73.96576079182582,40.78197326398034,-74.10285303017724,Lyft,Lyft XL,14.166510760772418,1.0,27.291393831351733
2022-01-07 15:37:00,Lower East Side,Manhattan,40.75709516143878,-73.94691606946671,40.804075792467074,-73.98961342751787,Lyft,Lyft XL,13.369381641963006,1.0,25.89641787343526
2022-01-10 11:27:00,Times Square,Upper East Side,40.63438924927116,-74.08201918278932,40.77326681350491,-73.94981111925101,Lyft,Lyft,2.05289502951927,1.98,12.06328127728427
2022-03-17 05:01:00,Bronx,Upper West Side,40.68090596803412,-74.06347636335596,40.72002002028357,-73.98880723498883,Uber,UberBLACK,2.766314294254105,1.2,8.809260017933621
2022-03-22 05:32:00,Times Square,Lower East Side,40.784900008090105,-74.00415482045705,40.68122284555921,-73.97594744848125,Lyft,Lyft Black,7.047010297825432,1.84,27.291373158997892
2022-01-16 05:55:00,Times Square,Harlem,40.80411818725464,-74.02589655902156,40.806715730819164,-74.09309737881804,Uber,UberPOOL,6.832162052375738,1.55,22.40723956706919
2022-01-30 02:02:00,Brooklyn,Upper East Side,40.65845645779372,-73.92983886448071,40.70430761431865,-74.00986553449228,Lyft,Lyft Shared,10.543617127484858,2.95,61.806423420640584
2022-01-20 16:11:00,Queens,Upper East Side,40.67598689251523,-73.97675272381885,40.74130566750864,-74.1007068586655,Lyft,Lyft XL,2.85592017282993,1.59,11.92159788089928
2022-02-09 22:41:00,Central Park,Manhattan,40.61335546780565,-73.99378558524744,40.66093593601364,-74.08007601927014,Lyft,Lyft Black,2.6178605078974284,1.0,7.0812558888204995
2022-01-09 12:49:00,Upper West Side,Bronx,40.62860971808889,-73.94354713963256,40.80965423300671,-73.9175350834762,Lyft,Lyft XL,11.839154837886234,1.0,23.218520966300908
2022-03-15 04:00:00,Central Park,Times Square,40.78380254358352,-74.10358893787316,40.64217247602937,-74.0183222116746,Uber,UberXL,10.61143690003533,1.0,21.070014575061826
2022-03-17 15:31:00,Manhattan,Staten Island,40.649874800866144,-73.94531998253677,40.68196182642372,-73.9305492001656,Lyft,Lyft Black,14.053797096230067,1.19,32.24203245289911
2022-03-24 17:22:00,Times Square,Queens,40.65515826795145,-74.02789674869406,40.64969778899551,-73.95394295177377,Uber,UberPOOL,5.340668175705359,1.81,21.441566446546723
2022-02-07 12:18:00,Lower East Side,Brooklyn,40.70484422555456,-73.94003052791673,40.65049038454155,-73.9649737283402,Lyft,Lyft Black,6.5474960604223575,1.1,15.353929916313039
2022-01-31 02:00:00,Upper East Side,Central Park,40.6606537769552,-74.1042233584021,40.6499732701077,-73.98076782969879,Uber,UberBLACK,8.172726822569382,1.22,20.498771766185634
2022-01-19 14:45:00,Upper East Side,Times Square,40.74150080912523,-73.97146950642039,40.79812757471907,-74.07313706254301,Uber,UberPOOL,11.286273852172645,1.02,22.69599882612817
2022-03-09 09:34:00,Central Park,Queens,40.66531577906112,-74.01363521760027,40.6372099531915,-74.08599316894069,Lyft,Lyft Black,8.328486290437194,1.53,26.124522042645587
2022-03-16 16:13:00,Harlem,Upper East Side,40.77826423087723,-73.98394248457413,40.62324391456448,-73.93472307277744,Uber,UberBLACK,8.034651450515188,2.34,38.751897689859696
2022-01-31 04:52:00,Financial District,Central Park,40.6676348337039,-74.07274967063859,40.781988923691834,-74.07844208109954,Uber,UberPOOL,2.797180146441554,1.24,9.169880917778173
2022-01-20 18:40:00,Upper West Side,Times Square,40.689171750418424,-73.9890181967069,40.63407747955709,-73.92865903159374,Uber,UberBLACK,12.524275660636874,1.89,46.14904174755646
2022-02-25 03:28:00,Williamsburg,Harlem,40.75209376270094,-74.06113291804351,40.67203905885431,-74.04730771555408,Uber,UberXL,2.495317194746357,1.05,7.210145345346431
2022-01-03 15:58:00,Financial District,Manhattan,40.64701801989375,-74.04326464905112,40.775107989345464,-74.01446826926133,Lyft,Lyft,3.3896490385928635,1.58,13.322379591709268
2022-03-24 18:30:00,Upper West Side,Bronx,40.6140119450037,-74.05333981451173,40.664183625257834,-73.93674581792533,Lyft,Lyft Black,3.8815228572279215,1.64,15.239970600244133
2022-03-03 02:49:00,Lower East Side,Upper West Side,40.63797975090379,-73.98228021496395,40.73364510214085,-74.01917588341996,Uber,UberBLACK,1.3340160077973457,1.0,4.834528013645356
2022-02-05 15:48:00,Staten Island,Williamsburg,40.76326944504698,-73.94471840537224,40.628688253250154,-73.9528148606564,Uber,UberSUV,7.139656014513098,1.24,18.593053551493423
2022-03-04 11:43:00,Manhattan,Lower East Side,40.67101752492703,-73.93273167255471,40.76390527253982,-73.9390492906615,Uber,UberXL,13.090902495015271,1.0,25.409079366276725
2022-02-05 13:17:00,Upper East Side,Lower East Side,40.80135613911846,-74.03173512230492,40.703203769361544,-73.96520398221729,Lyft,Lyft Shared,14.914518723733128,1.0,28.600407766532975
2022-01-18 11:36:00,Central Park,Upper East Side,40.765219010618715,-74.08135143440377,40.65610148194517,-73.935398136101,Lyft,Lyft,3.7073178667434243,1.21,10.875245582829201
2022-01-06 02:36:00,Bronx,Harlem,40.730624681382004,-74.03068079004217,40.671667983988485,-74.00998052737458,Uber,UberSUV,11.74733379286145,1.0,23.057834137507538
2022-01-14 13:53:00,Upper East Side,Bronx,40.61512596736818,-74.01092004282586,40.756346964249545,-73.93424305322928,Uber,UberXL,14.761024266536184,1.19,33.7148330350616
2022-01-20 18:25:00,Manhattan,Bronx,40.69044600995507,-73.93063293147652,40.71922037559109,-74.02100603595127,Lyft,Lyft,7.056369622452718,1.99,29.54880721019159
2022-02-06 03:31:00,Harlem,Manhattan,40.615265461976996,-73.99218865936936,40.810959463590514,-74.02002517017279,Lyft,Lyft,8.904743130086594,1.0,18.08330047765154
2022-03-03 12:21:00,Upper West Side,Times Square,40.61516455498664,-73.96408287566707,40.68995872656153,-73.99960345723666,Uber,UberPOOL,7.735157359269367,1.0,16.036525378721393
2022-02-19 23:05:00,Brooklyn,Bronx,40.68724193498965,-74.0494312508683,40.77421115450738,-73.92026269609516,Lyft,Lyft XL,2.5768464578663095,2.61,18.294746196304366
2022-03-07 17:02:00,Staten Island,Times Square,40.65392274030738,-74.07137481113803,40.73487647091387,-74.1010509792048,Uber,UberXL,5.248745632292742,2.13,24.8896993443712
2022-03-19 08:49:00,Financial District,Central Park,40.806425941866024,-74.07974154665177,40.77663207483795,-73.93472950158268,Uber,UberPOOL,4.772857107349411,1.84,19.968599885665107
2022-03-31 14:53:00,Upper West Side,Times Square,40.71453562187027,-74.10243997065476,40.74123475078623,-74.00632911178239,Uber,UberXL,5.53760110694385,1.26,15.360410440811188
2022-03-24 20:54:00,Harlem,Staten Island,40.71153840632934,-73.92837748299526,40.713349624004785,-73.92028829312183,Uber,UberX,5.670722589798918,1.0,12.423764532148105
2022-02-06 01:17:00,Manhattan,Upper East Side,40.61952233597179,-74.04411777616342,40.70030880057393,-73.91747934479363,Uber,UberX,2.613869262995977,2.82,19.949444812885147
2022-03-27 22:47:00,Upper East Side,Staten Island,40.665709401886026,-73.94934099912388,40.62206917505794,-74.03394778068134,Lyft,Lyft Black,3.017781835924172,2.32,18.052194253852136
2022-01-19 03:26:00,Lower East Side,Queens,40.7234071304381,-74.02809139107626,40.72236322952046,-73.94822008717105,Lyft,Lyft Shared,5.8028355090625645,1.0,12.654962140859489
2022-03-17 22:38:00,Financial District,Harlem,40.718217576205085,-74.100713747992,40.7343413252943,-73.97007837143401,Lyft,Lyft Black,5.198267294375335,1.44,16.699633581825843
2022-02-09 23:31:00,Financial District,Upper East Side,40.64981836428782,-73.91340233217971,40.76473090516451,-73.98738770238543,Lyft,Lyft Black,10.183782822709064,1.39,28.2470517162398
2022-02-25 18:26:00,Williamsburg,Brooklyn,40.66168442336877,-74.07969039836118,40.811584062769455,-73.97804151807115,Uber,UberPOOL,14.976650668787556,1.53,43.924982165678685
2022-02-05 18:25:00,Harlem,Queens,40.7212174004683,-74.00093242794962,40.70575363267071,-74.05419980128228,Lyft,Lyft Black,5.385571680028941,2.33,27.78466852531801
2022-01-26 12:05:00,Williamsburg,Manhattan,40.6462262034038,-74.01415309017258,40.668890863959334,-74.1003321555447,Lyft,Lyft Black,2.8259703821168656,1.2,8.934537802445417
2022-03-26 01:36:00,Lower East Side,Harlem,40.80291004837211,-74.08484411328746,40.68318101225255,-74.02910298868632,Uber,UberX,8.255730320100556,2.91,49.317306655112084
2022-02-23 15:07:00,Harlem,Financial District,40.694566632770204,-74.04020018178772,40.8035279201025,-74.03138653310849,Uber,UberXL,12.891140807592352,1.05,26.312471233950948
2022-01-15 22:59:00,Manhattan,Brooklyn,40.72150125133993,-73.93182466274371,40.745700987518546,-73.9066057257664,Lyft,Lyft Shared,8.246403194917352,2.21,37.417964356342864
2022-03-25 07:12:00,Manhattan,Staten Island,40.73044530709431,-74.10469158926811,40.681743015877075,-73.94873551707687,Lyft,Lyft XL,11.455933690663946,1.97,44.419331398563955
2022-02-25 10:47:00,Lower East Side,Upper East Side,40.67291415959291,-73.93926420029568,40.726944122758226,-74.02719818625006,Uber,UberBLACK,8.756197323459126,1.0,17.82334531605347
2022-03-19 11:30:00,Upper West Side,Lower East Side,40.671968526233506,-74.09361470565622,40.77762031220583,-74.01041961617011,Lyft,Lyft,13.185254933913077,1.0,25.574196134347886
2022-02-24 14:25:00,Lower East Side,Staten Island,40.62797789716779,-73.97187453339826,40.77288613081971,-74.03309722266108,Uber,UberPOOL,5.449030029984236,1.1,13.239382807719656
2022-03-23 10:52:00,Queens,Times Square,40.79765390110978,-74.09462310834866,40.67057314322831,-74.10113466889386,Lyft,Lyft XL,14.264123481867845,1.12,30.75768202446098
2022-02-11 06:05:00,Financial District,Lower East Side,40.752703522007565,-74.01536136625438,40.62884895344782,-74.09713965034418,Uber,UberBLACK,13.424532687985891,1.56,40.54897423820149
2022-01-21 22:03:00,Queens,Central Park,40.802572930547846,-73.92046386618799,40.70223952186063,-73.97970796198503,Lyft,Lyft Shared,12.456431350045152,1.0,24.298754862579017
2022-03-15 04:25:00,Queens,Upper West Side,40.78048914042843,-74.01119526702345,40.65652918612363,-74.07972872983585,Lyft,Lyft Shared,8.480609154855934,1.23,21.329511205827398
2022-01-11 04:56:00,Upper East Side,Brooklyn,40.71083452744928,-73.96962156709269,40.69280783741416,-74.05745242748647,Lyft,Lyft XL,4.3832492361526105,1.0,10.170686163267067
2022-01-30 23:52:00,Central Park,Queens,40.72429927740282,-74.06350546548867,40.61740895001554,-73.98272422583074,Uber,UberXL,1.5442027725553766,1.47,7.647461632398707
2022-03-30 12:52:00,Upper East Side,Financial District,40.776656566743775,-74.10485921805287,40.61299474145421,-73.958454760934,Uber,UberX,7.881439399441977,1.18,19.225172359847683
2022-02-01 15:24:00,Upper East Side,Brooklyn,40.72565017046901,-73.95277360604548,40.70825065484019,-73.9933028013482,Lyft,Lyft,7.011055067235137,1.0,14.769346367661491
2022-03-28 22:27:00,Central Park,Upper East Side,40.803771043142554,-74.01966232612388,40.63958659933116,-73.99373001675598,Uber,UberXL,7.845499767319019,1.29,20.93621572472269
2022-02-18 17:42:00,Brooklyn,Lower East Side,40.63648876376454,-74.09287241049046,40.62580826603864,-73.96285867701559,Lyft,Lyft Shared,7.194663512747827,2.48,37.42483964532557
2022-02-13 15:42:00,Harlem,Brooklyn,40.76839456133009,-74.02724149256562,40.661486045692996,-74.10051193639892,Lyft,Lyft Shared,9.971917979161674,1.17,23.342502062333526
2022-03-30 16:49:00,Staten Island,Queens,40.69858040382616,-73.9240663998436,40.63052766306554,-74.08819497304617,Lyft,Lyft,14.468930457764923,1.19,33.10654767829545
2022-02-22 10:38:00,Upper East Side,Financial District,40.7480957279606,-73.92620527729258,40.783966155776746,-74.01554316364064,Uber,UberXL,9.529281350998822,1.27,24.353827802594886
2022-01-25 14:23:00,Lower East Side,Upper East Side,40.66558166768941,-74.09639959501379,40.648262146518626,-73.94664389881189,Uber,UberSUV,10.767832112700821,1.0,21.34370619722644
2022-02-17 21:26:00,Staten Island,Upper East Side,40.644192657060266,-74.10235859531014,40.72940101754055,-74.02902368560653,Lyft,Lyft,11.08434355154951,1.0,21.897601215211644
2022-02-19 20:33:00,Bronx,Staten Island,40.70702602358271,-74.0990518642949,40.78718411378979,-74.07168195978801,Lyft,Lyft XL,2.9224547184301954,2.17,16.523021793238666
2022-01-09 08:11:00,Harlem,Upper East Side,40.65699123626895,-73.9798170306534,40.682318034102586,-74.02588740771995,Lyft,Lyft Black,6.775784806020624,1.67,23.977231095595272
2022-02-08 04:37:00,Times Square,Financial District,40.677912027570095,-73.93124121108565,40.70177713662132,-73.99637642145308,Lyft,Lyft Shared,14.634111394779518,1.68,47.224287500651776
2022-02-03 09:49:00,Lower East Side,Times Square,40.798904878396776,-74.06176344568428,40.804589646232195,-73.9151167076403,Uber,UberX,9.229169275091898,2.3,42.89740633224489
2022-01-20 13:48:00,Bronx,Harlem,40.70017640215815,-74.09527872290516,40.74849149269227,-73.98971228581257,Lyft,Lyft,9.276356478225278,1.29,24.166374749593565
2022-02-11 18:33:00,Upper East Side,Williamsburg,40.76950123679918,-74.0899717906083,40.68951368410919,-74.08971127257531,Lyft,Lyft Black,11.59194196350224,1.73,39.41960429450303
2022-03-22 06:56:00,Central Park,Upper West Side,40.731512072701285,-73.92488774715983,40.744160674521666,-74.10532732703763,Lyft,Lyft Shared,12.876299851720214,1.0,25.033524740510373
2022-02-05 13:23:00,Upper West Side,Times Square,40.784971934711876,-74.0612156231498,40.67051064603055,-73.94012892836771,Lyft,Lyft,11.850006509071092,1.27,29.5116394664105
2022-01-26 22:04:00,Brooklyn,Staten Island,40.70594239268552,-74.07708818303279,40.771710719363625,-74.05838398422866,Lyft,Lyft XL,11.244300428057576,1.07,23.729952551537814
2022-02-03 11:44:00,Staten Island,Lower East Side,40.638318080109755,-74.07657893109865,40.64476935164001,-74.04928391096925,Uber,UberX,4.101465323836818,1.17,11.322750250555883
2022-01-16 21:34:00,Bronx,Bronx,40.66278150225702,-73.99182862968038,40.78062802232643,-74.0248215380879,Lyft,Lyft XL,13.177124879686833,1.97,50.35313802272036
2022-02-03 20:44:00,Queens,Financial District,40.69835948504017,-74.03316598147265,40.74548362201496,-74.09939442780495,Lyft,Lyft XL,10.096928643434252,1.0,20.16962512600994
2022-03-20 11:08:00,Harlem,Williamsburg,40.63149763129889,-73.96918188471943,40.72468527503378,-73.96563483195088,Uber,UberX,8.83484746913347,1.0,17.960983070983573
2022-01-17 06:20:00,Staten Island,Staten Island,40.685799511730146,-73.97984176995911,40.79658887352613,-74.07455971674094,Lyft,Lyft,12.73390840841764,1.1,27.262773686203957
2022-03-19 17:18:00,Upper East Side,Financial District,40.613953784617856,-73.95409542384331,40.70379531814916,-74.07473043436599,Lyft,Lyft XL,11.06625919774438,1.11,24.271208491618456
2022-02-17 10:49:00,Upper East Side,Queens,40.75752585843513,-74.05197976715326,40.77605795721353,-74.05072159474847,Lyft,Lyft XL,14.342721104827937,1.0,27.59976193344889
2022-01-17 18:30:00,Bronx,Financial District,40.77772355295955,-74.04023965910041,40.77187449061785,-73.96230108501804,Uber,UberPOOL,11.875384682458106,1.65,38.41517327059778
2022-02-13 02:32:00,Queens,Upper East Side,40.69715934594318,-74.01199758025342,40.77064219404554,-73.9282387094539,Lyft,Lyft,2.0882913712810325,1.66,10.216486433571399
2022-01-10 18:32:00,Queens,Harlem,40.774864871856444,-74.06675388887085,40.77898519030957,-73.9837409090683,Uber,UberSUV,10.214809152001553,1.21,24.65485837936329
2022-02-25 16:14:00,Upper East Side,Manhattan,40.64642788000081,-74.1001561262568,40.624805545649465,-73.94919337648379,Uber,UberX,10.056706568128282,1.95,39.19351116373777
2022-02-25 00:41:00,Harlem,Williamsburg,40.794305828396226,-74.03160012919948,40.640298682193276,-73.93688760898591,Uber,UberPOOL,11.616313345715199,1.2,27.394258026001918
2022-01-17 10:45:00,Williamsburg,Times Square,40.80425386756919,-74.0960164893924,40.623398631445035,-74.00446064579405,Lyft,Lyft,4.9439542842917925,1.1,12.267111997261702
2022-03-30 23:34:00,Brooklyn,Upper East Side,40.70873664351229,-74.05509849484731,40.654000210683094,-73.97376728524911,Uber,UberXL,2.1143430933337175,1.25,7.750125516667508
2022-02-08 19:47:00,Queens,Financial District,40.77019386815731,-73.93994569416826,40.69196362818975,-74.09498754861647,Uber,UberXL,10.588205668950854,2.18,45.84400462704752
2022-01-31 15:03:00,Financial District,Queens,40.767543631605726,-73.92300912901115,40.70255959800672,-74.02710238903131,Uber,UberSUV,11.552557925012426,1.65,37.483011008473376
2022-03-29 05:06:00,Williamsburg,Upper East Side,40.80578648251043,-74.05669089323541,40.80379174589365,-73.99622241233862,Lyft,Lyft,10.054835161371939,1.0,20.095961532400892
2022-02-10 15:21:00,Brooklyn,Financial District,40.77271993298261,-74.0831717652969,40.61697691673353,-73.92721754913141,Lyft,Lyft,1.4738767236791943,1.0,5.07928426643859
2022-02-19 09:14:00,Harlem,Upper East Side,40.780093749028524,-73.99399250771336,40.650864106739945,-73.94443126331528,Uber,UberPOOL,7.627531612340474,1.59,25.19860671133737
2022-03-23 00:55:00,Harlem,Upper East Side,40.71105520183295,-73.94097812643983,40.77172304313045,-74.00235959601444,Lyft,Lyft Black,10.175240455465516,1.18,23.96187154053629
2022-03-01 10:45:00,Upper East Side,Williamsburg,40.63152658883571,-73.9359741631984,40.736959572171614,-73.99460670309006,Lyft,Lyft,11.338849004199368,1.23,27.481872481539135
2022-03-31 01:46:00,Lower East Side,Queens,40.69297568315038,-74.09438078127074,40.66946975793135,-74.08439186732647,Uber,UberPOOL,2.6268087243052394,1.17,8.303390863014977
2022-02-21 17:55:00,Central Park,Queens,40.79645333847481,-73.93120998630731,40.67142684419101,-74.04866167058898,Uber,UberXL,3.117518167650183,1.75,13.922399388428687
2022-02-04 22:15:00,Bronx,Upper West Side,40.73858117394366,-73.99321292589971,40.74200722283251,-73.9106419717269,Lyft,Lyft Black,10.979594481419785,1.0,21.714290342484624
2022-02-09 18:40:00,Williamsburg,Upper East Side,40.62149643123369,-74.06957707668624,40.61359324918012,-74.06044687162763,Lyft,Lyft Black,1.8868636637182241,2.1,12.184223964164476
2022-02-25 19:45:00,Brooklyn,Harlem,40.71831027664707,-74.06582574459271,40.75607549010073,-74.00265991983204,Uber,UberX,6.842072659834745,2.42,35.02617771440015
2022-02-28 08:58:00,Staten Island,Upper East Side,40.75034392598786,-74.07559206066813,40.7277702615412,-74.07513731460708,Uber,UberBLACK,7.935125333966349,1.58,25.890621548416956
2022-02-15 07:49:00,Central Park,Queens,40.78851818819761,-73.99962389374029,40.698490682596585,-74.10405838687687,Uber,UberSUV,7.721695201754554,2.03,32.506322204233044
2022-02-26 09:02:00,Upper East Side,Central Park,40.753215736013075,-73.92201895647777,40.71651594830345,-74.00287023504998,Lyft,Lyft XL,10.615137181028134,2.3,48.47592715363824
2022-03-08 13:22:00,Manhattan,Staten Island,40.642291085300045,-74.0678053480607,40.669039759324264,-73.95584455165456,Uber,UberXL,11.874751449743751,1.0,23.280815037051564
2022-02-25 18:54:00,Financial District,Harlem,40.66398601175364,-74.08580505359748,40.77839122392492,-74.04298930312204,Lyft,Lyft,2.7169811623989935,2.58,18.717169948231454
2022-01-03 21:00:00,Staten Island,Times Square,40.68531654075146,-73.96664074704742,40.70323712150551,-74.08661342596822,Lyft,Lyft Black,5.965681069801975,1.3,16.821924433799495
2022-03-22 19:30:00,Central Park,Williamsburg,40.648357492281534,-74.06598564449479,40.64723567418238,-73.91220716069543,Lyft,Lyft Black,2.96721998091905,1.85,14.231374688225424
2022-02-04 20:01:00,Queens,Queens,40.69177875365844,-73.93025430673622,40.645801120669596,-74.02639146283882,Lyft,Lyft XL,14.262137504016072,1.0,27.458740632028128
2022-02-05 20:25:00,Manhattan,Harlem,40.623694488566585,-74.04724814668924,40.75907371465189,-73.92312576775485,Uber,UberPOOL,7.228920333298293,1.57,23.786458615737065
2022-01-04 01:36:00,Central Park,Lower East Side,40.61863439221344,-74.07970599524216,40.71047521891332,-73.91025775413164,Uber,UberSUV,11.362234941818969,1.0,22.383911148183195
2022-01-03 09:19:00,Upper West Side,Upper East Side,40.713952615791435,-74.02867111004491,40.70469700487106,-73.97110411816854,Uber,UberSUV,5.242706426207452,2.0,23.349472491726083
2022-01-12 15:51:00,Financial District,Times Square,40.69748989608681,-73.96857357242959,40.719306909339366,-73.95574102055775,Lyft,Lyft Shared,12.713226381896922,1.41,34.894886097330655
2022-02-19 14:26:00,Financial District,Times Square,40.732837419792936,-73.92583907811482,40.67518831014722,-73.90652234236822,Lyft,Lyft Shared,14.251480274192756,1.72,47.19695562532019
2022-03-08 12:05:00,Brooklyn,Staten Island,40.69132655450668,-74.00731391363502,40.74369439986559,-74.06104167697849,Lyft,Lyft XL,1.3944955062483362,1.18,5.829633220402814
2022-01-06 06:02:00,Brooklyn,Staten Island,40.7862478100503,-74.00156711757953,40.761260438719944,-74.06754880147305,Lyft,Lyft,1.3183277673890104,1.23,5.912700519304845
2022-02-06 05:27:00,Staten Island,Upper West Side,40.64330419904538,-74.01452316598251,40.794279189411,-73.9263919303594,Uber,UberPOOL,10.932111763147399,1.0,21.631195585507946
2022-03-11 04:21:00,Manhattan,Harlem,40.78419888478629,-73.93027566085637,40.80077537739317,-74.05486612507653,Uber,UberXL,1.0494763914258762,1.0,4.336583684995284
2022-02-27 07:08:00,Upper East Side,Lower East Side,40.718655272776985,-74.04036852979566,40.69718433573791,-74.03198477463495,Lyft,Lyft Black,4.2106655500803685,1.41,13.914817244823308
2022-01-29 09:27:00,Central Park,Financial District,40.68672276068727,-73.96574764756117,40.66388250783476,-73.99839090494922,Lyft,Lyft,13.403674433255397,1.67,43.3472385311889
2022-03-10 20:45:00,Queens,Times Square,40.782082982241405,-73.99476200144969,40.71095612473465,-74.09622268707452,Lyft,Lyft,6.385227108825459,1.0,13.674147440444553
2022-03-24 10:12:00,Upper East Side,Brooklyn,40.63432682289516,-73.92214753269839,40.72621604434738,-73.94890330123037,Uber,UberX,4.730257770198259,1.14,12.286864251545525
2022-01-09 07:41:00,Central Park,Upper East Side,40.620375102575004,-73.97281290577716,40.72793949620175,-74.08170225322215,Lyft,Lyft,1.9494386368962482,1.34,7.921433603521702
2022-02-09 16:21:00,Lower East Side,Bronx,40.81046178839966,-74.06441693185826,40.76074935902041,-74.06922658141663,Uber,UberX,4.119435226254759,1.86,18.058761661459243
2022-02-07 09:56:00,Queens,Upper East Side,40.69049587910306,-74.09264672708296,40.72375592325644,-74.00991664339517,Lyft,Lyft Black,12.242752330399208,1.65,39.47594735402771
2022-01-08 02:46:00,Brooklyn,Brooklyn,40.6794072016717,-73.93506773576111,40.78960104495647,-73.91843135199997,Uber,UberSUV,9.153449338669517,2.24,41.48152140758451
2022-02-22 14:03:00,Upper East Side,Times Square,40.77647149137737,-74.09481655913424,40.64696223313764,-73.97026932575326,Uber,UberSUV,8.914910883138765,1.14,20.63524721186183
2022-01-19 20:11:00,Upper West Side,Manhattan,40.802057513163405,-73.94724169957603,40.80620590490123,-74.01652062807918,Uber,UberSUV,14.395915754427982,1.2,33.23142308429876
2022-02-15 01:41:00,Times Square,Staten Island,40.690507633019934,-73.94486512990072,40.69294225897509,-74.00145808036235,Lyft,Lyft Shared,5.3566510090891155,1.61,19.117364218108584
2022-03-21 11:23:00,Times Square,Manhattan,40.75971420905777,-74.03675378760113,40.73889408093531,-74.09636394031796,Uber,UberXL,9.021381135700743,1.13,20.664781195848214
2022-01-19 11:15:00,Times Square,Upper West Side,40.745061717713334,-73.94787521629692,40.631717366830486,-73.920194682092,Lyft,Lyft Black,13.534577773567092,1.33,34.826729767977405
2022-02-07 11:10:00,Lower East Side,Bronx,40.7656467435876,-73.93663324551795,40.681791330565034,-73.99454619547521,Uber,UberX,12.33418184068292,1.0,24.08481822119511
2022-02-13 11:49:00,Staten Island,Staten Island,40.75402578243999,-73.93326135533913,40.63177623973121,-74.00479502413242,Lyft,Lyft,9.325866652138114,1.07,20.137685306128617
2022-03-21 06:48:00,Manhattan,Financial District,40.703352101454556,-74.04367581004232,40.632047901912784,-74.09179092708285,Uber,UberXL,13.545524880177187,1.0,26.204668540310077
2022-01-30 05:35:00,Central Park,Manhattan,40.80366532667246,-73.94873421683832,40.76818809573186,-74.05718241872864,Lyft,Lyft Shared,7.2065762200017724,1.24,18.738270397403845
2022-01-09 23:36:00,Financial District,Lower East Side,40.657244781291524,-73.91816708132964,40.622944793034726,-73.91545358102724,Uber,UberPOOL,8.289420570233004,2.07,35.20342601566905
2022-02-04 16:01:00,Harlem,Brooklyn,40.756176393573114,-74.01946462920021,40.70253073872822,-74.06908401395395,Uber,UberSUV,14.855922328318758,2.08,59.27555727508028
2022-01-16 16:26:00,Upper West Side,Upper West Side,40.79830038953489,-73.91620110468358,40.737580911388974,-74.05347337814693,Lyft,Lyft Shared,5.474420878818833,2.0,24.160473075865916
2022-03-30 12:33:00,Bronx,Williamsburg,40.72911861339166,-73.92373659284317,40.77833975674357,-73.9957748267264,Lyft,Lyft Black,12.490499065624999,1.0,24.358373364843747
2022-03-03 22:32:00,Times Square,Staten Island,40.716107981179505,-74.03273453443914,40.6324545980144,-73.99928968210715,Lyft,Lyft Shared,12.509864044173781,1.14,27.80717876812669
2022-02-25 08:59:00,Manhattan,Manhattan,40.75201863929324,-74.01787244412542,40.769209783039244,-73.9280616082913,Uber,UberX,1.1697269642225803,2.45,11.140204359104313
2022-01-09 11:35:00,Central Park,Manhattan,40.623506464034186,-74.0539200778239,40.63726545512582,-73.92679559012377,Uber,UberSUV,1.9757864226908735,1.13,6.732117650871202
2022-03-17 20:15:00,Queens,Brooklyn,40.77985105336685,-74.01408457158179,40.80939801115869,-74.05253832786433,Lyft,Lyft Black,7.453568929552048,1.0,15.543745626716085
2022-01-22 22:32:00,Queens,Staten Island,40.80166543602173,-73.95158583927089,40.68085229125131,-73.96880138864196,Lyft,Lyft Shared,13.395020627334427,1.45,37.614864841861106
2022-03-18 02:03:00,Financial District,Manhattan,40.6526805753532,-74.08346005247274,40.615245244414695,-74.04993289638654,Lyft,Lyft Black,4.9034975100178375,1.6,17.729793028049947
2022-03-17 18:16:00,Queens,Times Square,40.7342126776241,-74.10283998472859,40.68589050912677,-74.0478306542888,Uber,UberX,6.362147393717983,1.12,15.269808891687248
2022-03-15 08:24:00,Queens,Bronx,40.68844306602473,-74.02782045278667,40.619603939570396,-73.95721549556463,Uber,UberSUV,7.905712319655112,1.01,16.49834652499041
2022-03-25 02:17:00,Central Park,Upper East Side,40.65562814230721,-73.92784869045167,40.68679675135876,-73.91204055350697,Lyft,Lyft Black,14.6918041105318,1.04,29.339083481167876
2022-03-31 18:39:00,Williamsburg,Lower East Side,40.616937195430125,-74.06993039022299,40.74170574482076,-73.94776681958297,Lyft,Lyft Black,14.477688321774119,2.33,64.85777413203397
2022-01-08 08:30:00,Times Square,Staten Island,40.77759222955387,-73.91354894513886,40.76313919698739,-74.04052685792496,Lyft,Lyft Black,2.268522258915496,2.03,13.133925324797298
2022-03-31 01:41:00,Financial District,Times Square,40.79919416572721,-74.05391457216454,40.75291069028619,-74.06886411703253,Lyft,Lyft,5.900234623623369,1.19,15.262238603695666
2022-01-30 06:55:00,Central Park,Upper West Side,40.635922169153005,-74.06102403815433,40.639590836869864,-73.981961703575,Lyft,Lyft,5.82186333090371,1.13,14.337734736862085
2022-01-26 14:11:00,Williamsburg,Times Square,40.616818876673,-74.08076159008931,40.77856806725109,-74.02488348180523,Uber,UberXL,7.328124601189794,1.0,15.32421805208214
2022-03-26 21:26:00,Staten Island,Brooklyn,40.74640238331979,-74.00160973467784,40.759361595561224,-73.99476738522873,Lyft,Lyft XL,14.053561848942035,2.19,59.33527578607035
2022-03-19 02:54:00,Lower East Side,Times Square,40.64794975370715,-73.9276335020578,40.61589908652833,-73.99326617594483,Lyft,Lyft Shared,13.530114245884787,2.13,55.758500851535544
2022-03-18 16:43:00,Bronx,Staten Island,40.71647455099398,-74.05767950609989,40.64060487972656,-74.07178249974439,Lyft,Lyft,13.96929421938024,1.95,52.54521652363506
2022-02-28 23:25:00,Queens,Upper West Side,40.79968881076365,-74.04185238190294,40.67370048448037,-73.90612381654738,Uber,UberXL,9.878654968070554,1.0,19.78764619412347
2022-02-24 22:09:00,Central Park,Williamsburg,40.695405763611966,-73.97193414969048,40.68496742059944,-74.00403243133037,Uber,UberXL,7.349835776147166,1.0,15.36221260825754
2022-02-20 19:07:00,Manhattan,Lower East Side,40.788368711550824,-73.9308936529166,40.67383472842398,-74.09858208044737,Lyft,Lyft XL,4.731057811632488,1.94,20.911941270492296
2022-03-28 14:54:00,Queens,Financial District,40.67154892277101,-74.0931817836836,40.639357285141514,-73.94310148769091,Lyft,Lyft,7.31823314489335,1.29,19.74591132459674
2022-02-07 08:49:00,Bronx,Staten Island,40.63463739371617,-73.94715644471347,40.776998355241766,-73.98587153484644,Lyft,Lyft,9.116503284945589,2.28,42.0748481069329
2022-01-29 13:23:00,Upper East Side,Upper West Side,40.79742562539141,-74.01744676642336,40.67242941096797,-73.97503835806869,Lyft,Lyft Shared,11.898937503637201,1.0,23.323140631365103
2022-01-20 14:29:00,Upper East Side,Central Park,40.780027882131414,-74.07872469971254,40.68941782420471,-74.07544494280009,Lyft,Lyft Black,13.065447695726247,1.1,27.90098681427303
2022-03-13 19:45:00,Bronx,Upper West Side,40.796275180432744,-74.0526130781043,40.74799137750181,-74.05186825520802,Uber,UberBLACK,1.374072722515852,1.29,6.326969171079536
2022-02-19 17:01:00,Central Park,Queens,40.6906957487747,-73.9909165281573,40.649318491042116,-74.03298658608642,Lyft,Lyft Shared,10.816443215106066,1.4,30.000285877009862
2022-02-14 11:28:00,Manhattan,Central Park,40.77587596189102,-73.95922372328634,40.79990317826608,-73.923692703435,Uber,UberX,8.92692769182571,1.0,18.122123460694993
2022-01-30 22:43:00,Bronx,Manhattan,40.79995317940166,-73.9801143591667,40.70250576488169,-74.05723851352097,Lyft,Lyft Shared,13.054728975274564,2.82,71.47508749297997
2022-02-17 12:01:00,Bronx,Manhattan,40.79953061373104,-73.9349285097307,40.76765663193989,-73.99459653648512,Lyft,Lyft Black,11.727540285318682,1.0,23.023195499307693
2022-03-06 19:20:00,Brooklyn,Upper East Side,40.65242218442691,-74.05639707829047,40.67626238997588,-73.91393839357261,Uber,UberXL,11.383640939001975,1.35,30.268851718392167
2022-02-24 07:41:00,Bronx,Upper West Side,40.63862662204298,-73.90971092585913,40.688568190272655,-74.00109280113078,Lyft,Lyft XL,8.883724209421157,1.75,31.58140539135229
2022-02-08 08:24:00,Lower East Side,Upper West Side,40.62047582280401,-73.99218949581137,40.81006588576671,-74.02973871331103,Uber,UberPOOL,3.1964857249904073,2.71,21.934333550767008
2022-02-26 23:41:00,Upper East Side,Queens,40.675244446859395,-73.98405670654125,40.79266886449338,-74.07319666717224,Lyft,Lyft Shared,13.869783069248657,2.76,73.89105222447101
2022-01-02 00:38:00,Lower East Side,Queens,40.766869668700345,-74.05145473056238,40.790587572249166,-74.08104775899602,Lyft,Lyft,3.31687890542958,1.7,14.117714743653
2022-03-31 06:47:00,Staten Island,Bronx,40.710969582101704,-73.96050748275036,40.72453033579732,-74.04541921993325,Lyft,Lyft Black,4.697189316074002,1.0,10.720081303129504
2022-01-30 04:43:00,Lower East Side,Upper East Side,40.79037070962147,-73.9492211240065,40.70581422900981,-73.98282815921058,Uber,UberX,9.973172262143486,1.12,22.347417633801232
2022-03-11 01:12:00,Williamsburg,Financial District,40.7797547369568,-73.98712740406536,40.65112824939406,-74.06346217719438,Uber,UberSUV,11.872347542726455,1.28,29.794058495707258
2022-02-12 17:39:00,Staten Island,Lower East Side,40.613060203952124,-74.07541392460391,40.67920716754975,-73.96539574851585,Lyft,Lyft,13.230879089263006,1.6,41.04646144993642
2022-03-20 16:46:00,Brooklyn,Upper West Side,40.70244606182443,-74.01273578751156,40.65640817602202,-74.07136552385329,Uber,UberBLACK,10.463396846454822,2.22,46.20029674847699
2022-02-11 20:20:00,Brooklyn,Staten Island,40.729819169533926,-73.94634481928861,40.80865725673564,-74.02442006516345,Uber,UberSUV,1.8123465038909,1.0,5.671606381809075
2022-03-10 23:11:00,Staten Island,Financial District,40.78146108553966,-73.93614083675621,40.742863857157786,-73.92193523149335,Uber,UberX,12.399160584764601,1.22,29.522207848472423
2022-03-19 03:00:00,Times Square,Lower East Side,40.711091384449226,-73.96457781835217,40.68397271742927,-73.93724681722482,Lyft,Lyft Black,5.169770406937289,1.83,21.13118972821667
2022-02-03 11:31:00,Queens,Times Square,40.7250207078738,-74.10448840681654,40.68454936356093,-73.94337254091678,Uber,UberPOOL,4.829631278542949,1.29,14.127892611310708
2022-01-18 11:14:00,Williamsburg,Upper East Side,40.70447266963399,-74.0278379942207,40.717393160603486,-74.01514170850984,Lyft,Lyft,10.304750711401407,1.0,20.533313744952462
2022-02-04 07:31:00,Upper East Side,Times Square,40.74688048511464,-73.96845721565359,40.80580059950438,-74.04297156064956,Lyft,Lyft XL,4.677827599866144,2.02,21.58612056552682
2022-03-15 21:55:00,Harlem,Queens,40.761290186424084,-74.02699738419263,40.73440273954734,-73.96280139789924,Uber,UberSUV,14.987187245539218,1.23,35.33492054602316
2022-02-03 10:30:00,Upper West Side,Queens,40.7133397468154,-74.01977411094494,40.675921869597225,-73.91443087085618,Lyft,Lyft Shared,7.850139582514479,1.2,19.485293123280403
2022-03-15 15:53:00,Financial District,Queens,40.77265290511956,-74.01302177882792,40.779834833924575,-74.05485765073061,Lyft,Lyft XL,14.993041362237728,1.63,46.84265048578311
2022-01-20 04:27:00,Upper West Side,Upper West Side,40.67017548827599,-74.03881540885723,40.68405470118648,-74.02594930933424,Uber,UberBLACK,11.50187923512735,1.0,22.62828866147286
2022-02-28 19:07:00,Upper East Side,Brooklyn,40.66577938983629,-74.09930746995111,40.80002798135052,-74.06496849151323,Uber,UberPOOL,2.4252997482983885,1.8,12.139694207139923
2022-02-04 21:13:00,Upper West Side,Manhattan,40.642191850628,-74.05791576381917,40.68327527452486,-73.95573542002893,Uber,UberPOOL,7.478890078782367,1.0,15.588057637869142
2022-01-30 23:30:00,Bronx,Williamsburg,40.74052311185099,-74.04456177615339,40.6652086673915,-74.04815544206419,Lyft,Lyft XL,12.860377115856972,2.45,61.26386688423677
2022-03-05 02:31:00,Queens,Upper East Side,40.614283278210635,-73.97363425349558,40.6738424270377,-74.03554603521988,Lyft,Lyft XL,11.694730670230085,1.42,32.611405715521755
2022-01-25 17:15:00,Financial District,Central Park,40.66141321942355,-74.08414450765012,40.730065299633864,-74.00688299915876,Uber,UberX,8.293991883238528,2.91,49.51215366539221
2022-02-13 12:51:00,Queens,Queens,40.743534971510435,-73.91471928349905,40.76933530079626,-74.05684296066396,Lyft,Lyft,14.858260792389373,1.0,28.501956386681403
2022-02-26 19:02:00,Williamsburg,Staten Island,40.80895774088778,-74.04842993031087,40.73461311735353,-74.02546238960147,Uber,UberBLACK,13.81107345365757,2.17,57.87255144026462
2022-01-10 00:56:00,Harlem,Upper East Side,40.791734365721986,-73.9490921664207,40.78302336221591,-74.05918130580874,Uber,UberPOOL,7.226606148979975,1.06,16.055354406357853
2022-03-24 19:24:00,Harlem,Manhattan,40.6465706859509,-73.95646869267699,40.66195064376559,-73.99218858190423,Lyft,Lyft XL,5.682332430562091,2.26,28.123624762873064
2022-01-14 20:35:00,Manhattan,Upper West Side,40.65832240204597,-74.0172820765146,40.75011051692701,-73.94160903338384,Lyft,Lyft,7.326922721684168,1.0,15.322114762947294
2022-03-30 04:18:00,Staten Island,Central Park,40.62658093704289,-73.95174292304402,40.77302366918972,-73.9806817823245,Lyft,Lyft Shared,1.121338356791781,1.26,5.622551076725878
2022-01-26 14:08:00,Manhattan,Lower East Side,40.70099652095355,-74.06387710745031,40.651745898849384,-73.9634353207904,Uber,UberBLACK,12.313581730258594,1.0,24.04876802795254
2022-01-02 05:27:00,Central Park,Upper East Side,40.781319641988375,-74.00371528336456,40.78790389070928,-74.0721073778336,Uber,UberX,5.754831427048076,1.0,12.570954997334134
2022-02-17 13:30:00,Bronx,Bronx,40.810430721098584,-73.93400540925151,40.69070879590296,-73.97626426647194,Lyft,Lyft XL,14.522770562918241,1.0,27.914848485106923
2022-02-25 22:12:00,Central Park,Queens,40.771775133819055,-73.97298036742158,40.70760177787313,-74.08366652720882,Uber,UberPOOL,6.271977817735735,1.0,13.475961181037537
2022-02-16 20:03:00,Harlem,Queens,40.641406744882126,-73.94238380504692,40.70562582356636,-73.92629274818718,Lyft,Lyft Shared,10.725801383662336,1.0,21.270152421409087
2022-03-31 09:00:00,Upper East Side,Upper East Side,40.7639876813154,-74.02545816710705,40.68841416769122,-74.07492467639462,Uber,UberX,7.11395791848882,1.27,18.985771473841403
2022-03-23 22:39:00,Harlem,Brooklyn,40.67657510983286,-73.95985533794666,40.63316706410506,-74.10199517910183,Uber,UberSUV,12.829580955148613,1.12,27.945978672091282
2022-01-08 13:17:00,Harlem,Upper West Side,40.68840677242156,-74.07772995501823,40.632770031738886,-73.97939168106491,Uber,UberPOOL,14.171880532807556,1.0,27.30079093241322
2022-03-11 23:32:00,Upper East Side,Central Park,40.64912949175846,-73.92544019132939,40.78621155631797,-73.92316358581327,Uber,UberXL,5.169830885069436,1.0,11.547204048871512
2022-01-17 23:17:00,Upper East Side,Upper West Side,40.76694912264826,-74.10378147705292,40.72170883156113,-73.91841349474004,Lyft,Lyft,4.490770400569225,1.1,11.39473302109576
2022-01-28 14:25:00,Brooklyn,Bronx,40.739565914734364,-74.01339635441559,40.73479837626586,-74.07113389094894,Uber,UberXL,5.821812072499757,1.0,12.688171126874575
2022-03-27 20:17:00,Williamsburg,Williamsburg,40.71070887066804,-74.09440076481563,40.77701831911762,-74.04720717283615,Uber,UberXL,5.812403983184664,3.0,38.015120911719485
2022-01-07 12:21:00,Queens,Bronx,40.75162993791545,-73.9855527422953,40.73341071575256,-74.07614700325563,Uber,UberSUV,7.118204291937411,1.2,17.948229013068563
2022-03-07 03:15:00,Brooklyn,Bronx,40.740266595544796,-73.96412865940746,40.732548448067774,-74.02422719573728,Uber,UberXL,10.721488720059341,1.0,21.262605260103847
2022-02-24 12:10:00,Lower East Side,Williamsburg,40.664293700128255,-74.0913149577057,40.79394967216833,-74.03900102788268,Lyft,Lyft XL,5.253886761843881,1.13,13.214561071546273
2022-03-16 09:11:00,Queens,Harlem,40.74560271671915,-74.05885899327087,40.71523482961735,-73.91842573033895,Lyft,Lyft,6.619486716224728,1.89,26.618952313913287
2022-02-22 06:51:00,Central Park,Financial District,40.61793735486189,-74.09499045645956,40.7427974337392,-73.96123290401654,Lyft,Lyft,9.089236543077265,1.0,18.406163950385213
2022-01-01 10:37:00,Staten Island,Queens,40.66446166402008,-73.91357943310965,40.796687476879086,-73.9753712277344,Lyft,Lyft Shared,7.394126578966526,1.0,15.43972151319142
2022-01-13 06:40:00,Staten Island,Brooklyn,40.689507225900115,-73.96929166644988,40.64550479705276,-73.96539902066692,Uber,UberX,5.949301429250992,1.0,12.911277501189236
2022-03-22 01:49:00,Queens,Brooklyn,40.703308677426136,-73.94395292992823,40.689386350697134,-73.94011917996428,Uber,UberXL,8.146925742918452,1.0,16.75712005010729
2022-03-21 21:05:00,Lower East Side,Financial District,40.797937051438474,-74.07320452443473,40.79485048816878,-73.91241053437106,Lyft,Lyft,4.287258235268828,1.0,10.002701911720449
2022-02-03 03:02:00,Central Park,Manhattan,40.66868946112013,-73.99578575068925,40.64546137313101,-73.9067976838225,Lyft,Lyft Shared,12.812583828883142,1.25,31.152527125681875
2022-03-31 12:56:00,Central Park,Upper West Side,40.62624228809012,-74.02305158300528,40.7025086513017,-73.98104201512649,Lyft,Lyft,13.060906893442,1.19,30.174338605592965
2022-02-06 03:10:00,Upper East Side,Brooklyn,40.66733139127973,-74.02492527015465,40.61929074506784,-73.96641729212168,Lyft,Lyft Shared,14.397884438778489,1.23,34.0664462544707
2022-02-14 14:40:00,Times Square,Upper West Side,40.71895070913668,-74.08803867954585,40.67883207109708,-73.97853363439452,Uber,UberPOOL,3.442973670562674,1.41,12.020537532113398
2022-03-19 20:06:00,Bronx,Brooklyn,40.68349726872567,-73.9976973856422,40.640848349494654,-74.04302379317238,Lyft,Lyft,12.005335646355773,1.82,42.78699403364314
2022-01-17 09:15:00,Upper West Side,Staten Island,40.72295198629589,-74.09784512135275,40.75671264294608,-73.96577971802144,Uber,UberX,8.039939193074538,1.93,31.979894624609255
2022-01-31 05:19:00,Upper East Side,Upper East Side,40.672155043289514,-73.91599540180366,40.697222519452914,-74.0465771351811,Lyft,Lyft,8.440932107748438,1.0,17.271631188559766
2022-02-18 14:51:00,Times Square,Upper West Side,40.78121841107828,-74.0305150227118,40.71322017716741,-74.08273926645795,Lyft,Lyft Black,3.0616348106575666,1.74,13.67267799845229
2022-02-28 12:45:00,Upper East Side,Harlem,40.72428263228368,-74.03300152343691,40.64780662944987,-73.95325151236815,Lyft,Lyft XL,10.805429739531355,1.12,23.97864228948146
2022-02-01 11:40:00,Williamsburg,Queens,40.79551512651804,-74.0721450028771,40.7773517854165,-73.96935323304216,Uber,UberSUV,6.123125910540801,1.2,15.858564412135681
2022-01-07 11:57:00,Brooklyn,Upper East Side,40.71093487807052,-73.98697388471865,40.68446467457764,-74.09843067304521,Lyft,Lyft Shared,4.668718730102301,1.11,11.843986133223723
2022-02-26 09:26:00,Williamsburg,Upper East Side,40.64291692926985,-74.04006103190129,40.64557599528492,-74.03548574580626,Lyft,Lyft Shared,5.039119687681145,1.63,18.449088909110465
2022-01-21 10:39:00,Queens,Lower East Side,40.78157786606153,-74.04723044753406,40.647911165815174,-73.91625382626388,Lyft,Lyft Shared,14.431427262746523,1.24,34.41619716015995
2022-03-12 21:44:00,Queens,Lower East Side,40.67073091778502,-74.02740851801013,40.750201272587695,-73.94849402786922,Uber,UberXL,9.506375862632048,2.77,53.007156994108854
2022-03-20 13:17:00,Williamsburg,Williamsburg,40.673336128758265,-74.09768171000916,40.793210447675705,-74.0397352621642,Uber,UberXL,7.402835949975641,1.27,19.627802898820864
2022-02-28 22:52:00,Central Park,Manhattan,40.622605824217466,-74.10112988102057,40.63827477701991,-73.98090911291119,Uber,UberBLACK,3.2322360364090486,1.0,8.156413063715835
2022-02-20 13:39:00,Times Square,Williamsburg,40.77676785357737,-74.01333141606153,40.690191205367086,-73.99885972133276,Lyft,Lyft,2.6366018639032616,2.05,14.58380918675295
2022-03-03 21:42:00,Manhattan,Brooklyn,40.66071294449973,-73.98522552937979,40.745229823780136,-74.01706001975083,Uber,UberXL,6.225670181427331,1.0,13.394922817497829
2022-01-12 21:05:00,Brooklyn,Upper East Side,40.758831923632385,-74.06307122250564,40.77017128465733,-74.09578719126046,Uber,UberSUV,10.201268144452166,1.0,20.35221925279129
2022-03-05 16:26:00,Upper East Side,Bronx,40.721664306333814,-73.97783989620487,40.67235219303794,-73.9660317499709,Uber,UberSUV,2.7324554840541833,2.1,15.291773903899124
2022-02-18 09:12:00,Financial District,Harlem,40.79336211995511,-73.96965429851977,40.78224473649685,-74.03744668708502,Uber,UberXL,4.658038678759571,2.83,30.143936556556778
2022-02-04 06:49:00,Financial District,Lower East Side,40.751606104176645,-74.07647304731732,40.64857985584564,-74.05808895040958,Lyft,Lyft Shared,6.067652078562136,1.39,18.234563681102397
2022-03-05 06:55:00,Times Square,Upper West Side,40.728290449859024,-73.98222901374156,40.61840444600254,-73.91396903293274,Uber,UberBLACK,13.321464809060354,1.18,30.458824830709627
2022-03-30 12:26:00,Upper East Side,Central Park,40.76121729497386,-74.10505453788603,40.6824471249432,-73.9633341496449,Lyft,Lyft,10.125811696307325,1.0,20.22017046853782
2022-03-05 06:30:00,Central Park,Harlem,40.745366721225714,-74.01546693686042,40.78912831635033,-73.97217732861783,Uber,UberPOOL,8.386401920842285,1.0,17.176203361474
2022-01-20 01:58:00,Upper East Side,Harlem,40.779599620957015,-73.9122425414083,40.72147055199746,-74.02888720789355,Lyft,Lyft Black,14.07810991240797,1.0,27.136692346713946
2022-03-01 11:09:00,Central Park,Harlem,40.79803026851911,-73.96791648569884,40.76586652232383,-73.99377863897259,Uber,UberBLACK,11.492062917196868,1.08,24.41999891350208
2022-01-03 09:21:00,Lower East Side,Manhattan,40.70908837581671,-73.94785717157535,40.65303142789478,-73.94795520645698,Uber,UberSUV,3.367249164931395,2.03,17.03715265841878
2022-01-01 00:44:00,Manhattan,Williamsburg,40.692876319360415,-73.92037828698028,40.787748373458456,-73.96467384344122,Lyft,Lyft Black,5.525414141762184,1.69,20.56641232426166
2022-02-15 04:36:00,Staten Island,Bronx,40.61637130483671,-73.9461146164696,40.62702656237497,-73.96455588361644,Lyft,Lyft XL,10.846416296896274,1.27,27.28116021985197
2022-02-07 12:43:00,Central Park,Manhattan,40.7383353272271,-73.9582094740178,40.691413998495754,-73.91922912607374,Uber,UberSUV,14.704843453946623,1.0,28.23347604440659
2022-03-01 20:59:00,Queens,Upper West Side,40.76490172330988,-74.08335193314332,40.656808954099425,-74.03314939327244,Uber,UberSUV,7.692268320747962,1.04,16.59992834376129
2022-01-02 09:20:00,Manhattan,Upper West Side,40.6162997645387,-73.97143673425413,40.670702242159926,-74.01069205484097,Lyft,Lyft Black,11.48327513882285,2.33,52.64805437855017
2022-02-12 05:21:00,Upper East Side,Queens,40.70243336559198,-73.98390814447089,40.65900945772464,-74.03529224305886,Uber,UberX,4.80476362585935,1.26,13.744503795019865
2022-01-22 19:31:00,Bronx,Bronx,40.624221063590724,-73.94059532647552,40.70506927166322,-73.9718066616879,Uber,UberXL,3.062525848711582,1.36,10.688811519933566
2022-03-04 23:32:00,Harlem,Harlem,40.70298359918305,-73.9989672931043,40.80927759510465,-74.02351674964376,Lyft,Lyft XL,12.542877369152173,1.0,24.450035396016304
2022-02-18 08:52:00,Staten Island,Upper East Side,40.61944080490864,-74.10500669755987,40.78213746807215,-74.05405902114835,Uber,UberXL,7.662847597603172,2.62,41.68415623501054
2022-02-19 18:10:00,Times Square,Brooklyn,40.771584907293345,-73.98773867697646,40.69014960165076,-73.91334501801119,Lyft,Lyft,14.078075624560272,2.57,69.74114512145982
2022-01-23 18:30:00,Lower East Side,Manhattan,40.675964080024734,-73.91134378539141,40.77054253308123,-74.03759174484507,Uber,UberSUV,13.925617635861371,2.78,74.69812979846557
2022-03-21 10:49:00,Brooklyn,Lower East Side,40.77797510191262,-73.98409771034041,40.68926450141831,-73.95009455758232,Uber,UberBLACK,8.137539964209518,1.0,16.740694937366655
2022-01-17 09:40:00,Upper West Side,Financial District,40.80216706218256,-73.98813907452627,40.80761615415747,-73.95866340934644,Uber,UberPOOL,13.12836308976905,2.58,65.72455935030726
2022-03-12 04:58:00,Staten Island,Brooklyn,40.79802081692668,-74.03651389592648,40.65909673792772,-73.973155320631,Lyft,Lyft,3.4842643598178378,1.15,9.887082024133397
2022-03-19 10:59:00,Upper West Side,Financial District,40.64272369478905,-73.9789412449462,40.66497304451324,-73.97160354823816,Lyft,Lyft XL,8.41927802620789,1.0,17.233736545863806
2022-03-31 10:17:00,Upper West Side,Lower East Side,40.67981819506862,-74.02844027319124,40.724406105707864,-74.04568441093382,Lyft,Lyft,9.568606235026653,1.08,20.784665784200378
2022-01-28 03:18:00,Lower East Side,Manhattan,40.74303131815346,-73.99409975889604,40.787782178381924,-73.92154818261125,Lyft,Lyft Black,2.2899883500303666,1.0,6.507479612553142
2022-02-05 00:02:00,Queens,Upper East Side,40.70059656028462,-73.98361308966598,40.614899951761025,-73.95053936208468,Lyft,Lyft Black,9.395889907917697,2.09,39.590467338208974
2022-03-17 04:52:00,Upper East Side,Upper East Side,40.71255251767839,-73.94900879728884,40.71234414561679,-73.92986101079386,Lyft,Lyft Black,9.056520960711632,1.24,22.75265048474424
2022-03-01 22:05:00,Central Park,Brooklyn,40.76903249528326,-74.03958488469944,40.771921007239676,-74.02686670378971,Uber,UberSUV,4.844637261413357,1.0,10.978115207473376
2022-01-07 19:03:00,Harlem,Harlem,40.760291343410714,-74.06158008414086,40.797295682173925,-73.93057486333821,Lyft,Lyft Shared,1.8566261362051275,2.06,11.843137221019484
2022-01-07 23:30:00,Upper East Side,Manhattan,40.75493364808839,-73.91129818479203,40.62938357042181,-74.02490489936824,Lyft,Lyft Black,14.752684249121732,1.25,35.39649679495379
2022-03-24 01:52:00,Queens,Bronx,40.7189488941478,-73.95629380267751,40.67684557292689,-73.9520617463134,Uber,UberXL,9.52300544357467,1.21,23.18996402676936
2022-01-05 13:53:00,Staten Island,Staten Island,40.76611805921914,-74.06228078216904,40.706420877056146,-73.97177540698313,Uber,UberBLACK,14.451903453133836,1.24,34.46063049330042
2022-01-26 01:17:00,Brooklyn,Brooklyn,40.61929573512589,-74.02715912908373,40.7528290056881,-74.05964443830987,Uber,UberPOOL,14.598291713156371,1.0,28.04701049802365
2022-03-30 13:27:00,Manhattan,Financial District,40.7885868414496,-73.94089764709656,40.63041708378628,-74.05750840548117,Uber,UberXL,6.074694723919338,1.06,13.918558712870373
2022-01-04 10:25:00,Staten Island,Williamsburg,40.72574964818883,-74.07085712509034,40.66665576767325,-73.90908864609325,Lyft,Lyft,6.939496370923413,1.01,14.790559835607132
2022-03-15 09:54:00,Harlem,Staten Island,40.744381655651004,-73.99097777398356,40.66159563798559,-73.97853573606851,Lyft,Lyft Shared,7.998321530895293,1.38,22.76594649711213
2022-02-28 16:39:00,Financial District,Harlem,40.78829770304803,-73.99737028524855,40.7061438898476,-74.09156161720713,Lyft,Lyft XL,13.016959120064124,2.22,56.12088618144912
2022-03-21 11:11:00,Manhattan,Staten Island,40.78289969968822,-73.92055301959657,40.757502021684545,-73.9072140084442,Lyft,Lyft Black,11.809811656403118,1.12,25.947230846550116
2022-03-04 04:58:00,Times Square,Central Park,40.80891258472894,-74.03457250598206,40.7018463638574,-73.93270414980414,Uber,UberXL,7.8796280834954695,1.72,28.017680531321364
2022-01-14 14:05:00,Queens,Financial District,40.74088037835814,-74.01588876397419,40.66299613896594,-74.02020873442399,Uber,UberSUV,3.3835580573945947,1.11,9.347561526489
2022-01-29 07:29:00,Upper East Side,Queens,40.798995606148864,-74.0775265977117,40.6299308875527,-74.02181274575555,Lyft,Lyft Shared,12.745571534445961,1.55,38.44736278718467
2022-01-23 02:44:00,Times Square,Bronx,40.69997057735064,-73.92854610765544,40.69659871619569,-74.09772613057312,Uber,UberBLACK,4.1762556749264474,2.51,24.61920305211442
2022-03-11 08:44:00,Financial District,Central Park,40.69116742908937,-74.08471321392015,40.74164947958746,-74.06467231226965,Lyft,Lyft Shared,8.781874663187567,1.39,24.836910118203757
2022-02-06 12:08:00,Financial District,Upper West Side,40.658592700242124,-74.04175773364366,40.62533079867208,-73.98814985235941,Lyft,Lyft XL,9.394070680190856,1.75,33.1443414580845
2022-03-01 00:27:00,Financial District,Financial District,40.76247816700852,-74.10459423426994,40.675284971542325,-74.08847648071847,Uber,UberSUV,11.616967468239045,1.37,31.276679505103115
2022-01-25 04:43:00,Queens,Harlem,40.65906154845378,-74.01265861195682,40.678195221624115,-74.066374875008,Uber,UberBLACK,7.9822908721496075,1.0,16.469009026261816
2022-02-15 23:57:00,Upper West Side,Staten Island,40.7081220794938,-74.05308660003372,40.64223857328089,-73.99619597444641,Uber,UberSUV,3.2340812126330607,1.0,8.159642122107856
2022-01-18 19:00:00,Financial District,Williamsburg,40.786424414154276,-74.0514108267905,40.694633998275336,-73.95238375018496,Uber,UberXL,1.9512865566283286,2.49,14.727731170507942
2022-03-13 11:03:00,Times Square,Financial District,40.72519699514743,-74.03211524921929,40.679423259322014,-74.096003388294,Lyft,Lyft,13.66578085859468,1.33,35.13210494837912
2022-02-23 03:24:00,Manhattan,Williamsburg,40.751987999036174,-74.08851343120516,40.70022021596478,-73.98392809409084,Uber,UberXL,5.948803730733559,1.0,12.910406528783728
2022-03-29 14:49:00,Bronx,Lower East Side,40.66867528820984,-73.99334199361078,40.76564765876271,-73.93375679700934,Lyft,Lyft Shared,2.412471859309747,1.0,6.721825753792057
2022-02-15 20:32:00,Central Park,Williamsburg,40.627572909525995,-74.0750106368011,40.7715276079903,-74.10401343590817,Uber,UberBLACK,1.4239030114320932,1.2,5.990196324007396
2022-03-29 09:03:00,Williamsburg,Central Park,40.721486667366015,-73.94660095705795,40.70739749434783,-74.08864982578946,Lyft,Lyft Black,6.971840357240092,2.03,29.842462869095424
2022-03-09 16:43:00,Manhattan,Staten Island,40.628755523692845,-74.03630695567321,40.68115649199207,-74.04203651036988,Uber,UberBLACK,13.628142318493412,1.11,29.247666453673453
2022-03-20 23:02:00,Bronx,Times Square,40.749438612141255,-73.933601087705,40.803207263636224,-74.02539077403448,Lyft,Lyft XL,9.234077923404634,2.04,38.065658186554536
2022-02-09 15:38:00,Bronx,Brooklyn,40.795446881257796,-73.94738356846022,40.79448488066566,-74.09717381456342,Lyft,Lyft Shared,1.6919708480179638,1.08,5.897824902753952
2022-02-27 15:30:00,Harlem,Times Square,40.65999465904956,-73.96020534257599,40.69686165564639,-73.91822601974144,Lyft,Lyft,1.6222535869194035,1.0,5.338943777108956
2022-01-12 02:25:00,Harlem,Upper East Side,40.73021791547649,-74.04585257331715,40.758714282217056,-73.95124958802926,Lyft,Lyft XL,11.155260034995873,1.22,26.866480174716187
2022-03-16 08:35:00,Central Park,Financial District,40.717295416381866,-73.90965450705075,40.76910694606411,-74.067175003246,Lyft,Lyft Shared,12.129340959439743,2.09,49.58806455915086
2022-03-21 19:40:00,Upper West Side,Staten Island,40.68459281819486,-73.92999611155321,40.627325272929944,-73.92443862692913,Lyft,Lyft,4.920600635657001,2.26,25.110975514023437
2022-02-24 02:00:00,Financial District,Financial District,40.73269709557483,-74.10098906227623,40.64752135618074,-74.05989506312132,Uber,UberXL,13.88393171993069,1.17,31.352350196558085
2022-01-05 12:09:00,Manhattan,Financial District,40.64625371530351,-74.08352472802423,40.77917990988527,-74.08606302080577,Lyft,Lyft XL,11.012700085347866,1.0,21.772225149358768
2022-01-07 21:27:00,Staten Island,Financial District,40.76683682209813,-74.04269753610393,40.687194825068325,-74.04399010326848,Lyft,Lyft,3.347923030689682,1.0,8.358865303706944
2022-01-10 19:21:00,Central Park,Upper West Side,40.62475469948455,-74.06953438096136,40.756951307892365,-74.08457888272979,Lyft,Lyft Shared,10.804896763503358,1.97,42.17488159217782
2022-02-15 00:24:00,Brooklyn,Upper East Side,40.62222963994992,-73.99245437401547,40.674397960753005,-74.03391649667617,Uber,UberXL,12.450795561954578,1.0,24.288892233420512
2022-03-11 14:09:00,Bronx,Upper East Side,40.70222286838774,-73.94655084819952,40.68982572399428,-74.10228441975032,Lyft,Lyft Black,7.344613409372,1.05,16.12072713972105
2022-03-06 23:55:00,Queens,Bronx,40.62182987426915,-73.90938513057392,40.620602955348666,-73.9326083035128,Uber,UberX,1.344964298921312,2.59,12.571050684860845
2022-02-15 09:33:00,Manhattan,Brooklyn,40.67154416537677,-74.0000793038819,40.687192812907526,-74.03395174802172,Lyft,Lyft XL,7.025561050462238,1.22,18.04957284273688
2022-02-05 18:09:00,Lower East Side,Williamsburg,40.800352462968846,-74.00666342576557,40.76007179004141,-73.95113369995434,Lyft,Lyft,10.890279011839432,2.29,49.36779313994653
2022-01-25 12:46:00,Upper East Side,Manhattan,40.80970307052101,-73.95526327634617,40.752224892281625,-74.08337864724028,Lyft,Lyft Shared,9.600471972512937,1.0,19.30082595189764
2022-02-02 00:37:00,Queens,Brooklyn,40.78869132942767,-74.02313130798419,40.61700995383022,-73.9670507044275,Lyft,Lyft Shared,10.74181561366154,1.0,21.298177323907694
2022-02-01 03:37:00,Williamsburg,Williamsburg,40.773326553522985,-73.94508558540878,40.65250192814988,-73.94893782166561,Lyft,Lyft Black,11.131175142991609,1.0,21.979556500235315
2022-03-23 06:26:00,Times Square,Times Square,40.640387892727915,-74.00438207535814,40.64484795009769,-74.09867031957991,Lyft,Lyft Black,3.7015798420245085,1.69,15.172422382787484
2022-03-14 14:55:00,Times Square,Upper East Side,40.703312757855905,-74.05645455857487,40.686653111889235,-73.97719181041556,Lyft,Lyft Black,14.987315467516119,1.37,39.3570888333699
2022-03-17 14:10:00,Queens,Lower East Side,40.79286994155103,-74.01193446534917,40.673149550707016,-73.91828855398133,Uber,UberX,12.31706066617002,1.27,30.54966733056287
2022-02-18 23:34:00,Williamsburg,Financial District,40.62024608374686,-73.9976785520343,40.63526544919367,-73.95227422953661,Uber,UberPOOL,13.451426551024444,1.03,26.82119635822156
2022-01-08 15:27:00,Staten Island,Manhattan,40.780732937614815,-74.05331440892854,40.78157416516913,-74.02363626184746,Lyft,Lyft Black,12.832463409634277,1.24,30.946445598906383
2022-01-30 07:11:00,Lower East Side,Staten Island,40.80791049796631,-73.96266568859656,40.760000823216636,-74.04963781320436,Lyft,Lyft,12.94446153217218,1.58,39.74143613645608
2022-03-19 22:49:00,Manhattan,Bronx,40.6703954595032,-74.07143723537297,40.783133756236644,-73.98284730876385,Lyft,Lyft XL,1.5039703065070844,1.8,9.237506465497315
2022-01-05 17:03:00,Upper East Side,Financial District,40.74676528118663,-74.08694686578718,40.64725615053357,-74.01999465009318,Uber,UberSUV,11.913479327768286,1.75,40.86003044129038
2022-01-11 06:37:00,Times Square,Brooklyn,40.78552747617394,-74.0400693439602,40.70523452659821,-74.06800584672851,Lyft,Lyft,4.013993724302173,1.5,14.286733526293204
2022-01-17 13:29:00,Upper East Side,Staten Island,40.75827477673522,-74.02373661097214,40.80075229428554,-73.9757883624505,Lyft,Lyft Shared,3.0758517704440065,1.0,7.882740598277011
2022-02-20 07:43:00,Upper West Side,Upper West Side,40.789067395485525,-73.95925974328972,40.618414280242924,-73.95594515158768,Uber,UberXL,3.16298350200858,1.55,12.454592749198275
2022-03-24 05:37:00,Williamsburg,Central Park,40.775044941538205,-73.97692943613922,40.73904045923313,-74.03206614340449,Lyft,Lyft XL,13.624905801046257,1.19,31.34886633067883
2022-03-14 02:38:00,Brooklyn,Bronx,40.682578840324084,-73.96102846694897,40.80796299250842,-73.93982872115969,Uber,UberPOOL,12.031634061248266,1.0,23.555359607184464
2022-02-11 02:34:00,Upper West Side,Times Square,40.69270595037678,-74.03525576423382,40.741841380008125,-73.90795002357801,Lyft,Lyft,4.617230043164789,1.0,10.580152575538381
2022-01-16 09:17:00,Lower East Side,Central Park,40.735583556149955,-74.0989869157141,40.68168807515318,-74.01734725199836,Uber,UberXL,6.545021289906526,1.26,17.581771944243886
2022-02-18 22:52:00,Upper East Side,Bronx,40.73554389346478,-73.97545691198877,40.74828904618521,-74.01250174337987,Uber,UberPOOL,9.477728024680507,1.0,19.08602404319089
2022-01-20 08:53:00,Williamsburg,Williamsburg,40.77988315191261,-74.02107796904724,40.722815126366406,-73.92896903119602,Uber,UberX,14.506048435147845,1.44,40.15524205657257
2022-02-24 06:27:00,Upper West Side,Bronx,40.779151328726044,-74.05955841293186,40.65192314410647,-74.01620001660847,Uber,UberBLACK,6.02804961722378,1.28,16.702831142581267
2022-01-08 10:49:00,Upper East Side,Times Square,40.77398789459275,-73.90791504955594,40.74593192346323,-74.08070542137791,Lyft,Lyft Black,11.928053858467907,1.03,24.075317079888404
2022-03-31 09:47:00,Staten Island,Upper West Side,40.76320622520226,-73.91657602130383,40.65979995764119,-73.90798918913146,Lyft,Lyft Shared,4.405751721986304,2.06,21.032734957760624
2022-01-01 22:44:00,Brooklyn,Upper West Side,40.632985527669064,-73.93043791392705,40.68187133163587,-73.94771725794789,Uber,UberX,13.184949695632419,1.87,47.822747878957095
2022-01-10 22:30:00,Manhattan,Manhattan,40.71694025378181,-74.0922877577236,40.61751121196539,-74.0760875761398,Lyft,Lyft Black,12.310215457009543,1.28,30.774882623701373
2022-02-10 10:45:00,Queens,Harlem,40.640594305334645,-73.98319470698286,40.73070358735454,-74.0309608488518,Lyft,Lyft XL,13.20089354244456,1.0,25.60156369927798
2022-01-05 13:06:00,Lower East Side,Manhattan,40.80151504662758,-74.00746093459203,40.73790277506619,-74.02753991942907,Lyft,Lyft,1.0337690511012856,1.0,4.30909583942725
2022-02-15 14:22:00,Brooklyn,Manhattan,40.669529734788235,-73.9338655245664,40.65892982855731,-73.99167409680904,Uber,UberBLACK,3.8061344535432013,1.0,9.160735293700602
2022-01-27 11:58:00,Lower East Side,Upper West Side,40.7714291301771,-73.91969693503867,40.61428652505068,-73.96180747011573,Lyft,Lyft Black,3.2650992171326703,1.12,9.199594465580034
2022-01-14 09:23:00,Upper West Side,Williamsburg,40.697319638421796,-74.09071758099051,40.71778141155325,-74.06404849330116,Lyft,Lyft XL,8.907375390473417,1.2,21.705488319994174
2022-02-07 09:13:00,Harlem,Manhattan,40.65113929766112,-74.10368899091141,40.703260983362,-73.95239826650311,Lyft,Lyft XL,9.654336392300001,1.68,32.58374899336201
2022-03-27 18:08:00,Financial District,Central Park,40.74565149085839,-73.91857974878718,40.792199443901495,-74.06495055716303,Uber,UberX,6.979349395855704,2.62,38.5503169799984
2022-02-24 06:28:00,Financial District,Times Square,40.67019278032519,-74.10020033672572,40.668054023996575,-73.93226937526394,Lyft,Lyft XL,13.227266993235734,1.33,34.11146392675617
2022-03-13 04:18:00,Upper West Side,Staten Island,40.7790311119781,-74.0601865608582,40.63648489302609,-74.09390274401284,Lyft,Lyft XL,1.91630915241126,1.0,5.853541016719705
2022-03-29 17:26:00,Upper West Side,Bronx,40.79601616378402,-73.96710221995406,40.65579204238272,-74.02088290295718,Uber,UberPOOL,8.570312322640593,1.54,26.9469917095164
2022-01-12 09:25:00,Williamsburg,Upper East Side,40.80124544657197,-73.95335588660645,40.64141488378719,-74.08811066583931,Lyft,Lyft Shared,3.887452861707973,1.5,13.954563761983428
2022-02-01 01:57:00,Bronx,Upper West Side,40.712700978980706,-73.91418941585508,40.766863972304805,-74.09516877695414,Uber,UberBLACK,10.125551795629443,1.1,22.24168720658668
2022-01-04 03:53:00,Times Square,Bronx,40.68969567742158,-74.08109626719266,40.78402995087266,-73.97040502253617,Lyft,Lyft Shared,1.4987024661420416,1.46,7.479184800992916
2022-02-28 12:56:00,Bronx,Lower East Side,40.6858817237376,-74.00113189241263,40.64120231883046,-74.01809720519086,Uber,UberXL,7.3827783273890795,1.03,15.882457935118817
2022-02-17 18:08:00,Queens,Times Square,40.79322107942732,-74.00326217272843,40.69838752141387,-73.9791130319355,Uber,UberXL,6.137575627270563,2.18,28.864851018037196
2022-02-28 02:08:00,Financial District,Brooklyn,40.6718020934629,-74.10536775736941,40.801194023125916,-74.0517205651176,Uber,UberSUV,4.870123519791414,1.46,16.093165593067063
2022-02-26 04:07:00,Lower East Side,Williamsburg,40.68685081799818,-73.95321580235252,40.79525284845676,-74.08451295072385,Lyft,Lyft Shared,12.16594963244371,1.0,23.79041185677649
2022-02-07 06:46:00,Upper East Side,Staten Island,40.780031924600074,-74.04156964769189,40.69490549291604,-73.94207172766022,Lyft,Lyft,10.53349314236715,1.0,20.93361299914251
2022-03-28 22:50:00,Upper East Side,Staten Island,40.7642379297448,-73.96334975095807,40.63929272923879,-73.95284576083716,Lyft,Lyft Shared,1.1889905550705062,1.21,5.542687500361797
2022-03-15 03:01:00,Williamsburg,Williamsburg,40.6810797874537,-73.9663898340408,40.70220211380994,-73.92161949791242,Lyft,Lyft XL,2.006619327536719,1.05,6.312163014348721
2022-02-03 20:29:00,Brooklyn,Times Square,40.67391599690743,-73.99464817702098,40.802560675494355,-74.0937417501843,Lyft,Lyft Black,3.9789766493651904,1.23,11.639747237758572
2022-01-27 17:11:00,Upper East Side,Brooklyn,40.7148293199816,-73.91138145290036,40.72662903345853,-74.05859485413093,Uber,UberX,12.312100039628696,1.38,33.183721595703304
2022-02-05 17:08:00,Lower East Side,Times Square,40.74019276675852,-74.09076879967321,40.6620914236279,-74.0753613464061,Lyft,Lyft XL,12.780284585139478,1.28,31.82783747071243
2022-01-02 19:56:00,Central Park,Central Park,40.75551625533689,-74.06178258695114,40.70559220078769,-73.96120235501725,Lyft,Lyft XL,6.826550835431022,1.69,24.414524095787247
2022-02-19 08:05:00,Harlem,Brooklyn,40.72769433581189,-74.03313996717998,40.6984240916784,-73.99284475208485,Lyft,Lyft,4.243610366234955,1.29,12.804950401775411
2022-01-08 16:15:00,Upper East Side,Times Square,40.65114276970735,-74.08857801663525,40.77447344671673,-73.95078637642752,Lyft,Lyft,4.906599535468089,1.89,20.953577963560704
2022-01-29 07:38:00,Harlem,Manhattan,40.727285342959036,-73.96597852352119,40.75891693919,-73.93907282094271,Uber,UberBLACK,2.4534782629750396,1.86,12.636071745983754
2022-01-13 04:02:00,Brooklyn,Queens,40.698720460836284,-74.01927764103759,40.749270971987976,-73.95106259905059,Lyft,Lyft Shared,9.932601122181456,1.11,22.06907767983748
2022-01-15 01:23:00,Times Square,Lower East Side,40.770580338274655,-73.98533045927778,40.72999309728746,-74.07767473156409,Uber,UberBLACK,13.304001780811102,2.21,56.97822688728694
2022-03-16 17:46:00,Times Square,Central Park,40.665440995122566,-74.02605783572061,40.74729057885542,-73.99866491503639,Uber,UberSUV,3.54085400628261,2.39,20.784621881277015
2022-01-02 22:44:00,Upper West Side,Upper East Side,40.65158603647617,-73.97217674362416,40.67341175928808,-73.95376352542146,Lyft,Lyft Black,13.935612562714935,2.53,68.02492462142037
2022-03-23 18:33:00,Lower East Side,Brooklyn,40.77832020963705,-73.97413930700937,40.62256625675462,-74.06904292806902,Uber,UberPOOL,13.59685932169771,1.36,35.76052518564055
2022-01-24 08:14:00,Harlem,Williamsburg,40.64230750985612,-74.05066596184506,40.65914007136286,-73.97433492179991,Uber,UberSUV,5.484708223100953,2.78,33.63310550538613
2022-02-14 00:55:00,Financial District,Bronx,40.66480580788755,-74.0549332812665,40.6233527232491,-73.96828646559622,Lyft,Lyft XL,8.302094627343475,1.39,23.669845181013002
2022-03-23 13:39:00,Financial District,Harlem,40.75893502212514,-73.92798011494821,40.71783978197008,-73.99768253840531,Uber,UberX,14.379075164418383,1.79,49.51745295254059
2022-01-28 08:27:00,Central Park,Upper East Side,40.68667636848629,-74.088858716783,40.7254162879866,-74.00712555077682,Uber,UberBLACK,10.775688083861985,2.36,50.40359178635
2022-01-19 18:00:00,Financial District,Lower East Side,40.642664053693736,-73.93426579622252,40.649336005226196,-73.96407902501903,Lyft,Lyft,12.764305397651064,2.93,72.77397592645583
2022-01-02 09:21:00,Upper East Side,Central Park,40.63496641400563,-74.00363781030073,40.73780244373695,-73.92498276463881,Lyft,Lyft Black,10.9238749341121,1.75,37.82936698571831
2022-01-15 07:14:00,Harlem,Williamsburg,40.779783109268294,-74.00006477908751,40.67153378398777,-73.95650090948646,Uber,UberBLACK,14.552475768086751,2.11,59.010016773660325
2022-01-27 06:42:00,Manhattan,Financial District,40.631004281895635,-74.01489975404398,40.777638293213066,-74.0349528432787,Lyft,Lyft Shared,2.1194517254365683,1.0,6.209040519513994
2022-03-10 22:25:00,Lower East Side,Queens,40.685313452017816,-74.00143535213974,40.67619883548637,-74.07790024880411,Uber,UberX,12.15326461340942,1.3,30.89867699550643
2022-01-09 22:22:00,Brooklyn,Bronx,40.80694356626736,-74.10244222641093,40.614517505494426,-73.91487872397984,Uber,UberBLACK,5.828231985565176,2.82,35.81232484876414
2022-01-05 04:06:00,Harlem,Manhattan,40.77130469296172,-73.95003572949615,40.759767577893264,-73.98568595771255,Uber,UberBLACK,12.760773193481182,1.0,24.831353088592067
2022-03-07 02:59:00,Upper West Side,Harlem,40.80397522275416,-73.96656954570801,40.687805215033684,-73.97445035385063,Uber,UberSUV,3.623622734504723,1.0,8.841339785383266
2022-01-28 06:41:00,Bronx,Upper East Side,40.67375362468757,-73.92402634609367,40.79049688717762,-73.92803538826563,Lyft,Lyft,7.873436066997948,1.3,21.162067052420337
2022-01-08 22:50:00,Times Square,Financial District,40.66996683060144,-74.09887798815434,40.71748381938171,-73.93526089349156,Lyft,Lyft Black,12.181084964472607,3.54,84.3118213549078
2022-03-03 13:13:00,Lower East Side,Upper West Side,40.68693964091724,-74.0541138610131,40.73810128510332,-73.95346944275971,Lyft,Lyft Black,7.273936639376183,1.0,15.22938911890832
2022-01-01 16:20:00,Lower East Side,Upper West Side,40.688360400646,-73.98091053848258,40.8026546987431,-74.05844943771888,Lyft,Lyft Black,7.006621445665417,1.82,26.86608930444435
2022-01-22 23:47:00,Brooklyn,Times Square,40.787399675062986,-74.00334501823669,40.76200745087241,-74.03559569794345,Uber,UberX,13.829197318240091,2.75,73.42801209403044
2022-01-06 17:46:00,Manhattan,Upper West Side,40.66677936679348,-73.98894560033483,40.75179108119905,-74.01936676248108,Uber,UberX,3.5679892960121755,1.99,17.400522723362403
2022-01-27 12:18:00,Williamsburg,Harlem,40.658280787637445,-73.94821739982731,40.748748231906205,-73.95599466420995,Uber,UberXL,1.623728198112341,1.17,6.249583485635018
2022-02-23 09:42:00,Financial District,Williamsburg,40.615523574522236,-73.94706119448476,40.662854460265436,-73.97477919901308,Lyft,Lyft,8.002222212690626,2.68,44.23042217751904
2022-02-17 00:26:00,Brooklyn,Staten Island,40.6965363778241,-74.00068118564694,40.734510294244906,-74.00592307072716,Lyft,Lyft XL,10.222821003494865,1.09,22.22503106416646
2022-01-12 01:00:00,Financial District,Central Park,40.71017463043826,-74.0546802840964,40.690417496235604,-74.00099389452247,Uber,UberXL,13.525775920794457,1.42,37.161553163174226
2022-01-31 07:59:00,Staten Island,Williamsburg,40.752665777991204,-74.0134157428872,40.72020144580934,-74.04934055631179,Lyft,Lyft Shared,7.466419620742705,2.28,35.49101428676339
2022-02-06 00:05:00,Times Square,Lower East Side,40.68968008256794,-73.9066120711457,40.68827506857462,-73.95450249249235,Lyft,Lyft Black,1.7893764350817003,3.41,19.20310387635005
2022-02-12 09:39:00,Lower East Side,Queens,40.6235537668677,-74.00620308385268,40.71467930201005,-73.94002976985963,Lyft,Lyft Shared,9.60855071247649,2.22,42.879219517971165
2022-01-28 01:02:00,Staten Island,Staten Island,40.73396401185153,-74.03309094003716,40.68573225565467,-73.98242919081527,Uber,UberXL,13.126766939593326,1.0,25.47184214428832
2022-03-07 11:17:00,Upper East Side,Brooklyn,40.71835832194909,-74.05862763408287,40.64856658944325,-74.09450599235865,Lyft,Lyft XL,13.29644295775952,1.17,30.149466956012617
2022-03-02 03:24:00,Queens,Upper East Side,40.73434554452269,-73.93363945705866,40.682513222655516,-74.03950219814382,Uber,UberSUV,3.2252242065153673,1.05,8.55134947947199
2022-01-14 19:09:00,Lower East Side,Bronx,40.7607336327249,-73.94000642957255,40.74945945456719,-73.93056222327473,Lyft,Lyft XL,9.190943815048175,2.66,49.433843459049264
2022-03-11 15:21:00,Upper East Side,Harlem,40.760834528869395,-74.05270078930066,40.7118143759195,-73.91331696497672,Uber,UberSUV,11.152123054795775,1.26,27.74043133582468
2022-02-27 00:17:00,Financial District,Times Square,40.77369869198894,-74.09846088612294,40.66571668981635,-74.08473842527775,Uber,UberSUV,14.597668236491216,2.27,63.66423706946136
2022-02-24 19:22:00,Bronx,Queens,40.6466261526966,-74.07848087032865,40.6319566888011,-74.09514612700103,Lyft,Lyft,10.411153051426405,1.47,30.457691224794424
2022-03-15 14:04:00,Williamsburg,Manhattan,40.69387174049136,-73.910551963383,40.689407557491954,-73.94764161240126,Uber,UberX,3.26072767126933,1.04,8.534524361710181
2022-01-12 21:19:00,Manhattan,Upper West Side,40.682590461115325,-74.0871751134528,40.73481094405394,-73.96620400552854,Uber,UberPOOL,4.350827740033511,1.0,10.113948545058644
2022-03-19 17:22:00,Lower East Side,Manhattan,40.66416194838444,-74.018222601968,40.7841431835263,-74.09051476193905,Uber,UberXL,3.169275660691203,1.36,10.942876072445063
2022-01-03 13:45:00,Times Square,Times Square,40.713917842436715,-73.97307063324128,40.66342465865601,-74.08960779722916,Uber,UberBLACK,5.551000289391659,1.47,17.95494824446004
2022-03-13 00:29:00,Times Square,Brooklyn,40.71701901844438,-74.09393744745051,40.80984475180129,-74.06339928685779,Lyft,Lyft Black,6.1480596978566515,1.82,24.131570137673435
2022-03-31 02:33:00,Staten Island,Bronx,40.70186801303217,-74.0895013408119,40.644413576301595,-73.99729487970517,Lyft,Lyft,13.653044174922712,1.0,26.392827306114746
2022-01-23 20:08:00,Brooklyn,Central Park,40.625777223394,-74.04925523799191,40.730325689558114,-73.99378393549269,Lyft,Lyft,12.14119425144462,1.88,44.6445290872528
2022-03-31 14:31:00,Harlem,Harlem,40.62058378557881,-74.0262129827452,40.71021545819506,-74.00147772893204,Uber,UberPOOL,8.530158205535926,1.0,17.42777685968787
2022-02-27 21:20:00,Manhattan,Manhattan,40.74311163906981,-74.10284940378914,40.80696082545166,-74.00453054115545,Uber,UberXL,8.661673807583337,2.8,49.44220165715835
2022-03-20 11:18:00,Upper East Side,Harlem,40.78148181048934,-73.91171893090207,40.6406562490967,-73.90918097546397,Lyft,Lyft Black,2.3313639420445926,1.12,7.369473326407402
2022-02-09 10:06:00,Lower East Side,Upper West Side,40.72999664619008,-73.9206866597673,40.807932713775315,-74.02489770889248,Uber,UberPOOL,5.885688110980562,1.11,14.207949155579742
2022-03-20 11:02:00,Manhattan,Central Park,40.73036888459711,-73.95443166004563,40.650871544271226,-74.02685954073257,Lyft,Lyft,2.3609876686584323,1.21,8.024391388384231
2022-03-18 21:25:00,Bronx,Lower East Side,40.78302241472427,-73.98305318570358,40.73287227168215,-74.06537381223636,Uber,UberBLACK,1.7277726919842142,1.21,6.683558675276574
2022-02-10 17:54:00,Bronx,Financial District,40.72650533408603,-74.05056712731843,40.80153906892058,-73.98855048120474,Uber,UberPOOL,13.372029277204254,1.48,38.33355582795902
2022-01-24 04:47:00,Queens,Times Square,40.64682014666069,-73.99232255166898,40.74661767161968,-74.07212515830226,Lyft,Lyft XL,14.316507562565967,1.0,27.553888234490444
2022-03-13 14:15:00,Financial District,Queens,40.68839925299991,-73.91689467712712,40.76656284441818,-74.04865901783302,Lyft,Lyft Black,7.991705782529187,1.65,27.201050447053024
2022-01-26 11:32:00,Bronx,Brooklyn,40.68233914842949,-74.04433271245904,40.70273984635244,-74.01660966510205,Uber,UberBLACK,1.3592739397786677,1.21,5.903262567481329
2022-02-01 11:02:00,Queens,Bronx,40.78462677241033,-74.06485468138796,40.8001935658642,-74.0647019264537,Uber,UberPOOL,10.651991991025394,1.0,21.14098598429444
2022-03-22 01:32:00,Queens,Staten Island,40.76575485119458,-74.0602488999827,40.763326444822056,-74.07432058828158,Uber,UberX,11.916905158880994,1.0,23.35458402804174
2022-02-24 07:18:00,Times Square,Staten Island,40.69102396767266,-74.09132308249374,40.688956295579494,-74.0555149475103,Uber,UberXL,7.955480559256417,3.0,49.266272936096186
2022-03-01 04:36:00,Staten Island,Harlem,40.67283921891852,-73.91716340647545,40.75659840489165,-73.99912304220987,Uber,UberPOOL,3.9137047739932154,1.0,9.348983354488126
2022-03-10 13:50:00,Bronx,Staten Island,40.648642815045235,-73.92577586794036,40.614727935612045,-74.06859378842637,Lyft,Lyft Black,9.677540014607741,1.18,22.934120130164985
2022-02-28 13:07:00,Upper West Side,Lower East Side,40.61484035104986,-73.93418460462483,40.755262966425946,-73.91672678672742,Uber,UberXL,12.533090387926896,1.0,24.43290817887207
2022-01-14 07:13:00,Upper East Side,Financial District,40.74826536302114,-74.01158025096088,40.74560893233382,-74.05364618164003,Uber,UberBLACK,7.630344601447968,2.39,37.88891629555613
2022-01-06 15:40:00,Central Park,Brooklyn,40.66861114393894,-73.99858070115518,40.81237312267045,-74.08063927236164,Lyft,Lyft,10.963838851679013,1.0,21.68671799043827
2022-02-05 22:59:00,Manhattan,Queens,40.739841092548524,-73.92191923975822,40.737188698182976,-73.91207083176356,Uber,UberPOOL,1.9279433813533298,1.46,8.575895339357757
2022-03-02 13:43:00,Brooklyn,Brooklyn,40.663821946956084,-74.01486247566713,40.71707803319001,-73.91694332473689,Uber,UberX,5.795637811190394,1.0,12.64236616958319
2022-02-01 05:24:00,Manhattan,Upper East Side,40.62382290438027,-74.06927742546915,40.75271828773711,-74.07732311825669,Lyft,Lyft XL,13.472896413166037,1.0,26.077568723040564
2022-02-15 09:21:00,Financial District,Financial District,40.81261565343635,-73.924503671475,40.80465210128255,-73.95486304020655,Lyft,Lyft Black,9.296680770021423,1.9,35.66146356032123
2022-02-12 01:36:00,Lower East Side,Bronx,40.70125651000196,-73.9086594243931,40.66630558476602,-73.94385680490419,Lyft,Lyft Shared,6.076921308413532,2.26,29.684223774775514
2022-01-12 03:24:00,Central Park,Upper West Side,40.79281920590193,-74.07550588940245,40.77213319111361,-73.95300967119672,Uber,UberXL,13.217260227121162,1.12,28.70583004515748
2022-01-19 19:17:00,Staten Island,Upper West Side,40.71437081894278,-74.08795331085284,40.73505405415262,-73.93529342318759,Lyft,Lyft,3.0416533364257132,1.93,15.098184143777846
2022-02-28 22:46:00,Upper West Side,Queens,40.64144651671969,-73.93959728992802,40.80558516677102,-74.05533634589112,Lyft,Lyft Black,5.592783279152282,1.09,13.393234104982978
2022-03-31 04:13:00,Williamsburg,Brooklyn,40.77681607931729,-73.9455401799146,40.71877678726352,-73.91397414467323,Lyft,Lyft,14.509319825542654,1.14,31.79609305195759
2022-02-07 13:03:00,Staten Island,Upper East Side,40.77097465520732,-73.95750291567994,40.786439759467186,-74.09390432188529,Lyft,Lyft,2.1208755105431463,1.05,6.5221087506230315
2022-03-24 08:23:00,Williamsburg,Manhattan,40.741025177032576,-73.99476067900707,40.6212365554508,-73.99469005995763,Uber,UberXL,3.5758123415300704,1.44,12.611047100655776
2022-03-08 20:37:00,Lower East Side,Staten Island,40.761506763019284,-74.01133860820524,40.690560959955505,-74.07138638384916,Lyft,Lyft Shared,12.033169170325602,1.0,23.5580460480698
2022-03-01 01:47:00,Financial District,Upper West Side,40.72807353773986,-74.00590626789189,40.724642680967435,-74.03248171523916,Uber,UberPOOL,10.77771069748216,1.63,34.81841976456786
2022-02-20 12:45:00,Upper East Side,Lower East Side,40.66816410632188,-74.08759306601002,40.684866178915875,-74.10593062598173,Lyft,Lyft Black,1.95259318219274,1.0,5.917038068837295
2022-01-15 03:25:00,Harlem,Bronx,40.64267625495584,-74.01172104641523,40.79622541736265,-73.95550165909728,Lyft,Lyft Shared,8.304243798606276,1.0,17.032426647560982
2022-01-26 14:21:00,Bronx,Times Square,40.615347612431215,-73.93645796171893,40.699784831074396,-74.06151352696546,Uber,UberBLACK,1.4986600842423827,1.0,5.12265514742417
2022-01-26 20:38:00,Upper East Side,Central Park,40.63679876269512,-73.93855113005601,40.65819163353455,-73.9475884510808,Uber,UberSUV,14.027692161168876,1.12,30.294276635891
2022-01-14 23:12:00,Bronx,Upper East Side,40.770972478703904,-74.0381647031134,40.78687297875024,-73.99150810713859,Lyft,Lyft XL,12.23990875839047,1.0,23.919840327183323
2022-03-24 07:02:00,Times Square,Bronx,40.62418923175362,-73.94084595215747,40.75178178803984,-73.92731778286166,Uber,UberX,3.6819497258173857,1.9,16.992482838342806
2022-02-03 23:19:00,Lower East Side,Lower East Side,40.70978046601194,-73.92946375015875,40.80316779106203,-73.99129808654013,Lyft,Lyft Black,8.076895804901628,1.18,19.62878983712186
2022-03-03 12:20:00,Harlem,Williamsburg,40.72022535507233,-74.08940282204712,40.80219580475031,-73.93962759261579,Uber,UberBLACK,13.062771447073784,1.25,31.6998125404739
2022-02-15 13:26:00,Times Square,Upper West Side,40.70016411901561,-73.97945569081325,40.796053576751966,-74.03925966253614,Uber,UberBLACK,9.585440446724126,1.4,26.98432909447411
2022-03-20 03:22:00,Harlem,Lower East Side,40.6631542561857,-74.07195520118184,40.63511070091805,-74.06310352394625,Lyft,Lyft Shared,13.903967268040075,1.3,34.88152553479117
2022-03-04 22:27:00,Williamsburg,Bronx,40.81194557330794,-73.93181822525831,40.67132334961438,-74.00124329744742,Uber,UberX,7.737667154648225,1.15,18.447055148729554
2022-02-15 06:00:00,Lower East Side,Brooklyn,40.64466653443067,-73.94219358362147,40.75417931051051,-73.93295963830396,Uber,UberPOOL,1.0679847011246584,1.0,4.368973226968152
2022-03-05 03:56:00,Harlem,Times Square,40.668984472809406,-73.95783900848082,40.69842055551269,-74.01467093867741,Uber,UberXL,13.60907259409197,1.28,33.68432261076601
2022-02-06 22:14:00,Queens,Queens,40.739104156311896,-74.06344601137515,40.70802883928452,-73.92139082119361,Lyft,Lyft,8.786501183369847,1.75,31.283659874070153
2022-01-25 10:25:00,Harlem,Times Square,40.61530223978675,-74.0251734557794,40.78313407462987,-74.02565707789128,Lyft,Lyft Black,5.213745610286402,1.26,14.646309070681516
2022-02-25 18:47:00,Upper West Side,Times Square,40.70242260953525,-73.99453538047247,40.80601566327051,-73.97724614332819,Uber,UberX,9.748084854104198,1.69,33.05496095601317
2022-01-03 05:35:00,Manhattan,Staten Island,40.628417536944276,-73.99996543339786,40.68819256608084,-73.96726307342165,Lyft,Lyft Black,13.287441229789806,1.26,32.44880791168652
2022-01-05 05:48:00,Harlem,Brooklyn,40.72141034341786,-73.99923020161174,40.65657955229615,-74.09355140908652,Uber,UberPOOL,9.486054653977712,1.15,21.965684991130143
2022-01-14 12:22:00,Staten Island,Upper West Side,40.768758634153635,-74.08086933886759,40.706141945147785,-74.03089151694371,Lyft,Lyft Black,8.904244368866792,1.22,22.0605617275306
2022-03-28 17:30:00,Williamsburg,Upper West Side,40.66873325898051,-73.98502342691202,40.68693054955464,-74.06232155677709,Lyft,Lyft XL,3.113618057407872,2.28,18.123336049057407
2022-02-28 19:17:00,Queens,Central Park,40.75313833268924,-73.95051628532536,40.7625434290899,-74.10279824842826,Lyft,Lyft Black,13.208085997588467,2.41,61.73010269482936
2022-03-05 18:27:00,Harlem,Harlem,40.73214137320872,-73.99363721993927,40.75890678940497,-73.94192513865883,Uber,UberPOOL,3.857500669764727,2.43,22.479021598174505
2022-01-15 18:58:00,Williamsburg,Central Park,40.73249056313012,-73.9415787965708,40.6915993324635,-73.98864392402938,Uber,UberSUV,7.980216994154305,1.95,32.10749049255157
2022-02-16 17:42:00,Queens,Central Park,40.752599632189806,-74.09415149750286,40.61802599917039,-74.03403411544268,Lyft,Lyft Shared,5.0734134360034515,1.44,16.3850018587287
2022-03-05 07:19:00,Upper East Side,Financial District,40.771197306498046,-74.06407244391988,40.780798406036965,-73.97699348683525,Lyft,Lyft Black,11.312740127379621,2.03,45.2635093025161
2022-02-05 19:20:00,Manhattan,Brooklyn,40.648853323192924,-73.94824356162471,40.635011959205194,-73.95536352217916,Lyft,Lyft Shared,12.541255715389175,1.45,35.448436377800036
2022-03-15 02:55:00,Brooklyn,Financial District,40.69990431883074,-73.92712041936383,40.680470654493,-74.07274173247,Lyft,Lyft,1.0471194101096655,1.0,4.332458967691915
2022-02-06 06:28:00,Financial District,Staten Island,40.78143008540695,-74.06464511381412,40.77873949072227,-73.99407910457846,Uber,UberSUV,8.74536560975077,1.39,24.74810184571875
2022-03-23 15:16:00,Times Square,Bronx,40.697104248162134,-74.03713336124775,40.63786327516765,-73.91438664368647,Lyft,Lyft Shared,9.156381155636854,1.94,35.93591402338712
2022-03-20 12:43:00,Harlem,Brooklyn,40.76167177113731,-73.94693250592731,40.665959446752694,-73.96894289788109,Uber,UberPOOL,1.4442863024927801,1.1,5.530251132298602
2022-01-25 14:37:00,Brooklyn,Central Park,40.64895637785736,-74.04294235008419,40.70116701965052,-73.95391767475707,Uber,UberX,8.842729728799883,1.0,17.974777025399796
2022-02-14 17:20:00,Williamsburg,Financial District,40.700234941969775,-73.98887056074719,40.77519585853213,-73.99174485440582,Lyft,Lyft Shared,7.71838753962265,1.48,23.690623727622665
2022-03-03 20:20:00,Manhattan,Upper East Side,40.64616707674133,-74.0281048949481,40.62233936629926,-74.09273416990588,Lyft,Lyft XL,1.033544640994706,1.0,4.308703121740735
2022-02-12 21:03:00,Staten Island,Bronx,40.769957828041754,-74.00537285204142,40.64847334859304,-74.09471940145066,Lyft,Lyft,8.734292404813278,1.58,28.100318499308717
2022-01-21 19:07:00,Central Park,Central Park,40.657640904369586,-73.94188001438587,40.715989247844085,-74.08885124051282,Lyft,Lyft XL,8.192110366755408,1.28,21.550327221532115
2022-02-05 04:20:00,Central Park,Williamsburg,40.6800709454355,-73.94601424690079,40.68427221873488,-73.99338335709037,Uber,UberX,14.464895746968962,1.0,27.813567557195682
2022-03-22 06:45:00,Bronx,Manhattan,40.68589983485903,-73.91710351121276,40.72386673369007,-74.08638723650668,Uber,UberBLACK,6.944749933309783,1.0,14.653312383292121
2022-01-21 01:49:00,Upper West Side,Staten Island,40.78214459566253,-73.98452051056229,40.776322401170226,-73.98197976151953,Lyft,Lyft,12.935597195790153,1.0,25.13729509263277
2022-03-23 16:09:00,Lower East Side,Central Park,40.782867956930815,-74.08659071064848,40.652037286815286,-74.05388367371975,Uber,UberBLACK,13.903267590630875,2.41,64.66203106348573
2022-03-22 18:36:00,Financial District,Williamsburg,40.778038462223414,-73.95706094702017,40.777106733068905,-74.00639023805739,Uber,UberXL,2.834341684653378,2.3,17.158225280729845
2022-01-28 23:23:00,Upper East Side,Upper West Side,40.62031565987475,-73.95681112720973,40.753329623424406,-74.00128761954241,Uber,UberXL,9.82317477685647,1.14,22.447233679828656
2022-03-30 03:41:00,Central Park,Staten Island,40.73957083580315,-73.96397540966056,40.68863905789109,-74.06462866409905,Lyft,Lyft XL,4.1287615079806965,1.17,11.378639187590474
2022-03-28 02:40:00,Manhattan,Staten Island,40.66324759014633,-74.07981241220838,40.625859447012225,-74.02008462017307,Lyft,Lyft XL,13.946104689918476,1.0,26.905683207357335
2022-03-10 22:16:00,Williamsburg,Harlem,40.70834155429257,-73.98104858296678,40.64682216830469,-73.94514154019541,Uber,UberX,5.305262437915097,1.03,12.137735544341963
2022-03-11 09:54:00,Financial District,Bronx,40.74746951730163,-73.982399227373,40.76641279819351,-73.96623828419811,Lyft,Lyft XL,10.321901861321754,1.38,28.377392995092034
2022-01-23 03:59:00,Queens,Financial District,40.747056741071724,-73.99681507708891,40.7284676375398,-73.93062341625966,Lyft,Lyft,14.59273739881711,1.0,28.037290447929944
2022-03-15 13:01:00,Manhattan,Staten Island,40.64437406266842,-74.08984219213737,40.63383926541417,-73.93060289493393,Uber,UberX,12.265360937574147,1.14,27.319395070460423
2022-03-12 07:25:00,Manhattan,Queens,40.720992054124004,-74.0526560452867,40.75765516623303,-73.98003628185417,Lyft,Lyft Black,4.915965435835148,1.63,18.09779140571976
2022-01-05 18:36:00,Lower East Side,Staten Island,40.68270455155531,-74.07566112960576,40.70054295671251,-73.92389587375303,Lyft,Lyft XL,3.1998833818909125,1.57,12.716679591745283
2022-02-08 20:36:00,Brooklyn,Staten Island,40.769275588809435,-73.95488040411306,40.683085712611316,-74.01938117769146,Uber,UberXL,13.752436889526969,1.07,28.426438075639254
2022-02-17 01:36:00,Lower East Side,Manhattan,40.682523662941406,-74.10347575264281,40.80602666777354,-74.03690213153624,Uber,UberPOOL,8.222826153920199,1.02,17.227744684747556
2022-03-12 15:44:00,Lower East Side,Financial District,40.65168871976653,-73.97908936907774,40.65782213797843,-74.07753503954659,Lyft,Lyft XL,2.3549991248540874,1.16,7.6806482234537965
2022-01-07 16:42:00,Staten Island,Queens,40.782565954382314,-74.00944233419494,40.62721286156761,-73.94564877596865,Uber,UberBLACK,6.421744161681117,1.35,18.54637058197164
2022-02-17 01:36:00,Staten Island,Financial District,40.68718263416495,-73.95664985996736,40.72777516507346,-74.0024709511026,Lyft,Lyft,14.111343299939277,1.23,33.44966645311929
2022-01-03 21:07:00,Queens,Lower East Side,40.708219453812724,-74.04656351298321,40.72015071252446,-74.04384995508659,Uber,UberPOOL,6.629993161832589,1.0,14.102488033207031
2022-03-27 00:18:00,Harlem,Upper East Side,40.67695398767315,-73.94721530266605,40.67767542017814,-74.09492977477964,Uber,UberBLACK,11.709484948449028,2.48,57.01916467626878
2022-01-15 18:07:00,Harlem,Williamsburg,40.77126984865565,-74.09873918984091,40.76765646138228,-74.02734793372866,Uber,UberPOOL,6.926819901305157,2.34,34.21532749584461
2022-02-19 17:17:00,Upper West Side,Williamsburg,40.75395040660923,-73.91063221605195,40.62551226208359,-73.91712555499927,Uber,UberBLACK,8.379315325923336,1.93,33.12613751330607
2022-03-11 11:17:00,Bronx,Staten Island,40.673037907908146,-74.07426646539382,40.61666609112071,-74.04719781995557,Uber,UberBLACK,8.25312280510526,1.0,16.942964908934204
2022-03-18 23:26:00,Upper East Side,Queens,40.711916604566994,-74.02548595707226,40.75040052051156,-74.07637534289381,Uber,UberXL,13.28542559387898,1.0,25.749494789288214
2022-01-24 07:33:00,Upper West Side,Manhattan,40.72753840769863,-74.00031451800949,40.7848394747619,-73.99559717871104,Uber,UberBLACK,7.004079460201124,1.32,19.479423553064596
2022-03-26 09:25:00,Financial District,Harlem,40.62773186431568,-74.02949122022088,40.685485225346305,-74.01171023927508,Lyft,Lyft,9.620464775601405,3.08,59.55430514049158
2022-02-17 22:40:00,Brooklyn,Financial District,40.797540295573064,-74.0544524303863,40.73009974179439,-73.93307741239559,Uber,UberPOOL,8.26386915703917,1.0,16.96177102481855
2022-03-11 13:16:00,Upper East Side,Financial District,40.6390596678293,-74.02855249988079,40.63091291670776,-74.00444052160022,Lyft,Lyft Black,1.8563220335509272,1.23,7.070733177218371
2022-03-29 21:18:00,Upper East Side,Financial District,40.780680229088226,-74.0490590685793,40.66154501359786,-73.95497565861837,Uber,UberSUV,14.071805568147404,1.06,28.75319932891344
2022-03-26 22:00:00,Brooklyn,Central Park,40.80581189756846,-74.02230721559877,40.621096986057545,-74.05317940180849,Lyft,Lyft Black,13.8834889941825,2.53,67.79414752174301
2022-03-30 19:15:00,Upper East Side,Upper East Side,40.735696199598294,-73.98906699050843,40.65116440319348,-73.93891790045636,Lyft,Lyft,12.33789837884124,1.56,37.58246257423659
2022-01-09 06:14:00,Lower East Side,Brooklyn,40.784000471848984,-74.08283209112345,40.80446901506842,-74.09847738804332,Uber,UberSUV,3.0826569686139162,1.3,10.26304460359666
2022-01-10 22:02:00,Queens,Upper East Side,40.66629924960196,-74.0319093290159,40.797417444350785,-73.96190765455827,Uber,UberX,3.0337323721010097,1.0,7.809031651176767
2022-03-28 14:10:00,Upper East Side,Williamsburg,40.776340057746076,-74.0317694430808,40.69127050325563,-73.99423610291355,Uber,UberX,11.854847502910532,1.0,23.245983130093432
2022-03-02 14:46:00,Bronx,Upper West Side,40.64608410847705,-73.9465343550819,40.75739825178685,-73.96323509910548,Lyft,Lyft XL,6.534560500958843,1.0,13.935480876677975
2022-01-01 06:15:00,Brooklyn,Central Park,40.651337986751656,-73.92413699317471,40.64457685810613,-74.04315215128432,Lyft,Lyft XL,3.888303052360358,1.0,9.304530341630628
2022-03-16 10:43:00,Bronx,Lower East Side,40.745815624853826,-74.0175653655212,40.71744940972493,-74.09616875273726,Uber,UberBLACK,1.1420632367857093,1.0,4.498610664374992
2022-02-24 10:39:00,Brooklyn,Financial District,40.79094024634125,-74.07458433234315,40.63688525840925,-74.01488373777927,Lyft,Lyft Black,13.090976183675503,1.2,30.491049985718554
2022-01-15 04:48:00,Upper East Side,Times Square,40.633297082181876,-74.00836012504355,40.72728121605458,-74.02165572317024,Lyft,Lyft XL,10.284066329205606,1.16,23.77665464828738
2022-02-04 19:25:00,Staten Island,Williamsburg,40.751858228614736,-74.09226188188548,40.71425320893486,-73.9749845549772,Uber,UberXL,6.838675917571274,2.3,33.27567056822438
2022-01-17 08:44:00,Upper East Side,Brooklyn,40.75565331612506,-74.02530519204059,40.68294262576438,-74.05306159612594,Lyft,Lyft,6.690561343334687,2.23,31.684915642363617
2022-02-14 00:52:00,Brooklyn,Staten Island,40.69423812288325,-74.07039531190922,40.69158888770057,-73.99433714520863,Uber,UberSUV,8.667722974608708,1.14,20.14210733434437
2022-03-24 14:59:00,Upper West Side,Harlem,40.768016140944376,-73.97725104310278,40.66793616525192,-74.0800210478898,Lyft,Lyft XL,14.102081027218665,1.0,27.178641797632665
2022-02-14 08:07:00,Williamsburg,Williamsburg,40.73102869117522,-74.1010845721216,40.7812785992562,-74.05968075519671,Lyft,Lyft XL,2.105954758005634,1.52,9.401839656294987
2022-02-18 09:05:00,Times Square,Staten Island,40.653062120208546,-74.06959656126301,40.7059081027691,-74.03160044765218,Lyft,Lyft,11.060766802334932,2.82,61.63488416952288
2022-02-26 01:45:00,Times Square,Queens,40.746499521280676,-73.99144480328253,40.80331676385271,-73.91320635995706,Uber,UberXL,7.478671050444618,2.99,46.60714627145146
2022-02-15 18:13:00,Upper East Side,Central Park,40.61784012982242,-73.98681193769,40.7952358378129,-74.08482232705576,Lyft,Lyft XL,9.442349111962477,1.68,31.960506389169684
2022-01-04 12:14:00,Financial District,Upper West Side,40.62080933313723,-74.09041499921821,40.75714076981684,-74.08677405535666,Lyft,Lyft,10.88477833697883,1.48,31.89157589277517
2022-01-18 10:05:00,Staten Island,Queens,40.752402787883916,-73.93104312285456,40.71634125287918,-74.01157469196906,Lyft,Lyft XL,4.463620412464901,1.0,10.311335721813577
2022-01-22 04:05:00,Times Square,Lower East Side,40.688269989231024,-73.90894192496614,40.65458269305492,-74.0577616007438,Uber,UberPOOL,11.16127971718696,1.43,31.506102492260368
2022-02-14 21:12:00,Upper East Side,Upper West Side,40.74073939158361,-74.0444138713465,40.679966568363874,-74.10262720533485,Uber,UberBLACK,3.0886982513794052,1.0,7.905221939913959
2022-01-04 02:49:00,Upper West Side,Manhattan,40.72079565288371,-74.03664451565302,40.64064859845095,-74.07913082604477,Lyft,Lyft,10.306339903621778,1.0,20.53609483133811
2022-03-05 04:19:00,Financial District,Manhattan,40.635538700548224,-73.9382741914837,40.67208592215598,-74.00911166542099,Uber,UberSUV,4.716210370931508,1.23,13.22664282343007
2022-01-18 23:15:00,Bronx,Financial District,40.70028685208303,-74.07460979872738,40.63625772289135,-73.92435865647379,Lyft,Lyft,2.9234031066338337,1.21,9.215306078297143
2022-02-21 17:25:00,Upper West Side,Williamsburg,40.74452831334251,-73.95519051388361,40.78399565251469,-73.99074194432193,Lyft,Lyft XL,11.128143872484252,1.94,42.63004844708403
2022-02-07 02:54:00,Williamsburg,Queens,40.77201570103215,-73.99425002434387,40.66799442595819,-73.9829075922906,Lyft,Lyft Black,2.048977184195296,1.13,6.876852381746198
2022-02-19 12:07:00,Upper East Side,Times Square,40.66646322127583,-73.98075842728687,40.726169923392725,-73.99117695557219,Lyft,Lyft Black,10.275768621316681,1.02,20.892246989050275
2022-02-20 16:37:00,Lower East Side,Upper West Side,40.79836770396956,-74.05561049470789,40.77395065236228,-74.03317016991573,Lyft,Lyft,9.963572020623054,1.13,22.52796367078209
2022-03-17 14:01:00,Upper West Side,Financial District,40.622458509008666,-73.91970443591958,40.7078104225646,-73.91668428729466,Uber,UberX,13.769124234260898,1.09,28.989604476852666
2022-03-14 19:29:00,Bronx,Staten Island,40.70474383100807,-74.09177991799865,40.75742634993281,-74.08626110535039,Lyft,Lyft XL,2.6267784118697683,2.57,18.23893590738428
2022-01-11 09:48:00,Queens,Bronx,40.80277962683895,-74.05758367982035,40.6913812287477,-74.03799322970117,Lyft,Lyft XL,2.519269658782443,1.94,13.402920491566393
2022-01-28 02:24:00,Staten Island,Harlem,40.75029565797699,-74.09543658443869,40.6596778757123,-73.99746229502955,Lyft,Lyft,12.122368156954225,1.0,23.714144274669895
2022-02-09 14:12:00,Central Park,Bronx,40.77163469363488,-73.93113083286129,40.72345457468959,-73.90882864901609,Uber,UberSUV,2.193757034226735,1.29,8.177406504766854
2022-03-13 23:21:00,Upper West Side,Harlem,40.74524394477854,-73.9677187188468,40.7309045792726,-74.0265755022461,Uber,UberPOOL,1.0825683729163904,1.59,6.987246497639856
2022-03-11 18:37:00,Upper West Side,Upper East Side,40.76337758452902,-74.03100162272351,40.665632553225464,-73.95804308592457,Uber,UberXL,1.1101165524856058,2.14,9.507386489058595
2022-01-14 00:21:00,Bronx,Central Park,40.808539059804986,-74.10175634306654,40.7093350640094,-74.02673324788762,Uber,UberBLACK,10.017568469651476,1.09,21.83351185586019
2022-01-23 09:03:00,Financial District,Upper West Side,40.68394004822069,-73.91787877119178,40.80667673163965,-74.05944219866583,Lyft,Lyft,7.178806785469529,2.79,42.025524130054976
2022-02-24 16:19:00,Harlem,Queens,40.76778890268106,-74.01588094554212,40.76686280840089,-73.99803922645368,Uber,UberSUV,11.530586190079012,1.98,44.903481148623776
2022-01-01 09:42:00,Brooklyn,Lower East Side,40.616546202008415,-73.95179477382045,40.69104874801646,-74.0170332285856,Lyft,Lyft Black,12.061428036916487,1.13,26.676473943002353
2022-03-19 16:43:00,Harlem,Lower East Side,40.73492779278642,-74.0901659432889,40.63213028874862,-74.08668357963455,Uber,UberXL,1.3821992154840448,1.35,6.640445646581057
2022-01-02 04:54:00,Central Park,Harlem,40.739915506596354,-73.9899784970106,40.764020667487216,-73.93181262255392,Uber,UberSUV,11.73022857853464,1.17,26.942643014549674
2022-02-16 11:47:00,Central Park,Williamsburg,40.71343172244274,-73.94792036096385,40.718240123206925,-73.91630538546676,Uber,UberX,6.097086178955878,1.0,13.169900813172786
2022-01-22 09:57:00,Queens,Times Square,40.62002270572025,-73.94650453955208,40.774948498713485,-73.90667480357642,Lyft,Lyft,4.936557849246367,1.87,20.829885561658735
2022-02-06 14:21:00,Manhattan,Upper East Side,40.686838422325906,-73.93128319052079,40.64536867008533,-73.9644709693085,Lyft,Lyft Shared,8.976596444669934,1.0,18.209043778172383
2022-01-17 07:17:00,Bronx,Brooklyn,40.75771497208503,-74.08946859632043,40.63920659290894,-73.9564892606228,Lyft,Lyft,14.600296077087188,2.61,73.21185233209573
2022-03-12 14:38:00,Financial District,Williamsburg,40.710297969365776,-73.9678278890573,40.62922838479239,-74.07626994399918,Uber,UberX,8.477290952085362,1.83,31.723524274053375
2022-01-02 18:02:00,Bronx,Manhattan,40.697915354625735,-73.92302463080867,40.740955369354516,-73.92275849914549,Uber,UberPOOL,11.10799188888552,1.5,32.90847870832449
2022-01-08 02:30:00,Upper East Side,Manhattan,40.65054511094144,-74.06539250575733,40.72643369715759,-74.0373716815716,Uber,UberBLACK,2.581033915037002,1.74,12.209248271287672
2022-01-26 14:12:00,Williamsburg,Times Square,40.70099598282214,-74.10179571014208,40.77316563093725,-74.01056738861216,Uber,UberPOOL,3.1548577868137526,1.19,9.544991341039639
2022-03-19 20:15:00,Manhattan,Staten Island,40.707817867113604,-74.0024517275525,40.644276663049766,-74.01069603577763,Lyft,Lyft Black,9.817695234755352,2.64,51.95775198456973
2022-02-17 17:17:00,Times Square,Brooklyn,40.72806183351645,-73.94397961984745,40.68572927089458,-73.94020200749453,Uber,UberPOOL,4.327235089740767,2.13,21.454768797008708
2022-01-05 15:05:00,Times Square,Lower East Side,40.79832552646175,-73.99595360920719,40.71009879965157,-74.0313395733365,Uber,UberXL,14.521350914617887,1.83,51.07962630406379
2022-02-12 20:22:00,Central Park,Manhattan,40.68474246114207,-74.03587685303025,40.65469669897657,-74.0974412381952,Uber,UberSUV,4.878021762362118,2.2,24.280383785094156
2022-01-26 22:50:00,Queens,Upper West Side,40.650671480528565,-74.0971325227418,40.78726665689639,-73.96839608237751,Uber,UberX,2.550709249797522,1.02,7.103016010888577
2022-01-11 15:48:00,Upper West Side,Williamsburg,40.72375095698522,-74.02141326090596,40.69137495321049,-73.92131459002914,Lyft,Lyft Shared,6.5800061843052,1.04,14.575611255435463
2022-02-16 15:57:00,Harlem,Williamsburg,40.63850707304764,-74.08534040677007,40.65115064983453,-73.93572972182355,Uber,UberSUV,13.558166367595682,1.0,26.226791143292445
2022-03-02 01:15:00,Harlem,Manhattan,40.69155513065333,-74.02199587543363,40.798970047412084,-74.0046164456167,Lyft,Lyft Shared,10.242798184159703,1.0,20.42489682227948
2022-03-01 21:30:00,Upper East Side,Central Park,40.73990662613293,-74.0348240372559,40.738116882630564,-73.92071059822594,Lyft,Lyft Black,11.05030140773547,1.0,21.83802746353707
2022-02-17 10:30:00,Central Park,Central Park,40.690397868606915,-73.97093131230856,40.63768122573036,-73.96014459525547,Uber,UberPOOL,11.624722448958725,1.02,23.300129571391324
2022-03-11 15:54:00,Bronx,Central Park,40.66384968560191,-74.07349785856852,40.791809397387645,-73.98070675743189,Uber,UberX,8.398945015766056,1.0,17.198153777590598
2022-03-24 05:28:00,Brooklyn,Manhattan,40.79628572399697,-74.03490687574615,40.64701539655862,-74.02736570980501,Uber,UberSUV,1.8471913785686085,1.25,7.165731140618831
2022-02-01 17:07:00,Financial District,Lower East Side,40.78761241698457,-73.93043969217157,40.645767104086886,-73.92564366022494,Uber,UberSUV,10.10368464006374,2.55,51.46269270628444
2022-03-05 06:12:00,Williamsburg,Central Park,40.66938356110154,-73.90713571681411,40.80494411363105,-74.00987738377968,Uber,UberBLACK,7.386753287010446,1.17,18.049377355153887
2022-03-28 18:59:00,Staten Island,Williamsburg,40.77395709810838,-74.10124595193784,40.62277578024103,-74.0854180022764,Uber,UberSUV,5.264918358585107,2.04,23.895758540148833
2022-03-07 00:04:00,Upper West Side,Staten Island,40.78485204110772,-74.0300071194762,40.639112760677776,-73.9729240629547,Lyft,Lyft Black,2.9832412658807,1.0,7.720672215291225
2022-01-24 19:46:00,Upper West Side,Staten Island,40.705360909870286,-74.06899158803839,40.63259584540034,-73.91726161685892,Uber,UberSUV,10.659194030877286,1.31,27.711202315786178
2022-02-16 00:46:00,Staten Island,Upper East Side,40.688926288737804,-73.90718730854856,40.730848138263596,-74.00994405105435,Lyft,Lyft Black,1.6351279240087202,1.17,6.2729244244078535
2022-03-17 00:26:00,Harlem,Upper West Side,40.62028811649322,-74.09407429712861,40.679206772839656,-73.9928190215525,Uber,UberPOOL,14.663637325982815,1.0,28.161365320469926
2022-01-04 04:15:00,Manhattan,Williamsburg,40.71618172659401,-74.10586360567608,40.621660315208516,-73.9110935770764,Lyft,Lyft Black,13.348256822677698,1.13,29.221177866845146
2022-01-07 05:48:00,Lower East Side,Williamsburg,40.78081011027366,-74.09391258053464,40.63321309743502,-74.09127687923798,Lyft,Lyft XL,7.509235099604162,1.14,17.830924023710303
2022-02-11 21:25:00,Brooklyn,Upper East Side,40.68744335616643,-74.05807110288079,40.73196291741496,-73.98045731647409,Uber,UberXL,9.155241062583181,1.0,18.521671859520566
2022-03-06 22:02:00,Times Square,Lower East Side,40.68245558448821,-74.09746374333884,40.77537012478929,-73.99423744121256,Lyft,Lyft XL,7.356308080562886,2.69,41.35482028924979
2022-01-25 01:37:00,Times Square,Brooklyn,40.7458978565664,-73.97713163775595,40.78920525343225,-74.08567407226242,Uber,UberX,3.0077088975439525,1.74,13.508473593021336
2022-01-15 09:17:00,Staten Island,Manhattan,40.78282218973324,-74.0467090941581,40.697439564830475,-74.10097422834541,Uber,UberXL,1.9687764337442886,2.37,14.090500258954437
2022-02-08 05:59:00,Queens,Lower East Side,40.71204000333823,-74.08849511331636,40.656113144384115,-73.92023261485338,Lyft,Lyft Shared,6.141964204088824,1.04,13.77837485144166
2022-03-14 03:26:00,Lower East Side,Lower East Side,40.633963000155376,-73.95342308198114,40.712614976356804,-73.9290827689758,Uber,UberXL,13.195170626024627,1.0,25.591548595543095
2022-01-16 00:44:00,Bronx,Bronx,40.75226871362856,-73.99159787513918,40.69013571428056,-74.0404841193505,Uber,UberBLACK,2.862469705705469,1.95,14.643177870719914
2022-02-09 21:42:00,Williamsburg,Financial District,40.628779220352556,-74.02606805123317,40.6694211467859,-73.94491616061043,Uber,UberX,10.691866779852468,1.0,21.21076686474182
2022-01-29 00:51:00,Financial District,Brooklyn,40.78236592653728,-74.03517006679711,40.615023423121784,-73.93597735661552,Uber,UberSUV,11.442777719269934,3.05,68.70082607660326
2022-02-16 10:57:00,Bronx,Central Park,40.72870549603648,-73.9605645162902,40.79169128007105,-73.93305344429804,Uber,UberXL,9.292681291085028,1.2,22.514630711278556
2022-01-25 07:28:00,Bronx,Brooklyn,40.75562720228833,-74.08468386792046,40.733936077081744,-73.93007385563739,Lyft,Lyft Shared,13.114998024409068,1.85,47.084806104024366
2022-02-15 06:27:00,Upper East Side,Brooklyn,40.654543048908295,-73.9078483342448,40.788850041530715,-73.99847077613771,Lyft,Lyft XL,10.285009945029518,1.0,20.498767403801658
2022-01-18 03:39:00,Williamsburg,Upper East Side,40.7731080992688,-74.08820333200943,40.810828680379075,-74.03690100357478,Uber,UberX,10.259699255523058,1.0,20.45447369716535
2022-01-29 11:19:00,Bronx,Times Square,40.71268054568254,-74.08670638464831,40.73078887566015,-73.98311213996516,Uber,UberBLACK,2.7989170679511077,1.0,7.398104868914438
2022-01-07 14:51:00,Staten Island,Harlem,40.74983678505567,-74.05827594944797,40.61666240090006,-74.06724914201585,Uber,UberXL,13.145682423787639,1.08,27.545339780958642
2022-03-13 05:15:00,Times Square,Central Park,40.69592543792371,-73.99129158569457,40.80793583906976,-74.00195204097038,Uber,UberXL,11.79416697596866,1.98,45.8167885717314
2022-02-03 13:29:00,Staten Island,Brooklyn,40.71935563445055,-74.07946026402624,40.65184581960161,-73.97670813054181,Lyft,Lyft XL,7.984876957779648,1.28,21.086124385426412
2022-03-25 02:13:00,Staten Island,Manhattan,40.74934950882988,-73.91072895578722,40.7483154258649,-74.01013897881401,Lyft,Lyft XL,14.700738014685918,1.0,28.226291525700354
2022-02-09 21:54:00,Staten Island,Upper East Side,40.720251909467116,-74.09640955896684,40.78588868851379,-74.00065295509032,Lyft,Lyft,1.1655525986971458,1.0,4.539717047720005
2022-01-17 02:46:00,Central Park,Central Park,40.75749787823666,-73.91064719711935,40.63082660468415,-74.08630485303563,Uber,UberX,11.694277020618681,1.22,28.017281439020884
2022-02-02 01:46:00,Bronx,Williamsburg,40.702192427415774,-73.97392009075529,40.79730710713056,-74.10355495135842,Lyft,Lyft XL,13.007536402877161,1.17,29.557930784890985
2022-01-31 10:13:00,Financial District,Upper West Side,40.64599043556757,-73.95211082929413,40.79177216385389,-74.01812551931285,Lyft,Lyft Black,8.006825125982024,1.0,16.511943970468543
2022-02-19 18:26:00,Brooklyn,Staten Island,40.738033403304456,-74.07170882598523,40.758803389264976,-74.0572732281218,Lyft,Lyft Shared,11.336788884247966,2.08,46.465911538662596
2022-01-08 10:19:00,Staten Island,Financial District,40.81165350120467,-74.06536345425019,40.7534680889292,-74.0763203236826,Uber,UberXL,9.0048903094936,1.26,23.005783132433386
2022-02-09 20:12:00,Bronx,Queens,40.71677769425225,-73.99761353455823,40.759243519573104,-73.92166978761776,Lyft,Lyft Black,13.805946493451168,1.0,26.660406363539543
2022-03-12 03:27:00,Upper East Side,Bronx,40.81149177036561,-74.01511808624106,40.77929595643919,-73.91673275444657,Lyft,Lyft Shared,12.954074982655598,1.22,30.7069500879697
2022-01-25 22:13:00,Queens,Financial District,40.70689377799554,-74.04038504793418,40.79068935687563,-73.907775280976,Uber,UberSUV,8.325103302189174,1.0,17.068930778831053
2022-01-30 19:25:00,Harlem,Williamsburg,40.76846511283092,-73.94624708665746,40.7285526003269,-73.98665637937808,Uber,UberPOOL,8.733903218132966,2.22,39.48121400244658
2022-01-24 22:56:00,Financial District,Brooklyn,40.7787368567277,-74.00467453218192,40.763197470121085,-74.01698688152504,Uber,UberXL,8.457956091234305,1.2,20.761707791592038
2022-02-10 10:08:00,Times Square,Financial District,40.75595113524819,-73.9839295474345,40.61559145241631,-74.09932540599729,Lyft,Lyft,14.748673173574813,1.66,46.99489556923483
2022-01-20 23:52:00,Lower East Side,Manhattan,40.73137423645473,-74.00116681643877,40.71644052216514,-73.92793855880548,Uber,UberXL,8.798146485582235,1.0,17.89675634976891
2022-01-11 15:05:00,Queens,Financial District,40.80910750720159,-74.0562505947136,40.770269359301956,-74.06180345743388,Lyft,Lyft Black,1.2970170364523452,1.2,5.723735776549925
2022-03-27 23:28:00,Queens,Brooklyn,40.68333809286286,-74.03089192131367,40.68720133605618,-73.93026107034022,Uber,UberPOOL,7.633010001436403,2.74,43.450282956887555
2022-03-04 09:56:00,Financial District,Times Square,40.75297960175762,-74.10546923086501,40.79311640756281,-74.08421717983383,Lyft,Lyft,2.0328437945382207,1.77,10.72173365358214
2022-01-12 02:04:00,Central Park,Brooklyn,40.70095446381093,-73.99113758290001,40.74100449902777,-73.9733565589705,Uber,UberX,2.81344000017501,1.28,9.502105600392023
2022-03-18 13:21:00,Financial District,Williamsburg,40.81157255419106,-73.91539029272118,40.665847497355024,-73.93647605511765,Lyft,Lyft Shared,4.00638550496396,1.22,11.603633053098056
2022-02-13 17:46:00,Bronx,Financial District,40.78603711184588,-73.98629936845354,40.77558733345489,-73.98096115367541,Lyft,Lyft,13.799460103770743,1.52,40.50656387603018
2022-02-01 10:57:00,Queens,Upper West Side,40.75722254675277,-73.95424241241204,40.67218070805509,-74.05120232462858,Uber,UberBLACK,7.11608076955864,1.03,15.401735587129448
2022-01-09 00:34:00,Staten Island,Upper West Side,40.719496774113985,-74.05180489346151,40.692363928458256,-73.94720591753958,Lyft,Lyft Black,2.217245956598256,2.54,16.205658277079248
2022-02-13 15:10:00,Manhattan,Brooklyn,40.679353745442896,-73.93428507719112,40.68782585187506,-74.09358440592463,Lyft,Lyft XL,5.5382666984574564,1.0,12.191966722300549
2022-01-27 20:31:00,Lower East Side,Williamsburg,40.7572870085764,-74.04598369931242,40.806921556167644,-73.95785066016829,Uber,UberX,4.203705420173132,1.0,9.856484485302982
2022-03-22 10:03:00,Brooklyn,Queens,40.680639165556315,-73.94863022762787,40.68777992234118,-73.96842817013408,Lyft,Lyft,6.30023440917407,1.0,13.525410216054624
2022-02-17 02:05:00,Lower East Side,Staten Island,40.8096332157566,-73.94721448141969,40.758572132124215,-73.97807176550481,Uber,UberBLACK,13.774341458976561,1.0,26.60509755320898
2022-03-06 18:00:00,Williamsburg,Staten Island,40.74662309983196,-74.04472124040502,40.78004586713857,-74.00508160091096,Uber,UberSUV,11.869222484910761,1.32,30.71790394014386
2022-01-03 00:47:00,Queens,Staten Island,40.74774607413656,-74.0492377624345,40.62408651123159,-74.05796005170751,Lyft,Lyft Shared,12.53841134977681,1.0,24.442219862109418
2022-03-21 16:51:00,Upper West Side,Queens,40.678139949536856,-73.96876331090407,40.659103450968225,-73.98585868856878,Uber,UberXL,9.234305508020178,1.89,35.26746546777673
2022-01-11 00:51:00,Upper East Side,Brooklyn,40.64331091474368,-74.06433055163795,40.65183861029731,-74.0181049236104,Uber,UberXL,4.882629060913498,1.28,14.137089096446234
2022-02-07 00:07:00,Staten Island,Upper East Side,40.72124405847272,-73.9147350477279,40.778754658517244,-74.06555766966781,Uber,UberX,5.0376421439126755,1.0,11.315873751847182
2022-02-12 00:39:00,Queens,Queens,40.69274246747048,-74.06697239713243,40.71924427796288,-73.98669151938498,Uber,UberSUV,8.45406929162507,2.38,41.161198599618416
2022-03-19 04:55:00,Harlem,Queens,40.77895578997188,-74.10146701944544,40.68905761281575,-74.07852955485204,Uber,UberPOOL,4.440402873037833,1.0,10.270705027816208
2022-03-31 01:32:00,Upper West Side,Upper West Side,40.741109099675946,-73.91962746054898,40.72734989701852,-74.00429482909013,Uber,UberPOOL,8.255686549901496,1.0,16.947451462327617
2022-01-27 13:43:00,Harlem,Williamsburg,40.65690540196381,-73.92424855764712,40.766180983784054,-74.02351167159402,Uber,UberPOOL,11.192881345134026,1.12,24.738047436462693
2022-02-06 20:32:00,Central Park,Financial District,40.762344448060055,-73.97233828725611,40.63539336946146,-74.0749918997148,Lyft,Lyft XL,7.73491743121796,2.72,43.61820697259749
2022-02-11 18:47:00,Central Park,Brooklyn,40.79725834698041,-74.0803350155095,40.798236523190944,-73.91578518107204,Uber,UberXL,11.715835143658833,2.17,49.91588395804441
2022-03-19 08:23:00,Financial District,Manhattan,40.64149920823704,-73.94750085995533,40.619728755647834,-74.0243186494428,Lyft,Lyft Black,3.7017299001799016,2.7,24.240673778350033
2022-01-05 23:14:00,Upper West Side,Financial District,40.655380947415836,-73.91230388524505,40.639643466062395,-73.94468988188899,Uber,UberPOOL,8.67724810912395,1.09,19.276850768153935
2022-02-07 08:19:00,Harlem,Williamsburg,40.6867240905609,-74.0101244479065,40.72435392063177,-74.01171326304171,Lyft,Lyft Shared,9.136569358360685,1.93,35.68376300786321
2022-02-24 10:48:00,Manhattan,Central Park,40.77311306372707,-73.99781947972765,40.614619590444086,-73.98558679707402,Uber,UberSUV,11.37219507955959,1.28,28.673716978213484
2022-02-15 11:58:00,Central Park,Central Park,40.71614569809362,-74.03737903891779,40.793128450472125,-73.93502534521404,Uber,UberX,4.506221815409369,1.12,11.632194758202365
2022-02-19 02:42:00,Manhattan,Times Square,40.682270837331274,-73.94491909422118,40.704594625192314,-73.99878264263788,Uber,UberXL,7.064614583858241,2.25,33.44191992394182
2022-02-02 02:58:00,Upper East Side,Williamsburg,40.75674849334268,-74.01603208067633,40.75995963065139,-74.10311196538015,Uber,UberX,6.70980155368558,1.0,14.242152718949765
2022-02-09 14:49:00,Financial District,Staten Island,40.724468108683205,-74.02508330628366,40.80069498926882,-74.01830263795733,Uber,UberX,3.622818304205867,1.54,13.61349532983481
2022-02-16 10:25:00,Upper East Side,Times Square,40.64993782330671,-74.10056610184057,40.66348196234442,-74.06070778157215,Lyft,Lyft Black,14.954778423444534,1.2,34.40503468923352
2022-02-24 01:26:00,Staten Island,Manhattan,40.68124396212973,-74.08699807208373,40.70101349411936,-73.9771932079546,Lyft,Lyft Black,1.8448671796583804,1.1,6.301369320842383
2022-01-09 11:03:00,Queens,Lower East Side,40.77715964405941,-73.970309589323,40.663689824037576,-73.90977598664352,Lyft,Lyft,12.692225386066585,1.1,27.18253386817818
2022-01-19 10:37:00,Upper East Side,Financial District,40.676239545564414,-74.05348657161515,40.63881420584407,-73.9865140940202,Lyft,Lyft Shared,8.761527270289328,1.0,17.832672723006326
2022-03-10 02:34:00,Lower East Side,Brooklyn,40.63080083546287,-73.9721064340064,40.76465104850258,-73.96734775889794,Lyft,Lyft Black,6.67997186845256,1.0,14.18995076979198
2022-01-18 19:57:00,Central Park,Central Park,40.646815588886724,-73.97779167202512,40.687881821166,-74.08174454544174,Uber,UberPOOL,9.76855385049577,2.47,48.399574018767964
2022-03-04 22:57:00,Lower East Side,Williamsburg,40.731447561574704,-73.991807981445,40.72368798453272,-74.08908955651417,Uber,UberSUV,11.34784178220435,1.0,22.35872311885761
2022-03-25 19:36:00,Williamsburg,Williamsburg,40.74250586768538,-73.91396949023354,40.79816632373407,-74.06713003785491,Uber,UberSUV,7.653224810108825,1.45,23.045057955651142
2022-01-24 19:46:00,Harlem,Manhattan,40.645043995838286,-73.98046897967339,40.80160027320539,-73.98374279420571,Uber,UberPOOL,4.383563846790164,1.64,16.680828240287767
2022-02-03 04:00:00,Bronx,Williamsburg,40.64063602081079,-74.09590086873574,40.78438151380993,-74.04058965187558,Uber,UberSUV,2.771649713989825,1.04,7.644402479461482
2022-03-24 23:56:00,Central Park,Central Park,40.65544557179173,-74.07756447012162,40.695560950557784,-74.10595792044037,Lyft,Lyft XL,1.4381152994706543,1.01,5.0668687918143815
2022-03-26 05:35:00,Times Square,Lower East Side,40.635841884459644,-73.99857020402749,40.67740473136146,-73.9409826999525,Lyft,Lyft,6.343942556348625,1.02,13.873937463082298
2022-01-30 07:27:00,Staten Island,Financial District,40.654763998288885,-74.10245656036828,40.703410201292755,-73.96943232588222,Uber,UberXL,5.901570009584822,2.28,29.247264338243436
2022-02-25 10:52:00,Queens,Financial District,40.65915656106412,-73.93536259207829,40.7847700687779,-73.91285626020816,Lyft,Lyft XL,12.686658925215891,1.0,24.70165311912781
2022-02-28 10:36:00,Lower East Side,Lower East Side,40.64424943954197,-74.0771875576245,40.669186465480315,-73.95587331749456,Uber,UberPOOL,5.314974034041355,1.0,11.801204559572371
2022-01-14 02:57:00,Williamsburg,Staten Island,40.73227477137815,-73.98359217990289,40.73437349981385,-73.99501153306588,Uber,UberBLACK,8.50086134921273,1.0,17.37650736112228
2022-03-11 11:26:00,Manhattan,Harlem,40.62198269900348,-74.0093894035808,40.685753978233365,-74.06852346479175,Lyft,Lyft Black,7.339334860584811,1.0,15.34383600602342
2022-02-26 01:42:00,Lower East Side,Upper West Side,40.652640037228295,-74.05181998282258,40.72503107380693,-74.04091793442133,Lyft,Lyft Black,9.392399168352053,2.31,43.743773638063175
2022-01-01 04:30:00,Times Square,Queens,40.647146280170446,-74.0555447104646,40.77086522712031,-73.92117215211833,Uber,UberPOOL,2.4920229238792446,1.97,13.516249030073697
2022-01-17 13:52:00,Harlem,Brooklyn,40.630329627887726,-74.03902742797598,40.74782127965093,-74.02474858021671,Uber,UberXL,11.863720880832313,1.0,23.261511541456546
2022-01-06 14:13:00,Upper West Side,Harlem,40.72358357753343,-74.04439573997314,40.69750455848322,-74.06543862627471,Lyft,Lyft Black,6.775535895106307,1.1,15.792906598079641
2022-01-10 11:52:00,Financial District,Staten Island,40.73797913995965,-74.09550748942726,40.7427860454958,-74.00339325730124,Uber,UberPOOL,14.932994790503795,1.37,39.22685501023285
2022-03-03 00:57:00,Upper East Side,Upper West Side,40.62014513980317,-74.06020653289316,40.62814765792575,-73.95464722321205,Lyft,Lyft XL,8.318877171657249,1.0,17.058035050400186
2022-03-17 09:33:00,Manhattan,Lower East Side,40.70277062008609,-73.92472823736853,40.68772952394741,-73.96958081881897,Uber,UberBLACK,6.4407511446223396,1.71,23.54894780028235
2022-01-30 15:36:00,Upper West Side,Staten Island,40.69413101117451,-73.95993706131847,40.64539998220866,-73.98586518546418,Uber,UberBLACK,6.071939423726232,1.0,13.125893991520906
2022-03-30 06:54:00,Upper East Side,Financial District,40.75402028627022,-74.0231927519569,40.67807282019921,-73.92416129793226,Uber,UberXL,7.383701508117642,1.24,19.122632272615284
2022-02-19 06:21:00,Staten Island,Brooklyn,40.62862757550079,-73.96116390112618,40.64829632871123,-73.94296571706147,Lyft,Lyft Black,13.335476083163792,1.1,28.4207914600903
2022-03-23 00:28:00,Upper West Side,Queens,40.61466749750506,-73.97932750617609,40.788215717646345,-73.95496981818094,Uber,UberXL,12.079020853160758,1.0,23.638286493031327
2022-03-10 22:49:00,Staten Island,Upper East Side,40.81050620198473,-73.9497410923455,40.806021965064666,-74.07554033774143,Lyft,Lyft XL,1.3770631944267375,1.14,5.59724107288134
2022-01-31 01:36:00,Financial District,Times Square,40.7773937908764,-74.0386551047228,40.74154742160488,-73.98107718999887,Uber,UberSUV,2.9666325960517765,1.37,10.537501649034136
2022-03-08 18:47:00,Financial District,Upper West Side,40.77402177032127,-73.99743170555557,40.671349691186435,-73.99935773889818,Uber,UberXL,10.412148335821598,2.45,50.76708598983511
2022-02-06 17:28:00,Central Park,Financial District,40.73969350949629,-74.02122442266952,40.74737112440496,-74.08056681829635,Lyft,Lyft XL,8.763090596751407,1.46,26.039696474699845
2022-01-26 17:29:00,Upper East Side,Times Square,40.72505056737342,-73.96137422398223,40.75297257315643,-74.09766193294904,Uber,UberX,2.304472111857102,2.06,13.457621963244852
2022-03-13 23:09:00,Harlem,Manhattan,40.78166280721436,-74.10242388514267,40.72719039378704,-74.03822993422958,Lyft,Lyft XL,12.02931970842939,2.81,66.17917966620152
2022-01-21 08:15:00,Queens,Central Park,40.662858753960364,-74.02600117533424,40.77851106954061,-74.01693989805572,Uber,UberBLACK,6.272347603006031,2.25,30.322368686836246
2022-03-31 20:09:00,Central Park,Lower East Side,40.80078722514802,-74.00136025111068,40.7296856605744,-73.95766104429818,Lyft,Lyft XL,10.232556463126347,1.0,20.406973810471108
2022-01-10 17:39:00,Harlem,Queens,40.76685558486831,-73.90648730915616,40.61952702677514,-73.95771228249603,Lyft,Lyft,12.855366187512608,1.79,44.74443458238325
2022-01-04 15:44:00,Brooklyn,Williamsburg,40.807989986562646,-73.91512258654079,40.63365656552548,-74.05320209079329,Lyft,Lyft Black,10.010699429000356,1.07,21.42003468080317
2022-03-27 17:50:00,Times Square,Upper East Side,40.8011558621596,-73.971342779508,40.75981683485641,-74.05387069059086,Uber,UberX,1.2760632435774941,2.42,11.454127836550686
2022-02-13 00:18:00,Central Park,Upper East Side,40.74236879689089,-74.08971262120403,40.77034398213565,-73.98204942534801,Uber,UberPOOL,11.977109129335812,1.56,36.597507923086766
2022-03-25 03:03:00,Lower East Side,Lower East Side,40.79911159980813,-73.91157490284601,40.7015398319001,-73.98422944000608,Lyft,Lyft XL,2.610877733168403,1.0,7.069036033044705
2022-03-06 15:49:00,Manhattan,Manhattan,40.776439330547944,-74.06545115506047,40.812573950997034,-73.96478579098599,Lyft,Lyft Black,2.4532726729596983,1.03,6.997023993009856
2022-03-04 03:04:00,Williamsburg,Upper East Side,40.74740004064132,-74.00165736578853,40.75914632003063,-74.06928789837733,Uber,UberBLACK,6.296859763613432,1.0,13.519504586323505
2022-03-30 01:13:00,Central Park,Bronx,40.65506588950716,-73.99819298419139,40.753717989289676,-74.03751334342643,Lyft,Lyft Black,12.314254793864809,1.0,24.049945889263416
2022-01-07 17:14:00,Manhattan,Times Square,40.64027543900025,-74.0388924221584,40.70220098982456,-74.0972094586764,Uber,UberSUV,10.910781519628244,2.19,47.29057017397525
2022-02-01 13:07:00,Bronx,Harlem,40.625463425389775,-73.99878306461211,40.79180404462569,-74.09493224604138,Uber,UberX,2.997143814784173,1.16,8.98420194401187
2022-01-31 15:35:00,Times Square,Queens,40.70654370594087,-74.09423286057991,40.6970874154563,-73.9500002997081,Lyft,Lyft Black,8.911988987341235,1.3,23.524774946201312
2022-03-13 01:40:00,Bronx,Central Park,40.656836934700706,-73.92628973906264,40.72580245386382,-73.97802266603978,Uber,UberX,13.85177920971715,2.48,66.31672177017244
2022-01-03 12:06:00,Financial District,Upper West Side,40.76665087224423,-73.9107803312112,40.637794779365805,-74.03670026425836,Lyft,Lyft Black,3.211227581153749,1.29,10.474346264454589
2022-01-25 17:34:00,Bronx,Bronx,40.78319880195398,-73.91417234430504,40.737989281928705,-74.03403851776997,Uber,UberSUV,2.547156196890335,1.66,11.549488751966422
2022-03-20 14:09:00,Queens,Times Square,40.65654307766948,-73.98998826897628,40.6668121383844,-73.91418140787927,Uber,UberSUV,6.453610860642416,1.18,16.27670642722659
2022-03-18 13:04:00,Upper West Side,Lower East Side,40.70657593570815,-74.07512252166906,40.700035898520674,-74.04376238517622,Lyft,Lyft Shared,1.564298866427852,1.0,5.237523016248741
2022-01-29 01:18:00,Central Park,Central Park,40.65992550319185,-74.07281505636426,40.773153590084725,-73.94255013823106,Lyft,Lyft XL,1.4127330891096175,1.87,9.298169034111224
2022-02-06 12:20:00,Financial District,Lower East Side,40.67735159450648,-73.91023718029483,40.76610885091625,-73.9367643765277,Lyft,Lyft XL,5.95208030557042,1.64,21.182470476987106
2022-01-19 04:13:00,Lower East Side,Bronx,40.732910131248026,-74.05311427115483,40.78771118941791,-73.93241072127083,Uber,UberSUV,12.813006558753507,1.27,31.651907076829673
2022-03-26 14:23:00,Financial District,Upper East Side,40.70368971627957,-73.93725461940014,40.73981999940499,-73.96256299897411,Uber,UberXL,13.81645836998785,1.44,38.41747509236938
2022-01-14 07:00:00,Central Park,Central Park,40.618466816635134,-74.04226695379293,40.71789991419711,-73.96387076233557,Uber,UberX,7.689563953740904,1.59,25.371211701284068
2022-02-26 14:26:00,Manhattan,Harlem,40.71426203634608,-74.04561395570452,40.67458875726822,-73.98876438561442,Uber,UberBLACK,7.533519076577273,1.0,15.683658384010227
2022-02-05 01:01:00,Central Park,Financial District,40.76119592041959,-74.08319797861802,40.6489616117409,-74.09616408174777,Lyft,Lyft,13.077996845382248,2.5,63.466236198547335
2022-01-25 02:49:00,Williamsburg,Times Square,40.80460378139129,-74.07414280375238,40.676812317889436,-73.92026611837856,Uber,UberPOOL,6.162776841152104,1.25,16.60607434002023
2022-03-12 12:18:00,Staten Island,Bronx,40.636840444705676,-74.08828508838707,40.777716059454065,-73.9657107573889,Lyft,Lyft Black,9.232295067992691,1.21,22.574384806474523
2022-01-04 22:13:00,Bronx,Lower East Side,40.793202864653296,-74.03178420170175,40.75733474732647,-73.98853839308184,Uber,UberPOOL,8.031842521716486,1.07,17.71462512191412
2022-03-26 13:41:00,Upper West Side,Williamsburg,40.67539402205085,-74.09921711966541,40.75311820395012,-74.06253282151431,Uber,UberBLACK,8.528903006659538,1.18,20.562184708751943
2022-02-17 02:48:00,Times Square,Central Park,40.678939598418765,-73.93760971794015,40.62753792888368,-74.03809613031521,Uber,UberBLACK,2.586665423810957,1.08,7.588797651002709
2022-01-12 12:08:00,Williamsburg,Upper East Side,40.79328728193759,-73.91848088617516,40.71317009760809,-74.03561439749505,Uber,UberX,9.631718063326053,1.02,19.742616743037008
2022-03-04 03:11:00,Upper West Side,Lower East Side,40.64179437723077,-74.05597543803678,40.61705366172053,-73.9326213078638,Uber,UberX,7.643051336477765,1.0,15.875339838836087
2022-01-28 15:51:00,Queens,Manhattan,40.71129218835367,-74.08240977614444,40.73608773224009,-74.00580238411413,Lyft,Lyft,9.908006687767877,1.0,19.839011703593783
2022-03-18 23:09:00,Upper East Side,Financial District,40.69244409324307,-73.93930680053008,40.79874903312667,-74.0022433509568,Lyft,Lyft XL,4.7126410849405005,1.07,11.499420431551087
2022-01-04 02:34:00,Harlem,Harlem,40.752395291677885,-74.05365544662246,40.695273231487185,-73.98730541161163,Lyft,Lyft XL,11.686520676164452,1.0,22.951411183287792
2022-03-06 17:34:00,Financial District,Times Square,40.614581444362436,-74.10118394483816,40.78587260105688,-73.99987072135914,Uber,UberXL,10.520521124261682,2.26,47.258661046454954
2022-02-26 20:00:00,Upper West Side,Staten Island,40.65204592541453,-73.97397471872083,40.747010224633215,-74.00811504477926,Lyft,Lyft XL,3.0976563417427947,2.36,18.69332069139774
2022-01-10 02:56:00,Williamsburg,Central Park,40.81194504611854,-74.06790813195578,40.739411380536524,-74.09059765136851,Uber,UberXL,8.477879429866789,1.28,22.190449922901607
2022-02-20 08:29:00,Harlem,Manhattan,40.75421466740676,-73.99144952795194,40.72034444461247,-73.93559087321768,Lyft,Lyft,10.205975226529661,1.31,26.67219820681925
2022-02-22 12:36:00,Central Park,Staten Island,40.716492240732485,-73.90879216383725,40.73540435076912,-74.04993505835169,Uber,UberXL,1.7318181536687383,1.0,5.530681768920292
2022-01-11 13:59:00,Queens,Upper East Side,40.76493206074411,-74.06520110249939,40.72843804089788,-73.96267445769492,Uber,UberPOOL,14.201578648091065,1.0,27.35276263415936
2022-02-15 15:27:00,Queens,Brooklyn,40.645290642797136,-74.08068392397442,40.7116853838708,-74.08965935351485,Lyft,Lyft,14.887337332540362,1.0,28.55284033194563
2022-01-27 20:12:00,Financial District,Times Square,40.67042418446138,-73.99183287338377,40.72374512983894,-73.97741859276631,Uber,UberX,13.570491526564583,1.42,37.272671443512984
2022-01-30 07:42:00,Brooklyn,Times Square,40.72208451097165,-73.94467159873743,40.6339009290367,-74.06965632832144,Lyft,Lyft XL,7.407811534589303,2.26,34.94789461930069
2022-03-31 12:21:00,Upper West Side,Central Park,40.69436779083444,-74.01612997667512,40.61317290838057,-73.97155704316499,Uber,UberBLACK,3.7513535320240328,1.02,9.246166054662899
2022-02-14 08:17:00,Harlem,Upper East Side,40.66615783385341,-74.1050733763505,40.64763246540914,-74.05144227032368,Uber,UberXL,2.0790951454272064,1.58,9.698698077106226
2022-01-16 15:10:00,Bronx,Central Park,40.71532924189077,-74.10531314686985,40.752953201196625,-73.94675559423106,Uber,UberXL,11.919271136565962,1.23,28.731231121458233
2022-02-01 13:00:00,Central Park,Brooklyn,40.789522763758576,-74.05520641344484,40.62218336941242,-73.99070570063624,Lyft,Lyft XL,6.6551722983950405,1.0,14.14655152219132
2022-01-14 22:50:00,Central Park,Bronx,40.746954274739764,-74.03881919097367,40.70164995700624,-74.00747254155813,Uber,UberXL,2.307995096143298,1.27,8.30451910117848
2022-03-17 11:54:00,Lower East Side,Lower East Side,40.80374053162436,-73.9165230223534,40.65812448088688,-73.96430589484832,Uber,UberBLACK,2.9961455883697647,1.0,7.7432547796470885
2022-03-26 12:18:00,Staten Island,Upper East Side,40.6997452104476,-73.93239519550777,40.78988348744138,-74.04048584877765,Uber,UberPOOL,10.155787630054789,1.0,20.27262835259588
2022-02-17 05:40:00,Williamsburg,Staten Island,40.6743689702004,-73.93026725639137,40.6779865147153,-73.96230225256788,Lyft,Lyft Shared,7.673060722764533,1.0,15.927856264837933
2022-03-09 13:43:00,Times Square,Upper East Side,40.74050251057614,-74.04075734640485,40.78336060977486,-73.90767831146651,Lyft,Lyft Black,11.290315520991733,1.95,43.40320171538429
2022-02-05 06:23:00,Williamsburg,Bronx,40.62328567052992,-74.02704910224126,40.64567200548381,-74.10078993387788,Uber,UberPOOL,5.349308580897853,1.12,13.284644818559793
2022-01-08 12:53:00,Harlem,Brooklyn,40.80711104555424,-74.10014278792146,40.80590862630059,-73.99019725523158,Uber,UberXL,3.121996331899167,1.0,7.963493580823542
2022-02-06 22:07:00,Manhattan,Times Square,40.69069431608083,-74.08724422493263,40.78325469784933,-74.03987095501247,Lyft,Lyft Shared,5.237612238522058,1.85,21.581769622215162
2022-03-12 15:58:00,Bronx,Lower East Side,40.62795527219712,-74.0764241678574,40.685199625274976,-74.00666665549787,Lyft,Lyft Shared,7.668476616795536,1.25,19.899792599240232
2022-02-04 20:24:00,Manhattan,Harlem,40.62627061328119,-73.96518516643948,40.685503332267864,-74.05538972332414,Lyft,Lyft XL,13.354610059868435,1.0,25.87056760476976
2022-03-05 06:02:00,Manhattan,Bronx,40.65415445098863,-74.06135955015415,40.62922315684601,-74.10357958824105,Uber,UberX,11.527458517391084,1.13,25.620549218140866
2022-03-07 09:41:00,Central Park,Upper East Side,40.69984127996388,-73.94692953282407,40.750479409217654,-74.07970074436112,Uber,UberXL,3.029320249750083,1.71,13.340240847377125
2022-03-26 08:58:00,Brooklyn,Lower East Side,40.66266643883605,-73.9523376970006,40.624012868957024,-73.97596478497825,Uber,UberPOOL,5.222421735126031,1.59,18.50638847798818
2022-02-14 04:18:00,Lower East Side,Upper East Side,40.69138987769468,-73.92454749897797,40.7341527243527,-74.08116568989618,Lyft,Lyft Black,10.681305935202333,1.0,21.192285386604084
2022-03-03 13:09:00,Central Park,Williamsburg,40.68281656996429,-74.03160726073791,40.65946829132822,-73.9171018422609,Lyft,Lyft,6.787910633820626,1.0,14.378843609186095
2022-02-03 23:48:00,Upper West Side,Upper West Side,40.68682287732129,-74.04127897852713,40.74882710616122,-73.98796136948278,Uber,UberBLACK,12.732105865731773,1.0,24.781185265030604
2022-03-06 15:00:00,Financial District,Queens,40.80104815592662,-73.98174689959,40.66011841711215,-74.00717667062865,Uber,UberSUV,7.00087242482895,1.6,23.602442789521064
2022-03-05 21:24:00,Queens,Staten Island,40.727970657064965,-73.97868831592835,40.632560906640165,-74.07502242849294,Lyft,Lyft,6.802925083173531,2.75,39.614076962772614
2022-01-29 13:05:00,Central Park,Brooklyn,40.70478456948891,-74.09833276589443,40.732893977617366,-73.9077680541909,Uber,UberX,4.235201383162007,1.07,10.60541458997086
2022-01-14 10:06:00,Upper East Side,Lower East Side,40.71779075921652,-73.91790560772898,40.693073256218206,-73.91786656206926,Lyft,Lyft Shared,10.041702198479406,1.25,25.0912235591737
2022-01-19 05:02:00,Williamsburg,Harlem,40.62174356157932,-74.0610299771893,40.66761043680941,-73.95969825484448,Uber,UberSUV,9.919565990539464,1.1,21.84516453178847
2022-01-09 09:31:00,Manhattan,Upper West Side,40.63315325260607,-74.05426162571871,40.73082968990237,-74.01717917979042,Lyft,Lyft Shared,10.882352538158534,2.38,51.274998321430296
2022-03-27 10:36:00,Lower East Side,Manhattan,40.73104529282157,-73.91745026593166,40.69269009700533,-74.07931422831851,Lyft,Lyft Black,9.111267725115592,1.0,18.444718518952286
2022-03-08 16:55:00,Upper East Side,Queens,40.70161813469442,-73.90900222651672,40.65206092370942,-73.99246600878641,Uber,UberX,3.962660249924893,1.0,9.434655437368562
2022-02-09 05:11:00,Upper East Side,Upper West Side,40.806707915238924,-74.06865901510804,40.69025807699816,-73.97993416387816,Uber,UberSUV,10.701322400883313,1.0,21.2273142015458
2022-03-31 06:08:00,Times Square,Bronx,40.809938373465144,-73.94626357476153,40.68270593887238,-73.9133214751173,Uber,UberSUV,8.47889545128632,1.0,17.33806703975106
2022-02-19 10:10:00,Lower East Side,Lower East Side,40.63304800606078,-73.93407848367045,40.77667306899081,-74.08496053215752,Lyft,Lyft Shared,10.968777842820666,1.0,21.695361224936164
2022-03-25 01:59:00,Lower East Side,Queens,40.810724053868945,-73.93017970893564,40.70388921225246,-73.96641568601943,Lyft,Lyft Shared,14.53678567991225,1.13,31.57149368202647
2022-01-08 08:49:00,Lower East Side,Upper West Side,40.73091992320489,-74.09522457447628,40.69053188001477,-74.0513102786688,Uber,UberPOOL,1.6590563249451946,2.52,13.616438393008307
2022-02-22 02:26:00,Times Square,Financial District,40.724034706502664,-73.94740949335409,40.67075830690636,-74.00652456072888,Uber,UberBLACK,11.471124957991515,1.68,37.92510737649505
2022-02-19 15:30:00,Lower East Side,Times Square,40.63987749322844,-74.06846705282788,40.64795003841923,-74.05201665606458,Uber,UberSUV,6.933932793417709,1.11,16.2441644512139
2022-01-05 20:41:00,Brooklyn,Lower East Side,40.63909368510146,-74.03965753592041,40.77506546077599,-74.0267514263868,Lyft,Lyft XL,4.1917999841994735,1.0,9.835649972349078
2022-03-26 16:25:00,Brooklyn,Upper West Side,40.6698400262265,-74.10431901981005,40.690954949861826,-73.96804988455487,Uber,UberSUV,3.7269035717390553,1.98,17.863720876075828
2022-02-18 14:52:00,Lower East Side,Financial District,40.77499362718456,-73.93113567677977,40.8109110284158,-74.0489072664938,Uber,UberXL,13.496023564149034,1.19,31.080469072340364
2022-03-18 12:02:00,Manhattan,Harlem,40.61677135659082,-74.00193356385734,40.631957207322536,-74.01698444067732,Uber,UberSUV,4.346652371839649,1.13,11.420505065312904
2022-02-15 23:28:00,Manhattan,Lower East Side,40.75347813793218,-73.96678007272064,40.616552162595276,-74.01914772539799,Uber,UberPOOL,1.6904477767817463,1.08,5.894946298117501
2022-02-26 11:09:00,Bronx,Times Square,40.70084334826212,-74.02265112198216,40.77526304885029,-74.04476532667758,Uber,UberSUV,10.54758753156132,1.12,23.473271561860187
2022-01-29 07:34:00,Bronx,Staten Island,40.72483769678789,-74.02115917655544,40.67722463313178,-74.09233097718872,Uber,UberSUV,14.294588853839677,2.18,59.98385647739837
2022-02-07 09:54:00,Central Park,Staten Island,40.69720575475354,-73.9183368651755,40.68980045086085,-73.95629102026746,Lyft,Lyft XL,12.567094575823504,1.21,29.63582276430627
2022-03-29 17:14:00,Williamsburg,Lower East Side,40.63701026754903,-73.97075722847389,40.759412801991566,-73.93106482934054,Lyft,Lyft Shared,6.429757410985815,2.52,34.65523018244744
2022-02-13 00:30:00,Queens,Lower East Side,40.719911591182296,-73.91885145539092,40.80322597973243,-74.07627056237006,Lyft,Lyft XL,12.681608784661506,1.85,45.68170844034163
2022-01-13 11:26:00,Upper West Side,Upper East Side,40.656666994294795,-74.0548155408918,40.63162451383443,-74.02490261967596,Uber,UberX,10.177882138810695,1.24,25.186004241219205
2022-03-05 00:59:00,Queens,Bronx,40.67824378987289,-73.92066291302166,40.785027934770234,-73.96758601706786,Lyft,Lyft Shared,5.5192665106919865,2.23,27.11393755797548
2022-03-31 18:28:00,Harlem,Bronx,40.763441357731764,-74.03263349356173,40.64065967516119,-74.04167261913585,Lyft,Lyft,1.315854758169664,2.23,10.710123193757113
2022-02-06 10:38:00,Times Square,Lower East Side,40.64486819173199,-74.0667310798618,40.67287284525114,-73.93194721353596,Uber,UberX,14.371077076200123,1.68,46.45096660402836
2022-03-30 13:58:00,Queens,Upper East Side,40.750482749277616,-73.9310933718661,40.63539336265221,-74.00496029591334,Lyft,Lyft,2.2634757085190165,1.14,7.365634038495437
2022-02-21 06:05:00,Lower East Side,Times Square,40.631420993026644,-73.94918728010236,40.75896553812291,-73.92969131995248,Lyft,Lyft,11.890491844128945,1.0,23.308360727225654
2022-01-06 12:47:00,Staten Island,Central Park,40.78747078000249,-74.03224508727989,40.67393100086368,-74.02705853299088,Uber,UberXL,4.869538488420284,1.0,11.021692354735498
2022-02-15 02:22:00,Queens,Upper East Side,40.774641109394885,-74.04249705292924,40.8044393019494,-74.0353972967032,Uber,UberSUV,10.200206214295848,1.06,21.5713825275188
2022-01-09 02:05:00,Central Park,Upper East Side,40.73875377596096,-74.04787163065491,40.81148734883746,-73.99510173974647,Lyft,Lyft XL,8.544709063036677,1.87,32.63756040878753
2022-02-23 13:31:00,Upper East Side,Upper West Side,40.768652043627085,-74.04434926577798,40.78094424950607,-74.02142925172313,Uber,UberBLACK,14.61368584267597,1.0,28.073950224682946
2022-01-16 15:10:00,Financial District,Brooklyn,40.703588525215096,-73.92640245542718,40.65140410033599,-74.03334925644833,Uber,UberSUV,1.2582263554549713,1.36,6.394578725982833
2022-02-23 10:44:00,Upper West Side,Bronx,40.72311931915828,-74.04362811825068,40.72450071734485,-74.05315456529368,Lyft,Lyft XL,14.828657293270748,1.16,33.002174305339615
2022-02-08 19:03:00,Times Square,Central Park,40.74882461656681,-74.09540592646742,40.656902098922295,-74.05618312841787,Lyft,Lyft Black,1.055208444744476,2.3,9.997213990096514
2022-01-21 17:52:00,Bronx,Williamsburg,40.630053955082865,-74.0587075490035,40.77434331918475,-74.01567052573219,Lyft,Lyft XL,4.812572743641256,2.65,28.943306098636327
2022-01-05 04:15:00,Times Square,Bronx,40.67467068674053,-73.90955638909941,40.6346584590262,-74.06775704588217,Uber,UberPOOL,11.891258284963895,1.37,31.93429173820094
2022-03-09 12:09:00,Queens,Financial District,40.69118279462433,-74.02804794404977,40.64452994712311,-73.93201779160675,Lyft,Lyft Black,1.9354954635895383,1.12,6.593571108635496
2022-03-11 14:20:00,Williamsburg,Manhattan,40.68429560318723,-74.10296576598265,40.707469327730564,-74.04244364419021,Uber,UberXL,2.43467980377583,1.0,6.760689656607703
2022-01-22 01:15:00,Times Square,Queens,40.74749512964363,-73.91664122963844,40.62335431908286,-74.09025109604669,Lyft,Lyft Black,9.937057662870117,2.16,42.962077965649044
2022-02-01 23:06:00,Financial District,Manhattan,40.62499927826819,-74.05743976971267,40.69222483598525,-73.98589728514956,Lyft,Lyft Shared,7.61921221883157,1.4,22.167069936137345
2022-02-08 08:14:00,Central Park,Brooklyn,40.79279500737396,-74.05996581333261,40.70808129439078,-74.01974321859142,Uber,UberX,9.385186663459034,1.25,23.655095826316636
2022-01-21 23:15:00,Queens,Upper East Side,40.67159202012439,-74.05203456998376,40.74573074981694,-74.07170775157499,Uber,UberXL,2.339872661440846,1.11,7.320202644848844
2022-01-31 03:07:00,Williamsburg,Lower East Side,40.65738511191132,-74.08676021257507,40.61704276109899,-74.03061173987116,Uber,UberPOOL,1.8454705846242536,1.01,5.786869258323369
2022-01-22 20:58:00,Bronx,Brooklyn,40.661271610118256,-74.03185371208245,40.64310728699148,-73.9188060288367,Uber,UberBLACK,8.026218807391414,1.7,28.128000951989456
2022-03-10 10:50:00,Upper East Side,Central Park,40.66540984658806,-73.9559353825892,40.7366678136488,-74.01405861474669,Lyft,Lyft Shared,9.014267198325822,1.0,18.274967597070187
2022-03-23 09:22:00,Williamsburg,Upper East Side,40.61355380777918,-74.03432146358709,40.64559116363716,-74.04153492413562,Uber,UberXL,2.4745141901494376,2.0,13.660799665523031
2022-02-14 21:49:00,Upper East Side,Manhattan,40.775646203886375,-74.03171662272311,40.64208721609974,-74.08592768160219,Uber,UberXL,14.66836483468286,1.0,28.169638460695005
2022-01-05 11:55:00,Central Park,Upper East Side,40.716170810310736,-73.97867945306461,40.6306385387831,-74.08585570685378,Uber,UberBLACK,8.166738794398464,1.03,17.295546676903236
2022-01-26 08:29:00,Upper West Side,Upper East Side,40.66511082899897,-74.06812932784248,40.68741694594125,-74.05685919480206,Uber,UberBLACK,1.418853490586398,1.95,9.716837536626084
2022-03-03 13:53:00,Bronx,Manhattan,40.73290353549371,-73.97620503866229,40.77882082194775,-74.02170225858283,Lyft,Lyft Shared,2.4016677572354754,1.0,6.702918575162082
2022-02-06 19:57:00,Lower East Side,Williamsburg,40.722435408346676,-74.00877392871537,40.810296483212134,-73.9701575834185,Uber,UberXL,10.88582746706429,1.14,24.567225796793256
2022-01-02 15:46:00,Financial District,Manhattan,40.66158581385013,-74.0740401179013,40.80417841763721,-74.01070775485623,Uber,UberXL,5.186045283179578,1.11,12.848892962576329
2022-01-19 12:10:00,Queens,Times Square,40.63971601391786,-73.97720571823048,40.64332218338755,-73.96420386220574,Uber,UberX,5.119386386295417,1.23,14.094479196500886
2022-02-26 23:52:00,Manhattan,Manhattan,40.751232472674225,-73.95665394799708,40.6650828498489,-74.0086268642674,Uber,UberBLACK,6.362729539355859,1.93,26.315119019174414
2022-02-15 14:07:00,Times Square,Manhattan,40.76504814790884,-73.91076562821667,40.668401218974616,-74.10409510366469,Lyft,Lyft XL,10.131239542745133,1.51,30.546800491704015
2022-01-03 12:18:00,Brooklyn,Times Square,40.79084916472421,-73.95510316346085,40.72308233654279,-73.99644599432509,Uber,UberSUV,3.300250195401409,1.15,9.516753518245334
2022-01-14 16:44:00,Lower East Side,Manhattan,40.73069338928082,-73.94714563517631,40.71643953924785,-74.05070762055853,Lyft,Lyft Shared,6.889761352252279,1.21,17.6140696633942
2022-02-05 23:55:00,Williamsburg,Williamsburg,40.78118762828447,-74.01002752418464,40.71097495922483,-74.03167227525428,Lyft,Lyft XL,12.275117911670467,2.77,66.42863407682259
2022-01-26 19:09:00,Queens,Williamsburg,40.680865370937,-74.0161273582606,40.7183392683881,-74.00719825482666,Uber,UberX,12.836285143961698,1.88,46.93137812363398
2022-02-13 12:27:00,Upper West Side,Upper East Side,40.76396995278056,-73.91576111808668,40.69250959007509,-73.91070077076829,Uber,UberPOOL,13.697295590573233,1.0,26.47026728350316
2022-03-04 18:12:00,Times Square,Financial District,40.768628269196384,-74.0659215161002,40.76467441406109,-74.10346929920934,Lyft,Lyft,11.014964582219115,2.14,46.60104236041059
2022-03-01 01:30:00,Bronx,Staten Island,40.77561599655692,-73.96339895271076,40.64946981507213,-74.012003673728,Uber,UberXL,4.980101897938026,1.11,12.448847936744615
2022-03-23 19:35:00,Williamsburg,Williamsburg,40.721875067497905,-74.08830402855651,40.81200594622199,-74.09887548444752,Uber,UberPOOL,2.0600841136577825,1.53,9.340875214318713
2022-02-24 03:42:00,Brooklyn,Queens,40.76688110720629,-74.06382603540283,40.795916382578284,-74.03919704193876,Lyft,Lyft,3.3933583357934456,1.12,9.450982338155155
2022-01-23 11:52:00,Times Square,Williamsburg,40.68061364495158,-74.02522987241383,40.693177091294025,-73.95925975929558,Uber,UberX,14.027025620942728,1.63,44.08709058373913
2022-01-06 21:49:00,Manhattan,Bronx,40.715671593411955,-74.04590236007033,40.80582758244143,-73.90964673414935,Lyft,Lyft Shared,1.7333422663324107,1.0,5.533348966081719
2022-02-26 13:26:00,Manhattan,Manhattan,40.794379406939235,-74.02690022025074,40.707237369537246,-73.93428617671614,Uber,UberSUV,1.2386133546709106,1.0,4.667573370674093
2022-02-14 22:04:00,Times Square,Queens,40.6830000647798,-73.9466838962569,40.7670833864476,-73.91235583571344,Lyft,Lyft Shared,9.47664588146705,2.08,39.694991008540065
2022-01-05 00:04:00,Staten Island,Times Square,40.76132832452315,-73.9289416785395,40.68941804086378,-74.07895625473421,Lyft,Lyft XL,13.388133041534877,1.0,25.929232822686036
2022-01-31 06:41:00,Harlem,Central Park,40.64365830375001,-74.02944675298191,40.676829137517174,-73.91829294835061,Uber,UberX,3.6723218305067657,1.07,9.55142262762392
2022-03-23 11:30:00,Upper East Side,Harlem,40.634635548064935,-74.03143830888459,40.753804831951136,-73.93656435536853,Uber,UberXL,5.826897695211692,1.0,12.697070966620462
2022-03-02 08:11:00,Brooklyn,Upper West Side,40.651423032543306,-74.07480038926408,40.8076426841422,-74.03916047165175,Uber,UberSUV,9.538566248567971,1.56,29.94028585859056
2022-01-07 10:03:00,Harlem,Brooklyn,40.81027039887308,-73.94390652882457,40.78507777620067,-74.00870503789808,Uber,UberPOOL,4.7223388467755445,1.0,10.764092981857203
2022-02-27 09:55:00,Upper East Side,Queens,40.676273034704245,-74.07738636746977,40.664629861696596,-73.91457397023491,Uber,UberPOOL,10.797033591061263,2.03,43.431461832245134
2022-03-01 10:09:00,Upper West Side,Queens,40.676594553705655,-73.90918581575117,40.647022484963976,-73.99799396195802,Lyft,Lyft XL,11.98007800387158,1.01,23.699787871843014
2022-01-04 15:43:00,Times Square,Bronx,40.63340464984898,-74.01122441777215,40.749937300262744,-74.06727377803851,Uber,UberXL,7.690107757296567,1.94,30.957915836021844
2022-02-19 23:32:00,Upper East Side,Lower East Side,40.71294946303352,-74.04631696390251,40.71016172153507,-74.10251358451835,Lyft,Lyft,12.997226827857375,2.54,64.12267324982604
2022-02-14 09:30:00,Central Park,Staten Island,40.72147523102672,-74.1019810399249,40.73263878324404,-74.04677678777146,Lyft,Lyft XL,6.376201334899817,1.01,13.794935859435427
2022-02-23 15:07:00,Financial District,Brooklyn,40.722200610710956,-73.90884707672708,40.750036204853785,-74.0991677650234,Uber,UberXL,3.0604006544721862,1.42,11.155095626363382
2022-02-05 01:48:00,Times Square,Harlem,40.65519084213551,-74.05783502538453,40.72627542027667,-74.0067261993727,Uber,UberXL,6.277606677854534,3.11,41.940874344223296
2022-03-26 07:18:00,Brooklyn,Central Park,40.77570458349731,-74.01453836378424,40.70801053314876,-73.9934361247169,Lyft,Lyft Black,8.095932038636047,1.3,21.668245387897006
2022-03-14 00:08:00,Williamsburg,Financial District,40.7464841611276,-74.06549507628559,40.70261825148958,-74.01770014228987,Lyft,Lyft XL,6.78387864210251,1.0,14.371787623679394
2022-03-11 13:37:00,Manhattan,Upper West Side,40.68538494218777,-74.01580229543386,40.68635821351794,-74.05949724922804,Lyft,Lyft Black,7.2340366498572255,1.0,15.159564137250145
2022-01-24 20:43:00,Times Square,Staten Island,40.639555291575526,-74.01072379489426,40.63907448417515,-74.03037561325579,Uber,UberSUV,12.451378471589223,1.86,45.17923692502292
2022-03-02 06:22:00,Brooklyn,Times Square,40.74444984528194,-74.00690247486428,40.771971218250755,-74.07122791197253,Lyft,Lyft Black,2.1007086841305247,1.05,6.48505220708984
2022-02-12 12:07:00,Brooklyn,Times Square,40.62738422388348,-74.0594113482054,40.740039122212046,-74.08126244155356,Lyft,Lyft,2.85928733068397,1.21,9.079540922723307
2022-03-09 15:06:00,Central Park,Times Square,40.81218464029541,-74.05742531686907,40.734126147939165,-73.94791550055672,Uber,UberXL,4.2446648744724635,1.0,9.928163530326811
2022-03-22 05:04:00,Staten Island,Lower East Side,40.79669592446595,-73.96347149598816,40.8006733257604,-73.92661022709288,Lyft,Lyft Shared,11.40738343991253,1.0,22.462921019846927
2022-03-04 08:10:00,Staten Island,Times Square,40.663049753998116,-73.94455050856926,40.79379563493725,-73.99649912044167,Uber,UberPOOL,4.834547595138108,1.71,18.74238367845079
2022-01-04 05:02:00,Staten Island,Times Square,40.7795029976256,-73.94810546477588,40.767200277567014,-74.0624325649489,Lyft,Lyft Shared,4.8439890473136105,1.22,13.391916616014557
2022-02-18 10:22:00,Upper East Side,Harlem,40.75841765522974,-73.99725843881396,40.8008838947672,-73.94441457599183,Uber,UberSUV,1.6669468471710256,1.0,5.417156982549295
2022-02-10 13:47:00,Central Park,Williamsburg,40.7482085357237,-73.90992702306109,40.81144028471538,-73.98612920661076,Lyft,Lyft,10.123472618837361,1.0,20.216077082965384
2022-01-22 01:11:00,Manhattan,Staten Island,40.664047724551814,-73.97716474732535,40.746395752346245,-73.99707733529067,Uber,UberX,9.435633637742765,2.59,49.242009463069074
2022-02-06 19:47:00,Harlem,Financial District,40.63873751080652,-73.9802535546871,40.69194488736301,-73.98242903542511,Lyft,Lyft,5.00817936598526,2.31,26.020565086995415
2022-02-04 01:06:00,Lower East Side,Manhattan,40.72681162537707,-73.95586831475035,40.68105692269203,-74.03044559486958,Lyft,Lyft,2.6032647593366813,1.0,7.055713328839192
2022-01-17 12:53:00,Upper East Side,Upper West Side,40.733526583863586,-74.06311514850137,40.75171573968207,-73.9163350910409,Lyft,Lyft,2.9236502253333088,1.11,8.454190562709954
2022-03-27 20:24:00,Manhattan,Harlem,40.75514224638908,-74.07866574316384,40.78049110734043,-74.0979953094323,Lyft,Lyft,14.983109518654452,2.32,66.63142464573707
2022-01-20 23:08:00,Harlem,Queens,40.749793799752325,-74.02549741215765,40.74662114055854,-74.03672391947471,Uber,UberBLACK,7.381032560005475,1.22,18.80850451561169
2022-01-02 19:35:00,Bronx,Queens,40.711424016839096,-74.0586144224624,40.751773537872445,-74.05898193280272,Lyft,Lyft Black,12.223786451260011,1.96,46.82758752782184
2022-01-08 00:21:00,Brooklyn,Upper East Side,40.74455902129271,-73.95646737626275,40.639903429284374,-74.01481860623893,Lyft,Lyft Black,12.926291287681918,1.42,35.671833849889566
2022-01-31 10:36:00,Upper West Side,Lower East Side,40.693897720832744,-74.07005047881213,40.75401855553753,-74.01809626485718,Uber,UberSUV,8.268227023681312,1.0,16.9693972914423
2022-03-13 16:47:00,Brooklyn,Upper East Side,40.7573329808088,-74.01980175355799,40.63744211472417,-73.96503706962574,Uber,UberX,10.774710454154297,1.91,40.78946969301074
2022-02-12 12:42:00,Bronx,Williamsburg,40.730940089475844,-74.06097281387336,40.757079158539916,-74.07079406845143,Lyft,Lyft XL,12.849789948736944,1.0,24.987132410289654
2022-02-10 05:43:00,Queens,Upper West Side,40.71733356362987,-73.91762848560086,40.7641588064573,-74.07128259615983,Uber,UberBLACK,2.6143345228046915,1.0,7.0750854149082105
2022-03-09 23:26:00,Staten Island,Brooklyn,40.786028850173636,-74.04734621575437,40.67870662562461,-74.0277591842568,Lyft,Lyft Shared,4.462715187997934,1.0,10.309751578996384
2022-01-30 07:29:00,Bronx,Times Square,40.758354143767136,-73.94114501693218,40.67344839472047,-74.02703637369967,Lyft,Lyft Black,14.869823854943558,1.54,43.92417528907289
2022-02-14 23:18:00,Financial District,Williamsburg,40.720598802414564,-74.00412782316329,40.6741871492416,-74.09136426647102,Lyft,Lyft,4.270635182694376,1.17,11.669125536566733
2022-03-08 22:15:00,Financial District,Times Square,40.70679563590601,-73.97121785235765,40.8017373534688,-73.98489808985804,Uber,UberSUV,9.856539426364694,1.52,30.018394874130088
2022-03-04 22:13:00,Upper East Side,Financial District,40.72758059565233,-74.04267930839451,40.753853476792834,-73.9318738968341,Uber,UberX,13.804642752450242,1.2,31.98974978014551
2022-01-29 01:01:00,Central Park,Harlem,40.68222188731623,-74.04181676187189,40.6638577546297,-73.90929266073834,Uber,UberBLACK,14.75252707669319,2.94,83.25175180958647
2022-01-14 08:37:00,Upper East Side,Lower East Side,40.7660889211619,-73.97188439184839,40.65728891261333,-74.04717238286732,Lyft,Lyft Shared,13.541190684312577,1.7,44.53504228582991
2022-02-22 00:44:00,Harlem,Williamsburg,40.76353290637646,-74.00310669579126,40.76263301226732,-73.94431306903012,Uber,UberX,4.041590719341754,1.0,9.57278375884807
2022-01-14 16:48:00,Financial District,Bronx,40.74509374964391,-74.04585488597397,40.689899015563554,-73.9188633725124,Uber,UberSUV,2.8697309875019976,2.19,16.473244009601405
2022-03-13 14:27:00,Bronx,Brooklyn,40.73263984792131,-73.98143873759852,40.70501947018104,-74.10579842067739,Uber,UberPOOL,13.788793751989326,1.0,26.63038906598132
2022-02-08 00:33:00,Financial District,Queens,40.80984229508788,-73.98191646907394,40.80446437444531,-73.92687042231775,Lyft,Lyft Shared,12.505824856601532,1.0,24.38519349905268
2022-03-13 12:50:00,Financial District,Williamsburg,40.644061176757745,-73.93373818560434,40.73190304595557,-73.98661693463491,Lyft,Lyft Shared,11.326283258322384,1.33,29.686924283745352
2022-02-26 09:50:00,Lower East Side,Financial District,40.74748276734356,-73.99478511250307,40.79161411903559,-74.00510200385284,Lyft,Lyft XL,4.952608509785728,1.91,21.329093943958796
2022-02-05 21:25:00,Harlem,Queens,40.80304775182012,-74.02565377027864,40.67687747602937,-73.93827102067387,Lyft,Lyft,14.812790326338622,1.87,53.149856342943146
2022-03-09 09:28:00,Manhattan,Brooklyn,40.695071874020975,-74.03812582284986,40.67642002543856,-74.1001925175109,Uber,UberX,12.14455150983793,1.53,36.34203666759106
2022-01-21 04:43:00,Central Park,Financial District,40.62892316059192,-74.00905273061112,40.77402736395464,-73.92861849731457,Uber,UberBLACK,12.688806010424162,1.0,24.705410518242285
2022-01-30 06:34:00,Upper East Side,Lower East Side,40.73434922716681,-73.97179825357658,40.76278457906341,-74.00829598350349,Lyft,Lyft Black,10.686208880881976,1.0,21.200865541543457
2022-02-13 11:52:00,Manhattan,Manhattan,40.663010212848214,-73.97267813027045,40.791140899611435,-74.01005146002545,Uber,UberX,3.831365507846299,1.0,9.204889638731023
2022-01-05 05:52:00,Williamsburg,Central Park,40.64177097955004,-74.09395179254851,40.72430361990642,-74.06372802722383,Uber,UberBLACK,6.348593469402125,1.19,16.195945900029926
2022-02-01 23:09:00,Upper East Side,Staten Island,40.78785024678205,-74.0967087341364,40.74953681993061,-73.91599729080642,Lyft,Lyft XL,3.8550105116148874,1.0,9.246268395326053
2022-02-18 22:09:00,Financial District,Central Park,40.778565030940165,-73.99651765366585,40.644363967301054,-74.00385539809088,Lyft,Lyft XL,5.758936414384971,1.33,16.72892450448102
2022-03-26 14:46:00,Central Park,Upper West Side,40.76587036445982,-73.91495985420657,40.61425720830501,-74.01158271330175,Uber,UberX,7.453911007487367,1.04,16.166118033627008
2022-02-09 19:23:00,Manhattan,Bronx,40.68725007724511,-73.92907407507414,40.80423729831862,-74.07437785073988,Lyft,Lyft XL,10.037369535999124,2.28,45.7491044486365
2022-01-22 12:10:00,Manhattan,Upper East Side,40.61627778025511,-73.95195976618363,40.67745503947258,-73.97800229996534,Uber,UberBLACK,3.9000234602913153,1.0,9.325041055509802
2022-02-18 04:56:00,Lower East Side,Financial District,40.7836947108398,-74.0758150243928,40.7842134013955,-74.06317358424383,Uber,UberPOOL,10.388331649968556,1.1,22.74753842618947
2022-03-22 00:26:00,Upper West Side,Brooklyn,40.78445402936042,-74.07249300865537,40.676437458084635,-73.96039562265972,Lyft,Lyft XL,11.949104648971995,1.0,23.41093313570099
2022-01-24 08:47:00,Williamsburg,Lower East Side,40.73907950790281,-74.05801468305283,40.79256775530179,-74.05611751966853,Uber,UberBLACK,6.862334858661179,1.85,26.84180910491557
2022-01-30 22:41:00,Upper East Side,Manhattan,40.66624190348422,-74.0482821847102,40.772730508130614,-74.02269349319008,Lyft,Lyft Black,12.90068989429554,2.61,65.44890109219487
2022-02-06 11:00:00,Financial District,Brooklyn,40.79310208517452,-74.0623844190655,40.645355070764914,-73.92198189870078,Uber,UberXL,3.581062542328981,1.61,14.114643713011906
2022-03-05 20:42:00,Staten Island,Brooklyn,40.74597419928643,-74.0373823566649,40.676981663027405,-74.08690458360168,Lyft,Lyft Shared,11.39067448679369,1.68,37.68858299117345
2022-03-29 21:54:00,Bronx,Queens,40.68189153393439,-74.05007088122557,40.61795647415367,-73.98234927923329,Lyft,Lyft,1.8560555021274228,1.23,7.070159468329278
2022-03-05 05:22:00,Lower East Side,Lower East Side,40.77213979097949,-74.09804661101612,40.62082862824575,-74.07710556299327,Lyft,Lyft XL,7.009904082035646,1.0,14.767332143562381
2022-01-27 21:31:00,Staten Island,Central Park,40.70315809098179,-73.93545223817819,40.66719332583734,-73.97215043582973,Uber,UberXL,8.470174445556477,1.23,21.307050494060316
2022-03-12 16:15:00,Harlem,Financial District,40.761784995578836,-73.97441176566343,40.62845087704232,-73.92203396515288,Lyft,Lyft Black,11.666007863871934,2.48,56.83047412920419
2022-01-10 20:25:00,Lower East Side,Upper West Side,40.771064402214826,-73.94776335275928,40.70811533862017,-73.97996933042901,Uber,UberXL,11.237330215983768,1.01,22.386981156751308
2022-01-21 01:54:00,Brooklyn,Central Park,40.662124669947865,-74.0768061624774,40.79923204038852,-74.06668396413737,Lyft,Lyft Shared,3.581471238794357,1.0,8.767574667890123
2022-02-03 07:23:00,Central Park,Harlem,40.76838994720307,-74.04602475262313,40.70611858425365,-74.01121420075481,Lyft,Lyft Shared,8.575380293546354,1.66,29.061479752752156
2022-03-15 21:24:00,Upper East Side,Central Park,40.66803198635465,-74.05115644689222,40.75236681763268,-74.05133461484012,Uber,UberXL,1.671189386742573,1.0,5.424581426799502
2022-03-07 02:24:00,Upper West Side,Staten Island,40.78286965863417,-74.02623113110113,40.62244109806039,-74.06374206701288,Uber,UberBLACK,12.445577020089857,1.14,27.678926155079264
2022-03-31 01:22:00,Harlem,Manhattan,40.705182959162656,-73.93736666742193,40.671662522024484,-73.91710783787067,Uber,UberXL,1.5027947358540912,1.0,5.129890787744659
2022-01-15 22:05:00,Central Park,Brooklyn,40.67180090804185,-74.05580471852448,40.79217834040249,-74.02203417893095,Uber,UberPOOL,6.900538941740722,2.59,37.75169275343982
2022-03-06 01:35:00,Williamsburg,Lower East Side,40.73520183160754,-73.99915880097709,40.771502453687994,-74.01650798698643,Lyft,Lyft Black,1.3111416604566644,2.76,13.232814220005688
2022-03-12 13:56:00,Staten Island,Bronx,40.6823378300204,-73.93055084442969,40.75894100578223,-74.00938712736567,Uber,UberXL,5.743040949500394,1.0,12.550321661625688
2022-01-19 06:55:00,Williamsburg,Upper West Side,40.71971762730897,-73.98364116916977,40.62711614255728,-73.92933143754045,Lyft,Lyft Black,7.525590215359067,1.19,18.647041623485254
2022-02-19 22:36:00,Central Park,Williamsburg,40.737863886299905,-73.98873350088492,40.61830319170051,-74.03746868803192,Lyft,Lyft,8.86684650967355,2.87,51.70873659483541
2022-01-23 00:40:00,Bronx,Central Park,40.76144401506316,-74.03861975426902,40.66973216055213,-73.93133178576531,Lyft,Lyft Shared,3.32097405063561,3.18,26.431220591787174
2022-01-04 14:07:00,Bronx,Manhattan,40.66427639849005,-74.02191267396368,40.78880392418047,-74.04581744026098,Uber,UberXL,5.151915357470992,1.0,11.515851875574237
2022-02-15 19:19:00,Harlem,Queens,40.690993437778445,-74.09059989419133,40.62734682324745,-74.07703144444152,Uber,UberBLACK,9.038050133382399,2.24,41.029156522859004
2022-03-13 18:03:00,Lower East Side,Lower East Side,40.71116566158541,-74.09713747335634,40.620109845068896,-74.067336578885,Lyft,Lyft,1.3977343872035872,1.75,8.655561560810986
2022-01-23 00:40:00,Staten Island,Staten Island,40.75795608351587,-73.9371192092788,40.65528948039051,-73.93512999945317,Lyft,Lyft,5.758862744331895,1.85,23.269318134774515
2022-03-21 20:56:00,Brooklyn,Financial District,40.614966462633966,-74.0026932651621,40.668707279462524,-74.08446212261934,Lyft,Lyft Shared,4.736011439383209,1.0,10.788020018920616
2022-02-14 10:34:00,Manhattan,Queens,40.725237691770744,-74.07846967116289,40.72841288647128,-74.03900637667171,Uber,UberXL,4.844275523343683,1.15,12.624104490729161
2022-01-16 12:08:00,Lower East Side,Staten Island,40.750234870202306,-73.93077932446117,40.67842114977942,-74.08301121036492,Lyft,Lyft Black,13.984433849347793,1.0,26.972759236358637
2022-01-27 14:15:00,Upper West Side,Financial District,40.67100624946867,-73.93796857937987,40.690865862504786,-74.00298096543114,Uber,UberXL,9.994385841237502,1.0,19.99017522216563
2022-01-29 12:47:00,Brooklyn,Staten Island,40.697971639316165,-74.03368046652841,40.68468771360348,-74.01721500580896,Uber,UberXL,13.47019919206545,1.18,30.765961331615156
2022-02-16 18:51:00,Staten Island,Upper East Side,40.71718321794249,-73.9526190388333,40.71023182122891,-73.91669811242491,Lyft,Lyft,14.788909562347593,1.06,30.083427238154783
2022-01-09 19:46:00,Financial District,Upper East Side,40.65578089360204,-73.92363860381151,40.80595396153842,-73.95565353704077,Uber,UberX,9.685845074162051,2.8,54.460640863394055
2022-02-03 06:07:00,Williamsburg,Bronx,40.80725784303251,-73.93939032867196,40.6372045215508,-73.9846321919418,Uber,UberPOOL,10.446679722007524,1.13,23.483309150269875
2022-03-20 11:01:00,Harlem,Harlem,40.68713266127092,-73.95018204023776,40.726372664092395,-74.09585488822678,Uber,UberPOOL,5.412696198691103,1.27,15.204717301590977
2022-03-19 21:23:00,Times Square,Upper East Side,40.73985882986901,-73.93200979392189,40.70258334006625,-74.02276800049103,Uber,UberX,12.216053306018512,3.49,83.33454556650807
2022-03-30 09:55:00,Manhattan,Manhattan,40.753473849531,-74.0675783428288,40.6139086320304,-74.09006628771385,Lyft,Lyft Shared,6.2219336270287835,1.74,23.295787894302645
2022-03-09 10:18:00,Queens,Lower East Side,40.76136042956994,-73.9188220226792,40.807299518234004,-74.06970129702513,Uber,UberSUV,1.3826581473834187,1.19,5.854385591925969
2022-02-01 14:37:00,Central Park,Upper East Side,40.71034146476572,-73.90791545900898,40.62816743646115,-73.991580175926,Lyft,Lyft,14.327335762435766,1.08,29.7786645910036
2022-02-12 01:07:00,Williamsburg,Staten Island,40.75551811241587,-74.0240271926631,40.668280619963966,-73.97094080820041,Uber,UberX,5.579059082964998,1.98,24.28143972247372
2022-01-29 15:29:00,Central Park,Lower East Side,40.79263098413173,-74.02422783248724,40.67256866414015,-74.06781430129925,Lyft,Lyft,1.3710535418335819,1.11,5.438271505011733
2022-02-19 17:25:00,Brooklyn,Upper West Side,40.71578021422234,-74.04638081345074,40.72445015330626,-73.97417909877854,Lyft,Lyft XL,3.8225999642993043,2.43,22.330606348182794
2022-03-18 05:05:00,Upper West Side,Staten Island,40.8122985261397,-74.05169087289967,40.74250211264186,-74.08194988474469,Uber,UberBLACK,14.614813255841883,1.0,28.075923197723295
2022-02-15 21:21:00,Bronx,Staten Island,40.74940039672145,-73.98369288443335,40.77405380660011,-74.07509601581076,Lyft,Lyft,5.291301588740576,1.0,11.759777780296009
2022-02-20 06:23:00,Lower East Side,Manhattan,40.62958677618218,-73.90911067793685,40.78505668826928,-74.01886326294094,Lyft,Lyft Black,9.846145901943059,1.0,19.730755328400353
2022-02-02 13:32:00,Times Square,Bronx,40.624556859180956,-74.00502895951128,40.73866349185162,-73.96020698874803,Uber,UberXL,9.446638056492688,1.68,31.9731158860885
2022-03-01 21:05:00,Williamsburg,Upper West Side,40.66459359243323,-73.91139408020878,40.78593322594103,-73.97340006249934,Uber,UberBLACK,14.512644746813393,1.11,30.96581242068502
2022-02-12 23:34:00,Manhattan,Bronx,40.78488808566502,-74.05783347157036,40.64421607663509,-74.10048824793958,Uber,UberSUV,14.387976478199693,1.97,54.527548908593445
2022-03-31 08:08:00,Times Square,Lower East Side,40.71596559528598,-74.00277070781193,40.65053283478607,-74.02799657287031,Lyft,Lyft XL,6.9374086942325235,2.65,38.79723281950333
2022-03-06 09:17:00,Upper West Side,Manhattan,40.68117629137101,-74.09033001271887,40.63056152656429,-74.02906713318481,Uber,UberBLACK,3.458791099337507,2.0,17.105768847681276
2022-03-16 17:51:00,Upper East Side,Upper East Side,40.68511741498218,-73.97198436220332,40.68517909550686,-73.97646356112558,Uber,UberBLACK,2.3129640345043105,2.24,14.666819015256898
2022-02-08 05:48:00,Central Park,Queens,40.67106299617229,-74.07915148970375,40.74154989666849,-74.05660343857707,Uber,UberXL,5.166714707152821,1.21,13.965518392396099
2022-02-26 12:33:00,Bronx,Central Park,40.64526273372978,-73.94985455932891,40.61294987506475,-74.01303822383109,Lyft,Lyft Black,7.605653160164755,1.22,19.28806949695175
2022-03-24 18:53:00,Harlem,Manhattan,40.81125859594148,-73.93213192130091,40.665691200437315,-74.01688767897711,Uber,UberPOOL,13.835073054558094,1.76,47.01202500803893
2022-01-07 01:03:00,Queens,Manhattan,40.61743591529869,-74.076738733401,40.64711952567852,-74.07293663096026,Uber,UberPOOL,9.609270823893043,1.01,19.509386181230955
2022-01-13 16:48:00,Central Park,Lower East Side,40.67800744707938,-74.01069845489634,40.76525166289419,-74.10495894098226,Uber,UberXL,12.168468282874501,1.94,46.161949820358934
2022-03-26 10:15:00,Queens,Queens,40.659927059860756,-74.06550803962806,40.64187668492648,-73.95314235140323,Lyft,Lyft XL,5.5479734531308935,1.0,12.208953542979064
2022-02-08 07:09:00,Queens,Times Square,40.733227648234596,-73.9385593627834,40.76214947131996,-73.91061752073198,Uber,UberBLACK,5.291553722977843,2.08,24.46125555163935
2022-03-15 22:34:00,Upper East Side,Harlem,40.68359634125027,-74.01038857966118,40.61946798765098,-74.00420225162861,Lyft,Lyft XL,10.712621645144253,1.01,21.45955875779247
2022-01-31 13:33:00,Brooklyn,Financial District,40.63508523487193,-74.01512019515914,40.64077168988941,-73.96058651986063,Lyft,Lyft Black,7.6686280897827785,1.0,15.920099157119862
2022-02-13 08:49:00,Central Park,Staten Island,40.785205163349154,-73.97470094354178,40.752231651020615,-73.95529383185888,Uber,UberXL,3.8441809592334177,1.81,16.70144318837185
2022-02-04 13:05:00,Harlem,Brooklyn,40.79259113019251,-73.94899786684114,40.74023734144733,-74.08945966485079,Lyft,Lyft,9.974825542076823,1.0,19.95594469863444
2022-02-21 13:22:00,Lower East Side,Central Park,40.616957007080025,-73.95261794011934,40.628657594048704,-74.0121215749997,Uber,UberX,3.0070576094609285,1.0,7.762350816556625
2022-03-18 14:46:00,Williamsburg,Staten Island,40.68212464145084,-74.01980726920436,40.69285705107165,-73.93621455332158,Lyft,Lyft,11.776286877792563,1.1,25.419352239750687
2022-01-27 12:15:00,Financial District,Manhattan,40.71886304446858,-73.94273600491574,40.80984570371368,-73.94948893656444,Lyft,Lyft Shared,3.1637827862125847,1.03,8.277718472148186
2022-03-03 07:14:00,Lower East Side,Williamsburg,40.77206330680822,-73.97524274186009,40.64617016187195,-74.02883830063787,Uber,UberXL,11.603556295142274,1.7,38.77057997804827
2022-03-27 18:10:00,Brooklyn,Central Park,40.792879861160294,-74.04390649495862,40.75814070287742,-73.92888049200629,Uber,UberXL,1.6660758834158569,1.0,5.41563279597775
2022-03-16 11:34:00,Financial District,Staten Island,40.784088826004094,-74.02807534892796,40.64921786310344,-74.0398172103062,Lyft,Lyft,2.7843515946972635,1.25,9.215769113400263
2022-03-22 11:08:00,Queens,Brooklyn,40.74270420498782,-73.99862381185729,40.78398130087569,-74.02889291535631,Uber,UberBLACK,3.553574448344331,1.17,10.200943682985017
2022-01-31 21:27:00,Manhattan,Harlem,40.67731919163851,-74.07748328093615,40.72308989167743,-74.08176679679174,Uber,UberPOOL,7.087165807713782,1.0,14.902540163499118
2022-02-05 18:14:00,Harlem,Bronx,40.75725136052674,-74.06984232579474,40.74085950223462,-74.0893959868256,Lyft,Lyft Shared,3.5962632356145336,2.07,18.202463571013645
2022-01-16 11:33:00,Lower East Side,Manhattan,40.68003566687577,-73.9932237487987,40.68035802540719,-74.09580801725046,Uber,UberXL,4.455107573914687,1.04,10.708295784524731
2022-03-14 13:43:00,Bronx,Harlem,40.66008264310452,-74.0210221093567,40.758168736990456,-74.05434542749124,Lyft,Lyft,4.091192343233492,1.21,11.688099786796919
2022-03-20 18:04:00,Staten Island,Staten Island,40.73337034710755,-73.96236281900147,40.7125510490393,-73.92679055401575,Lyft,Lyft Black,10.953003514011932,2.09,45.285610352498644
2022-01-19 18:04:00,Times Square,Times Square,40.66206685840373,-74.05912172956208,40.749330740506096,-74.0090190317768,Lyft,Lyft Black,1.1086952890393362,2.79,12.388204748734559
2022-01-04 20:59:00,Queens,Bronx,40.66807324530473,-73.92831695296088,40.65192529893873,-74.05755406414394,Lyft,Lyft Shared,4.024509083544889,1.0,9.542890896203556
2022-03-28 16:16:00,Times Square,Financial District,40.72906818962899,-74.09623269682396,40.729368458821156,-74.09720678060516,Uber,UberSUV,3.0612569605233686,2.91,22.864451071465254
2022-03-15 09:18:00,Bronx,Staten Island,40.78598637482374,-74.03566868654002,40.6445350628432,-74.0431836643523,Lyft,Lyft XL,4.353676824225722,1.46,14.77364428589672
2022-02-07 11:03:00,Brooklyn,Queens,40.68339871973507,-74.01119373442484,40.7510154090106,-74.07290668273686,Lyft,Lyft Shared,12.457511323327711,1.28,31.104825364254076
2022-03-12 23:46:00,Brooklyn,Times Square,40.68976571305387,-74.07612765903552,40.72168020888407,-73.9823550487688,Lyft,Lyft Black,13.28224786585456,2.75,70.79581785442507
2022-03-12 15:57:00,Brooklyn,Lower East Side,40.735752708466435,-74.01479073450349,40.63841694211816,-73.95373360552229,Uber,UberPOOL,3.0763421116722167,1.0,7.883598695426379
2022-03-12 19:22:00,Bronx,Lower East Side,40.75628930490866,-73.93236118001619,40.645469779456114,-74.00183764592721,Lyft,Lyft Black,9.313163485350373,1.8,33.83646497885368
2022-01-08 11:32:00,Staten Island,Brooklyn,40.80396754796851,-73.9375172044384,40.764404255394304,-73.92156364589559,Lyft,Lyft XL,3.141015600055698,1.0,7.996777300097471
2022-02-22 03:30:00,Manhattan,Financial District,40.700045760466466,-74.09186959890603,40.706663518763094,-74.00731490237284,Lyft,Lyft Shared,12.658813947382335,1.0,24.652924407919087
2022-03-18 00:57:00,Upper East Side,Central Park,40.68563331754564,-73.97824565379851,40.728771422915365,-74.08262222443985,Lyft,Lyft Black,12.791557918147376,1.0,24.885226356757908
2022-03-18 00:19:00,Staten Island,Brooklyn,40.75091482955731,-74.05446243707722,40.80589408668127,-73.93906559864446,Uber,UberBLACK,3.4982786116604507,1.1,9.484186327446368
2022-02-19 15:34:00,Central Park,Staten Island,40.66493812185644,-73.99180321410957,40.63841328292844,-73.96394614576582,Lyft,Lyft XL,14.208568036106488,1.09,29.827843528873128
2022-02-18 11:14:00,Lower East Side,Queens,40.754919143539816,-73.98600322929347,40.64048815484854,-73.91650397470005,Uber,UberSUV,14.059266148577269,1.0,27.10371576001022
2022-01-23 03:56:00,Financial District,Harlem,40.7372298643511,-74.08085365210654,40.70937918087277,-74.08845896201653,Lyft,Lyft Black,12.526878620546364,1.89,46.15765103745709
2022-01-28 22:01:00,Harlem,Brooklyn,40.768890933322815,-74.00623476303541,40.68905497513774,-74.07941863488425,Lyft,Lyft XL,6.369493302734792,1.0,13.646613279785885
2022-02-17 12:49:00,Queens,Harlem,40.69090333714761,-73.95455427202707,40.76392199008794,-73.91363015162253,Uber,UberXL,6.3255474704626895,1.29,17.50492341456952
2022-02-07 22:02:00,Lower East Side,Williamsburg,40.75355566664532,-74.05286287294534,40.766639191695866,-74.07839194889145,Uber,UberXL,8.854061244361866,1.25,22.49325897204158
2022-01-28 13:22:00,Staten Island,Williamsburg,40.651826586426,-74.102992575939,40.615346901174,-74.09490879150063,Lyft,Lyft,3.8194222460041534,1.0,9.183988930507269
2022-02-06 16:18:00,Bronx,Staten Island,40.77537324834628,-74.04841804868903,40.805282168401874,-73.92544267583585,Lyft,Lyft,11.747267848014218,2.19,50.49640402751449
2022-03-11 12:27:00,Lower East Side,Times Square,40.681745626232065,-74.07114554363564,40.660504499095445,-74.07244853575011,Uber,UberSUV,4.651375516464179,1.18,12.555090441498528
2022-03-05 16:52:00,Brooklyn,Financial District,40.71263093785768,-73.92063004128086,40.72091259877446,-74.07772859683152,Uber,UberX,8.210718711208877,1.57,26.48394965904639
2022-01-17 06:45:00,Upper West Side,Upper East Side,40.68858835482333,-73.97824192746008,40.77014762788561,-74.1056553593521,Uber,UberPOOL,2.681762002731667,1.0,7.193083504780417
2022-02-19 04:35:00,Upper West Side,Times Square,40.75180034229465,-74.07982503077046,40.710723617229235,-74.03728972021227,Uber,UberPOOL,7.90061538571685,1.09,17.79542384825489
2022-02-08 11:33:00,Financial District,Times Square,40.656562720037066,-73.99852085070091,40.66187809830409,-73.92027991360034,Uber,UberPOOL,6.67944849860498,1.49,21.141661960112483
2022-01-28 15:33:00,Harlem,Manhattan,40.69621079500612,-73.91341247497446,40.65039205494409,-74.03134024203399,Uber,UberX,4.858119255182333,1.0,11.001708696569084
2022-03-11 06:21:00,Upper East Side,Lower East Side,40.80213220167229,-74.08321871874568,40.7449670750334,-74.05356517905592,Lyft,Lyft,12.708635447672096,1.06,26.22451875543174
2022-02-16 23:02:00,Financial District,Financial District,40.662356034972085,-73.97636389920888,40.7660257193071,-74.10088536002395,Uber,UberSUV,1.8490434894880332,1.61,9.234680031632534
2022-02-09 00:50:00,Times Square,Staten Island,40.80135551993997,-73.93860518632012,40.654451565539404,-73.91081638419325,Lyft,Lyft,7.324811909284943,1.45,22.21171021981054
2022-01-26 18:22:00,Manhattan,Brooklyn,40.65486999982816,-74.02975653857072,40.78874265060576,-73.91794558764441,Lyft,Lyft,1.0610621627101342,2.23,9.715795089976298
2022-03-16 15:49:00,Times Square,Brooklyn,40.62831216005496,-74.08941970334935,40.768504076100626,-74.06348435175018,Lyft,Lyft Black,12.296412987254053,1.23,29.543028955064347
2022-03-13 14:32:00,Harlem,Upper East Side,40.67020314811322,-73.99581814464693,40.65451950537321,-73.91810197116224,Lyft,Lyft Black,13.119381946214713,1.0,25.458918405875746
2022-03-12 22:00:00,Financial District,Williamsburg,40.758987754901824,-73.90973891966559,40.73240992170831,-74.00056164956393,Uber,UberPOOL,12.861868025708343,2.91,72.77406292091973
2022-01-10 06:10:00,Queens,Staten Island,40.784959726446196,-73.94628828114088,40.709335356388976,-74.04216582535099,Lyft,Lyft Shared,11.296235776173909,1.09,24.27256974305173
2022-03-04 14:07:00,Brooklyn,Staten Island,40.625037195843156,-73.97155879357918,40.71760659154508,-73.90740410102744,Lyft,Lyft Black,11.075687675647053,1.0,21.88245343238234
2022-03-30 01:14:00,Times Square,Upper West Side,40.75186575116402,-73.99801920798075,40.682856570255936,-74.01764404078286,Uber,UberX,12.55646315031617,1.51,36.95545387471047
2022-02-14 13:13:00,Upper East Side,Financial District,40.79706171569578,-74.04370863415635,40.80011154296775,-74.0722737577814,Uber,UberSUV,6.343244110379178,1.19,16.18480585986464
2022-01-10 02:25:00,Lower East Side,Staten Island,40.73236949134104,-74.042246802203,40.71364371729251,-73.91570511810862,Lyft,Lyft Black,5.227273595548606,1.0,11.64772879221006
2022-03-07 08:09:00,Central Park,Upper East Side,40.73565050062483,-73.99406146031856,40.64505322118068,-73.99304334561128,Uber,UberX,11.048748424241996,2.3,50.22121240757403
2022-02-15 15:48:00,Lower East Side,Times Square,40.63237791148954,-73.9585176226185,40.721854211560036,-74.05673413189807,Lyft,Lyft,7.742151544267024,1.05,16.85120346259066
2022-01-06 08:22:00,Times Square,Manhattan,40.781964504525234,-74.04438650462525,40.710515046585954,-74.0132922015441,Uber,UberPOOL,12.166304523335459,3.07,73.03847105161975
2022-02-26 11:28:00,Central Park,Brooklyn,40.6245816858291,-74.05269136155096,40.775246029730866,-74.05480347519476,Lyft,Lyft Shared,5.487681873591451,1.16,14.039994203390645
2022-01-22 02:31:00,Times Square,Lower East Side,40.80840505239421,-73.90919025084018,40.65609116850757,-73.98309070930432,Lyft,Lyft,12.583475282068187,3.0,73.56324523085797
2022-03-28 09:33:00,Williamsburg,Queens,40.71757252473761,-73.92846210752516,40.77132629761212,-73.9638152116998,Uber,UberSUV,7.192285642656677,1.83,27.60829477060801
2022-01-25 01:07:00,Bronx,Bronx,40.70704487270068,-74.01710352330016,40.62026443335462,-74.10375700569558,Uber,UberXL,13.259960028236652,1.0,25.70493004941414
2022-03-15 03:43:00,Harlem,Bronx,40.645298274145546,-74.1013797865734,40.751121450973955,-74.07215105352962,Lyft,Lyft XL,6.385297199835615,1.22,16.682609521649038
2022-03-20 01:41:00,Bronx,Lower East Side,40.7128022830794,-74.08902906233556,40.618711493606085,-74.10530170575841,Lyft,Lyft Shared,3.119291725087886,1.63,12.972779645813194
2022-02-15 12:46:00,Times Square,Brooklyn,40.71684194582773,-74.09742045916146,40.806499231678025,-74.04080476316575,Uber,UberXL,2.4515551763421555,1.79,12.154496589891803
2022-01-29 21:18:00,Upper West Side,Upper West Side,40.792636757739594,-73.95282753640052,40.6899207586827,-74.0722736743275,Lyft,Lyft Shared,2.809227118928826,2.14,15.870555560388455
2022-02-07 07:20:00,Bronx,Central Park,40.643369624402574,-74.03408333542768,40.746110815963895,-74.00398996454341,Uber,UberBLACK,1.2803987483626624,1.46,6.921418802066602
2022-01-16 06:31:00,Times Square,Upper East Side,40.812540760249725,-74.08152853076885,40.72715031966084,-74.01069200494236,Lyft,Lyft Black,13.239909699407672,1.13,29.006921430578668
2022-03-22 04:04:00,Staten Island,Manhattan,40.685746130710804,-73.92047434499479,40.725038275660864,-73.99699849211324,Uber,UberXL,1.308085055615689,1.28,6.130110524579144
2022-01-25 01:07:00,Upper East Side,Upper East Side,40.663433893439134,-73.9504798941052,40.77499224158625,-73.96161730109057,Uber,UberX,1.0282013898555897,1.0,4.299352432247282
2022-03-07 14:11:00,Times Square,Brooklyn,40.66103254855926,-74.09223871081753,40.66246935212948,-74.01711416232304,Lyft,Lyft,4.711284229439692,1.8,19.340545322735032
2022-03-29 18:02:00,Central Park,Financial District,40.66775994347747,-73.92769028694653,40.6768784556192,-74.10318683249629,Uber,UberX,8.553838443352248,1.29,22.5352902858677
2022-02-07 18:45:00,Queens,Upper West Side,40.7143068000658,-74.06973275212673,40.807185036557534,-73.94337123520901,Uber,UberPOOL,9.837809855146764,1.8,35.48910104371231
2022-01-13 07:32:00,Lower East Side,Upper West Side,40.69660079724564,-74.00451275321525,40.81126057879132,-74.10506377529558,Lyft,Lyft Shared,1.9377626623667674,1.71,10.07375476713255
2022-02-28 08:40:00,Upper East Side,Queens,40.711706302502584,-74.04761081902835,40.62807284742384,-74.02918638508004,Lyft,Lyft Black,4.034364497012254,1.91,18.259863331263457
2022-03-29 05:47:00,Upper East Side,Queens,40.639863381083345,-73.96871605382572,40.6589475764111,-74.0022183385478,Uber,UberSUV,7.972383146320607,1.0,16.451670506061063
2022-03-06 08:13:00,Lower East Side,Lower East Side,40.68432362355894,-73.9998511548858,40.680244156266205,-74.0853432972252,Uber,UberBLACK,9.428931100378987,2.33,44.27146656179532
2022-02-24 06:22:00,Upper East Side,Brooklyn,40.61553024862487,-73.97020577841863,40.72342654875687,-73.9938136514551,Uber,UberPOOL,1.029179120075808,1.18,5.075254882956543
2022-01-13 03:02:00,Financial District,Manhattan,40.63165092291966,-73.92254675768874,40.65536004658944,-73.91958702269186,Lyft,Lyft,12.198438089896136,1.37,32.670755320525984
2022-03-23 15:02:00,Upper West Side,Bronx,40.68910888096611,-73.97533876233672,40.73736198299412,-73.99064799539195,Uber,UberSUV,9.52611067241348,1.29,24.730194842973432
2022-02-28 04:09:00,Manhattan,Staten Island,40.62062246304332,-73.99214872059248,40.72029559293383,-74.004762738968,Lyft,Lyft XL,6.05181005398525,1.05,13.745200974197896
2022-02-18 11:24:00,Queens,Brooklyn,40.730491353489974,-73.99125567835192,40.628620665471914,-74.07929613865484,Uber,UberXL,2.01554503975391,1.29,7.775092927244452
2022-02-02 19:39:00,Manhattan,Manhattan,40.64871281780638,-74.05437117709904,40.753676988825994,-74.0617134306878,Uber,UberSUV,9.415865757319237,2.35,44.59774792697536
2022-03-18 16:51:00,Lower East Side,Williamsburg,40.61969578441758,-73.96197140179643,40.64635003347631,-74.09261205696932,Lyft,Lyft Black,4.315376356873554,1.82,18.294473696642275
2022-03-02 02:13:00,Staten Island,Central Park,40.69752761387938,-73.96333271237097,40.626918446609764,-74.01986196478634,Lyft,Lyft,5.470030697291718,1.0,12.072553720260506
2022-02-04 10:39:00,Williamsburg,Manhattan,40.767758031200295,-73.96124690497525,40.753512196895024,-74.04174987398416,Uber,UberX,7.3872425204921495,1.22,18.821762781250737
2022-02-17 10:42:00,Williamsburg,Bronx,40.654041181197464,-73.91811479717612,40.70771208315134,-73.9911141375978,Lyft,Lyft Shared,5.541334112674051,1.0,12.19733469717959
2022-02-14 07:49:00,Upper West Side,Williamsburg,40.73755397099384,-74.08161256024584,40.775269676499185,-74.06866115359495,Lyft,Lyft Black,7.18170789289868,2.06,31.040056953899743
2022-03-27 23:06:00,Williamsburg,Central Park,40.79521349622605,-73.92312571550643,40.81105713668406,-73.91996963028163,Lyft,Lyft Shared,9.726307350842232,1.8,35.13786815515303
2022-03-20 11:13:00,Lower East Side,Upper West Side,40.74979558758026,-74.01173030376489,40.65267008195211,-74.03486067568235,Lyft,Lyft Black,11.7929137462205,1.0,23.13759905588587
2022-03-03 18:26:00,Upper East Side,Manhattan,40.69175497083147,-74.0092320180204,40.6199354029565,-74.04689229795535,Lyft,Lyft Shared,6.045175725086179,1.5,19.61858627835122
2022-01-18 21:36:00,Lower East Side,Lower East Side,40.64407121196483,-74.08428352472112,40.66986928671077,-74.0911797612824,Lyft,Lyft Shared,8.074196679132537,1.0,16.62984418848194
2022-03-07 16:30:00,Staten Island,Times Square,40.61507622767982,-74.09845806107582,40.65657192495312,-74.0028853565064,Lyft,Lyft XL,2.129098891360893,1.91,11.891513044373784
2022-03-17 09:47:00,Queens,Harlem,40.80030864787466,-74.06006906588551,40.79555222344055,-74.03152436671259,Lyft,Lyft XL,5.144434274757086,2.19,25.19104435800653
2022-03-29 00:44:00,Williamsburg,Central Park,40.63745004859868,-74.05691220572861,40.693975140214526,-74.04051695490288,Uber,UberPOOL,14.051358737684094,1.0,27.089877790947163
2022-02-03 18:34:00,Times Square,Times Square,40.71069712258132,-74.09464573477491,40.72679571447369,-73.94638396526065,Uber,UberSUV,8.461188435137508,2.78,48.11368173694398
2022-01-12 06:45:00,Staten Island,Central Park,40.77899592428333,-73.97642004408884,40.70933281751749,-74.02717932324263,Uber,UberPOOL,12.992600439422786,1.04,26.24653279974947
2022-02-06 12:29:00,Upper West Side,Staten Island,40.644039744327,-73.93019587040241,40.79184071535105,-73.9336003674449,Lyft,Lyft Black,13.368670251766735,1.27,32.88686963455157
2022-02-05 01:20:00,Financial District,Times Square,40.793376565195295,-74.06980223009438,40.70673848640014,-73.95649831082508,Uber,UberX,1.2038233300489267,2.23,10.272920545515936
2022-02-03 02:56:00,Williamsburg,Central Park,40.63065573454885,-73.97752114757881,40.6275230263196,-73.9130673394693,Lyft,Lyft Shared,12.947243730476659,1.19,29.93763506871764
2022-02-15 03:40:00,Central Park,Upper East Side,40.70196095174867,-74.10053685907464,40.69114581379976,-73.90798133241557,Lyft,Lyft XL,13.959211380263628,1.18,31.775771500244392
2022-02-08 09:20:00,Times Square,Brooklyn,40.728004330934034,-74.00559551473087,40.71518031316547,-73.93431750008351,Lyft,Lyft Shared,5.269315307138121,2.46,28.83440239722961
2022-03-20 15:03:00,Brooklyn,Brooklyn,40.670436954773315,-74.09950660200025,40.765759701434156,-74.06295782998032,Uber,UberPOOL,6.399724606064419,1.0,13.699518060612734
2022-02-25 05:40:00,Harlem,Central Park,40.720371003694176,-74.00253293914321,40.80533446885411,-73.91960690820466,Lyft,Lyft,6.337062002475061,1.19,16.171931620154314
2022-03-10 10:45:00,Lower East Side,Upper East Side,40.73851790331185,-74.08869218656326,40.73462204111397,-74.03243101449983,Lyft,Lyft XL,12.396443134162483,1.28,30.968032620523964
2022-03-25 04:51:00,Manhattan,Queens,40.766534527549496,-74.05564742377197,40.71118927982078,-74.00936768468506,Uber,UberPOOL,11.576774598422935,1.14,25.945665323853753
2022-03-23 13:59:00,Manhattan,Central Park,40.76616696665941,-74.03719785713999,40.727169834705116,-73.92510863482805,Uber,UberX,5.479210997271807,1.13,13.660139747104996
2022-01-18 16:52:00,Harlem,Queens,40.73642775466083,-74.07579448602239,40.73228328381301,-74.07970739712184,Uber,UberPOOL,10.118314814059783,2.28,46.07207610809853
2022-02-25 16:06:00,Lower East Side,Williamsburg,40.707496792790685,-74.07654403002567,40.72863779775733,-74.05880101529866,Lyft,Lyft,10.195673305632942,1.86,37.83691660983523
2022-02-05 20:07:00,Financial District,Upper West Side,40.73434821443886,-73.9225215219123,40.782773498719244,-74.02133641143867,Lyft,Lyft XL,2.2695710662155655,1.91,12.361041288825527
2022-03-14 23:50:00,Bronx,Williamsburg,40.61886720664686,-73.98817097397901,40.64155797377563,-74.03089987763734,Uber,UberX,7.827404343573042,1.03,16.68389632929041
2022-02-18 12:33:00,Times Square,Upper West Side,40.79416666349771,-73.94376016903254,40.66888325052009,-74.07431705866796,Lyft,Lyft,8.0813912568501,1.62,26.960744213170038
2022-01-06 01:14:00,Manhattan,Upper West Side,40.78357939532342,-74.03716502963535,40.70852393963483,-73.952944746898,Lyft,Lyft XL,13.493783825992223,1.04,27.158686563305846
2022-01-15 16:21:00,Times Square,Lower East Side,40.71468495000113,-73.99462209215483,40.68357456940112,-73.93918964139137,Lyft,Lyft Shared,13.649023944108581,2.33,61.47889513210274
2022-03-18 02:44:00,Harlem,Central Park,40.69791998266975,-73.9206837095254,40.75480567157867,-73.94930085195703,Uber,UberXL,3.568238620075498,1.17,10.230968574604583
2022-02-12 19:37:00,Brooklyn,Bronx,40.78582079127211,-74.02308498483289,40.64077856251236,-73.91456192505238,Lyft,Lyft Shared,7.388978899022488,1.48,22.837455348468243
2022-01-30 20:24:00,Upper East Side,Williamsburg,40.81162655117371,-73.93671642502495,40.70618641292146,-74.03459848100222,Lyft,Lyft XL,6.764798364963827,1.76,25.23557896408859
2022-03-26 18:59:00,Times Square,Staten Island,40.7839694835868,-74.07713920482688,40.70030090621798,-74.07667751488286,Lyft,Lyft Black,2.924768537112911,2.46,18.741128552271082
2022-01-11 23:21:00,Bronx,Brooklyn,40.63053017015245,-74.02311402877976,40.715761646307946,-73.92466315801884,Uber,UberX,8.501751776672613,1.25,21.72258201147134
2022-01-12 17:04:00,Upper West Side,Manhattan,40.65714679375759,-73.95942939724969,40.651797985745766,-73.92138675142503,Uber,UberPOOL,9.745632856922928,1.66,32.461063449361106
2022-01-14 09:19:00,Manhattan,Brooklyn,40.705960672003584,-74.05221884775258,40.6256090729125,-74.00777822884234,Lyft,Lyft XL,10.429350979348342,2.1,43.57786484910516
2022-01-06 01:51:00,Upper East Side,Manhattan,40.77557007405346,-74.05689257922788,40.80035494057194,-74.04486534013817,Uber,UberX,8.187929284850675,1.05,17.670320060913117
2022-01-30 09:34:00,Central Park,Brooklyn,40.75421684218238,-74.01655460694104,40.633140980176094,-73.97299712487576,Lyft,Lyft,2.1281183739713576,1.25,7.780258943062345
2022-03-29 11:39:00,Harlem,Manhattan,40.69000679559597,-74.03050592389698,40.73444911099747,-74.02705538817597,Uber,UberXL,7.373509224135169,1.3,20.02473348490751
2022-01-09 01:47:00,Upper West Side,Bronx,40.64146661762709,-74.03684870731038,40.63641770281639,-73.91219056796135,Uber,UberSUV,14.557008086663163,2.88,80.56732075678234
2022-03-18 18:02:00,Manhattan,Upper East Side,40.74599822780391,-74.08381693794487,40.669806477122776,-73.99493254649512,Uber,UberSUV,9.536103840015642,2.5,47.97045430006843
2022-01-01 09:31:00,Lower East Side,Financial District,40.654287253895376,-74.04294999509311,40.80151395243882,-73.97678332825252,Uber,UberPOOL,1.3563407260033087,2.42,11.794102974624012
2022-02-24 16:24:00,Manhattan,Upper West Side,40.758864420740224,-73.96040191813672,40.73086990883015,-74.04399605311988,Lyft,Lyft Shared,13.675090591047832,1.95,51.54124664195072
2022-01-14 09:22:00,Harlem,Financial District,40.79419254067311,-73.92903191816576,40.76971445256556,-74.06467097899447,Uber,UberPOOL,6.986650844424328,1.94,28.569679616820594
2022-03-06 21:19:00,Times Square,Manhattan,40.65552070279376,-73.91530910478099,40.65591995800119,-73.99294638465148,Lyft,Lyft XL,7.858735507811772,2.57,41.76966294638344
2022-01-26 02:16:00,Lower East Side,Brooklyn,40.687204140373076,-73.91942535350636,40.77921732668352,-73.99609303519001,Lyft,Lyft Black,8.437876102902354,1.29,22.273505302302066
2022-01-31 06:17:00,Brooklyn,Central Park,40.696071445733295,-73.93192447964181,40.652081747919524,-73.98413769746361,Lyft,Lyft Black,9.843814715273206,1.28,25.25014496221198
2022-02-11 17:27:00,Williamsburg,Upper West Side,40.73327833401864,-74.01881517114333,40.80866176814563,-73.96799787038466,Uber,UberX,3.8235873456629927,2.4,22.059066851784568
2022-02-19 06:45:00,Harlem,Bronx,40.72126670805747,-74.07656868099032,40.690497023494366,-73.92367709826208,Uber,UberSUV,14.889838810843564,1.0,28.557217918976235
2022-03-05 15:41:00,Manhattan,Upper West Side,40.71872348494169,-74.00554216611616,40.6638295371179,-74.06058807978573,Uber,UberBLACK,10.930864066444137,1.0,21.629012116277238
2022-02-03 06:14:00,Manhattan,Financial District,40.632293171925426,-73.9717778394483,40.773895781338176,-73.95302102076859,Lyft,Lyft,2.490057044190169,1.0,6.857599827332796
2022-03-20 20:52:00,Manhattan,Harlem,40.70724706650024,-73.9346985792516,40.63229162073082,-74.0312382036258,Lyft,Lyft XL,9.372392082323303,3.08,58.217193323722604
2022-02-12 04:17:00,Financial District,Financial District,40.70998064895866,-73.96566319352482,40.66615988722598,-73.9742704180188,Lyft,Lyft Shared,10.891319658571408,1.87,40.316843582674935
2022-02-15 11:24:00,Financial District,Lower East Side,40.77338229245538,-73.98332727720573,40.64539509459972,-73.93434036263952,Lyft,Lyft Shared,3.6964289620565776,1.31,11.749063395514703
2022-03-31 11:01:00,Times Square,Times Square,40.749741078733514,-73.96449866054571,40.76236722418759,-73.95723814279945,Lyft,Lyft Black,9.38757287181841,1.6,30.28520404109155
2022-03-30 17:15:00,Lower East Side,Staten Island,40.76731228459311,-74.0125889212559,40.781970583586485,-73.96852788910567,Lyft,Lyft,6.512601830973115,1.69,23.486019915102986
2022-03-11 14:39:00,Staten Island,Financial District,40.72627245003994,-74.09998846400683,40.647441070294036,-73.91513045043504,Lyft,Lyft XL,8.458433678287378,1.3,22.492936618103784
2022-03-06 23:44:00,Manhattan,Central Park,40.65209213759209,-74.0635510398086,40.739697239362,-74.05423857549995,Uber,UberSUV,4.705346300710774,2.13,22.86417833589941
2022-03-29 09:58:00,Financial District,Brooklyn,40.75447576385828,-73.96341843507038,40.62158322352317,-73.99912417552106,Uber,UberSUV,4.865518497006397,2.58,28.41781601398388
2022-02-25 10:25:00,Brooklyn,Bronx,40.7147890907453,-73.95904675973827,40.69714369135448,-74.02341053440811,Lyft,Lyft Black,11.387128071250388,1.3,29.155716362094633
2022-02-19 11:04:00,Financial District,Bronx,40.72671456286267,-74.01684499712432,40.662297032487004,-73.91242945663654,Uber,UberBLACK,2.9661544030258913,1.0,7.69077020529531
2022-03-29 07:46:00,Bronx,Lower East Side,40.796308694877915,-74.08626149359965,40.76709872668614,-74.01091266269327,Uber,UberX,7.574317385708992,1.35,21.26932482373749
2022-03-09 08:30:00,Times Square,Financial District,40.74953216292803,-74.05571260709165,40.65347916501393,-73.93337059002266,Uber,UberSUV,1.8852758737909068,1.99,11.540473230476833
2022-03-29 03:04:00,Harlem,Williamsburg,40.64040282577493,-73.92913825904485,40.735911036527604,-73.96352616191767,Lyft,Lyft,8.426304973935927,1.12,19.31555774891442
2022-02-11 05:35:00,Times Square,Queens,40.743553545870945,-74.06267777956838,40.74840682557839,-73.92641922606715,Uber,UberBLACK,8.515673209708376,1.69,29.410103517712525
2022-02-23 06:52:00,Times Square,Manhattan,40.761201412918936,-74.01237916213967,40.79246124164658,-73.9655533738437,Lyft,Lyft XL,11.77460446086412,1.12,25.878224743293675
2022-01-28 01:48:00,Times Square,Staten Island,40.62691726557264,-74.02546612124975,40.79470264773857,-74.07349037230433,Uber,UberSUV,9.225176898548803,1.38,25.728802209995358
2022-03-22 09:17:00,Central Park,Staten Island,40.674541510485604,-73.99980555026703,40.634627345383336,-74.09520051067665,Uber,UberX,6.975566431276251,2.08,30.591061809845556
2022-03-12 23:39:00,Times Square,Times Square,40.61505340955264,-74.03499456471413,40.65639762602475,-73.97318636274244,Lyft,Lyft XL,1.3004740156979766,2.61,12.464915066700508
2022-01-29 15:48:00,Brooklyn,Harlem,40.62716628722984,-74.01120912989569,40.673354469234674,-74.06121386192586,Uber,UberSUV,9.421738851509485,1.1,20.88684728915576
2022-02-16 01:07:00,Central Park,Staten Island,40.800980847361885,-73.91388731681143,40.80981055112438,-74.07068959662901,Lyft,Lyft XL,3.74378541390886,1.2,10.861949369208606
2022-02-10 19:02:00,Financial District,Brooklyn,40.72990402979084,-74.04205915697092,40.78979820814633,-74.09621401726433,Uber,UberBLACK,7.3669593385174235,1.97,30.322592319538817
2022-03-10 07:40:00,Lower East Side,Times Square,40.79922982509926,-74.07841785507901,40.683761086407586,-74.09666656966387,Lyft,Lyft Shared,6.568708235034083,1.97,27.570621640280002
2022-03-28 14:23:00,Manhattan,Times Square,40.801581295977456,-74.00768540658493,40.732247990567,-74.09576168472758,Lyft,Lyft XL,4.595173093250085,1.0,10.54155291318765
2022-02-15 19:02:00,Lower East Side,Lower East Side,40.66218960352588,-73.99950970725322,40.623188179407585,-74.05326705715223,Uber,UberXL,5.027192202262361,1.8,20.335655437126437
2022-02-25 10:30:00,Harlem,Lower East Side,40.623646286023536,-74.01930967328376,40.69365078330813,-74.08761951689151,Lyft,Lyft XL,7.187870770369898,1.0,15.078773848147321
2022-01-24 01:57:00,Williamsburg,Manhattan,40.64954652194409,-73.99044914491715,40.62293352531616,-73.9169917515159,Lyft,Lyft,4.99920176124686,1.0,11.248603082182006
2022-02-28 22:54:00,Harlem,Queens,40.64784418996274,-73.97321111999548,40.68629522788546,-74.00362065171517,Lyft,Lyft Black,2.0968794949078875,1.0,6.169539116088803
2022-02-10 02:17:00,Central Park,Times Square,40.73410720448859,-74.07954148354148,40.636717410369286,-73.974995690924,Lyft,Lyft Shared,14.427007977222623,1.06,29.412099797747967
2022-02-07 08:04:00,Central Park,Manhattan,40.750262756704984,-74.09790216961058,40.7059042134658,-73.91024618917058,Uber,UberX,13.641146825343748,1.53,40.349170624857884
2022-01-21 18:53:00,Lower East Side,Staten Island,40.649911337275505,-74.10235064747351,40.6694721039171,-73.92207436302455,Lyft,Lyft Shared,1.6289361288830602,1.7,9.096084983427103
2022-02-09 15:59:00,Times Square,Bronx,40.75676169681319,-73.95135481505204,40.72158065386951,-74.01102723927325,Uber,UberPOOL,12.216739862819141,1.34,31.99825497831089
2022-02-03 06:19:00,Queens,Upper West Side,40.625881888576316,-74.06415820577104,40.80786403609218,-74.07517921265145,Lyft,Lyft Shared,10.336590775572846,1.0,20.58903385725248
2022-01-01 08:41:00,Upper West Side,Manhattan,40.71062471127116,-74.03023062202082,40.76881493688371,-73.92698920075743,Uber,UberX,4.285717716356516,2.41,24.100014468733608
2022-01-17 23:49:00,Brooklyn,Financial District,40.71768985094944,-74.00136558940385,40.725302148458965,-73.9457046569834,Lyft,Lyft XL,2.965562362429484,1.0,7.689734134251597
2022-01-13 23:39:00,Upper East Side,Bronx,40.776725148958356,-74.0305242253184,40.76195640108364,-73.95406354047086,Uber,UberBLACK,12.089447291292382,1.0,23.656532759761667
2022-01-30 04:35:00,Harlem,Upper West Side,40.627649507266426,-73.96976387871311,40.699706955755474,-74.00215326179963,Lyft,Lyft Black,3.7027031758328253,1.18,10.596082058094785
2022-03-19 03:43:00,Manhattan,Bronx,40.68826202485705,-74.08766228316493,40.637063627881155,-74.07299219597773,Uber,UberSUV,7.040922750123059,1.0,14.821614812715353
2022-01-15 21:44:00,Queens,Financial District,40.69520967538634,-73.92181240418677,40.76031595381491,-74.01123399039317,Lyft,Lyft Shared,11.881553712742617,3.24,75.46840955125064
2022-01-02 16:32:00,Lower East Side,Upper West Side,40.76741479261956,-74.10570541203715,40.762420403885756,-73.9335902463969,Lyft,Lyft Shared,9.32013224952007,1.48,27.83914252625698
2022-02-17 15:12:00,Harlem,Lower East Side,40.62844963085561,-73.99156104257072,40.65827379611054,-73.92832693512202,Lyft,Lyft Shared,13.991578405237126,1.13,30.493346296356414
2022-02-22 21:30:00,Williamsburg,Central Park,40.674070406880084,-73.96962417879153,40.708402184081486,-73.91943673943177,Lyft,Lyft XL,6.574401896576873,1.0,14.005203319009528
2022-03-10 08:07:00,Queens,Financial District,40.628542675368365,-73.95333874973322,40.63343998658801,-73.98829902462954,Uber,UberX,3.7893937029273044,2.37,21.641510382890996
2022-02-13 07:50:00,Times Square,Lower East Side,40.68242778936721,-73.96999967124351,40.66789311704042,-74.02932696717852,Uber,UberBLACK,2.042528439256361,2.44,14.821596435624661
2022-01-01 04:24:00,Queens,Lower East Side,40.72315536764896,-73.97824893884898,40.7212243731369,-74.04844633580136,Uber,UberX,11.027111442238684,1.02,22.23339392439605
2022-01-07 03:00:00,Financial District,Bronx,40.673929171298546,-74.01604863954033,40.654981916717816,-73.95946338857505,Uber,UberXL,2.4431613992006973,1.29,8.740436858695574
2022-02-02 13:33:00,Times Square,Times Square,40.71207812058766,-73.9163980059643,40.78219425114567,-74.01844709505028,Lyft,Lyft XL,11.927222366531616,1.0,23.372639141430327
2022-03-06 18:56:00,Bronx,Brooklyn,40.76776389270276,-73.9570592028327,40.63824048531338,-74.10134869911595,Lyft,Lyft XL,1.062699853955447,2.05,8.937435726065166
2022-02-04 05:03:00,Central Park,Brooklyn,40.68584275962115,-73.91865339984008,40.8089867921344,-73.92016805868587,Lyft,Lyft,8.845654684575813,1.0,17.979895698007674
2022-03-01 05:15:00,Upper East Side,Upper West Side,40.738378814349154,-74.01133029202812,40.617717079861265,-73.92833978372381,Uber,UberSUV,12.966805802109032,1.22,30.734130387502784
2022-03-15 16:14:00,Central Park,Financial District,40.74387448516903,-74.10516737547124,40.77790356615146,-73.96145109296732,Uber,UberXL,7.074194552042084,1.26,18.748598987252795
2022-02-03 02:24:00,Harlem,Queens,40.7338001507253,-74.1002979347956,40.69540406219659,-74.04105922951314,Lyft,Lyft,12.133721737697849,1.0,23.734013040971234
2022-03-03 13:44:00,Central Park,Bronx,40.750982270860945,-73.91567013470362,40.750759352276184,-74.03084012198067,Uber,UberX,9.921538317618232,1.0,19.862692055831907
2022-02-26 23:44:00,Bronx,Central Park,40.78393051820055,-73.95969510329853,40.732328993594884,-73.95911700585869,Uber,UberXL,10.966202754951034,2.15,46.63533786550326
2022-01-19 21:39:00,Financial District,Times Square,40.6325460577481,-74.10102798312218,40.65462886053608,-73.94312585986876,Uber,UberXL,11.193819272495675,1.74,38.43517968474933
2022-01-20 19:10:00,Financial District,Harlem,40.7010358560387,-74.0982169937927,40.65040734370275,-73.97691043920207,Uber,UberSUV,4.461977066432976,2.09,21.544681120478604
2022-02-24 14:21:00,Upper West Side,Queens,40.691192728434174,-74.04979909191003,40.71073703898944,-73.91030441323333,Lyft,Lyft Shared,6.859680981144788,1.0,14.504441717003377
2022-03-17 14:01:00,Brooklyn,Staten Island,40.645824754771105,-74.01538046327651,40.691525844483344,-74.07298351203376,Lyft,Lyft,10.715232398613582,1.0,21.251656697573768
2022-02-02 19:14:00,Williamsburg,Central Park,40.810595562096395,-73.96103433321214,40.669024458932945,-74.01116293784798,Uber,UberX,9.19329636959965,1.51,28.068285656667076
2022-01-14 15:18:00,Financial District,Upper East Side,40.685685717431234,-73.91688888837197,40.6416499614528,-74.08562933305205,Lyft,Lyft Black,7.722723658127787,1.31,20.979343986257952
2022-03-29 19:23:00,Lower East Side,Harlem,40.72450500948794,-74.03929645613708,40.67727468128582,-73.9131656873971,Lyft,Lyft,1.4775149649029384,2.34,11.900423781277532
2022-01-18 06:58:00,Staten Island,Central Park,40.62980989067017,-73.98007349782458,40.78080591391479,-74.03812811513109,Lyft,Lyft Black,6.5157327154460605,1.0,13.902532252030605
2022-01-17 18:27:00,Upper East Side,Central Park,40.77323460206721,-74.03678837849598,40.77088253679637,-73.91933510250169,Uber,UberXL,14.044747695616168,1.22,33.035536330140516
2022-01-24 00:05:00,Manhattan,Times Square,40.64427159510866,-73.95080666095615,40.65331994788601,-73.97014754006871,Lyft,Lyft Black,3.351441995401717,1.0,8.365023491953004
2022-03-04 18:06:00,Times Square,Queens,40.6977735465364,-74.0196192912895,40.6480128530326,-73.90923122484044,Lyft,Lyft Black,2.8384038236758293,2.55,19.041377063153387
2022-02-05 04:34:00,Times Square,Manhattan,40.70248624534741,-73.96997308622025,40.62023798639882,-73.92503611947937,Lyft,Lyft Shared,11.002101334634004,1.54,33.50066309683864
2022-02-17 01:56:00,Manhattan,Harlem,40.686000554805815,-73.94467597138474,40.71082897049153,-74.05276726306786,Uber,UberX,8.803090369394916,1.0,17.905408146441104
2022-01-02 18:34:00,Central Park,Bronx,40.77303294516512,-73.93486688047261,40.764882092548376,-74.04776849501525,Lyft,Lyft XL,4.167428092072472,1.31,12.828828901076141
2022-02-23 04:15:00,Staten Island,Williamsburg,40.73138714576408,-74.0558466451912,40.704797436447855,-74.01157104897064,Lyft,Lyft Black,10.537333293514925,1.03,21.568543261560652
2022-02-10 21:41:00,Williamsburg,Queens,40.77604779217318,-74.06973097991143,40.675596956683925,-74.07342003513193,Lyft,Lyft,9.180025489154128,1.0,18.565044606019722
2022-01-03 12:01:00,Williamsburg,Times Square,40.72294588026956,-74.00419662185969,40.795711935103476,-73.96144812898619,Lyft,Lyft Black,3.4691183921630566,1.0,8.570957186285348
2022-03-18 15:03:00,Harlem,Williamsburg,40.74682540752164,-73.9506191025513,40.78694087545843,-74.01424219175276,Uber,UberBLACK,12.075976019959633,1.07,25.287265097374416
2022-03-14 03:45:00,Williamsburg,Brooklyn,40.7018167997529,-73.94499130195075,40.70604925848532,-74.02252069763098,Lyft,Lyft,7.879798178786969,1.13,18.407300898551227
2022-02-20 17:45:00,Williamsburg,Williamsburg,40.80533822508936,-73.9424726269307,40.757363523383994,-74.04160497259758,Uber,UberPOOL,6.734781294477443,2.4,34.28608143680526
2022-01-09 22:28:00,Central Park,Upper West Side,40.68262704431098,-74.07436704139572,40.76917714610317,-73.95722666010022,Uber,UberSUV,5.396951681856474,2.18,26.03937066628245
2022-03-14 16:37:00,Staten Island,Central Park,40.72761091464744,-73.95550500198331,40.712860011725255,-74.09939365153329,Lyft,Lyft XL,7.221059971607935,1.94,29.365498603608938
2022-03-02 23:49:00,Upper West Side,Manhattan,40.6772632599618,-73.91795376931046,40.70320970235728,-74.08146897094139,Uber,UberSUV,14.591112745390115,1.0,28.0344473044327
2022-01-12 06:05:00,Central Park,Williamsburg,40.72677549891306,-73.95278251881996,40.63870678474882,-74.06389636923845,Lyft,Lyft,12.273475290150056,1.03,24.697939210495477
2022-01-13 21:36:00,Bronx,Staten Island,40.75137305387626,-73.98804747191289,40.62917286998763,-73.98517891158508,Uber,UberPOOL,11.730263698269656,1.02,23.48852070141134
2022-01-25 21:53:00,Manhattan,Financial District,40.65249307677671,-74.077074620386,40.72884266241493,-74.04816595955852,Uber,UberX,6.717011059856467,1.0,14.254769354748817
2022-02-24 10:24:00,Williamsburg,Manhattan,40.698823151508506,-73.93070302675522,40.64648128850781,-73.98591248123121,Uber,UberX,2.2935250041841115,1.0,6.513668757322195
2022-01-16 21:43:00,Financial District,Times Square,40.764657013946845,-73.923451764106,40.621547784076085,-73.95092906972802,Lyft,Lyft Black,2.5301529520612656,2.3,15.933865632046594
2022-03-13 02:55:00,Manhattan,Central Park,40.73410768238689,-74.05948031777272,40.71420706456946,-73.95657192602718,Lyft,Lyft XL,7.732749215029561,2.17,34.790115144074754
2022-03-13 02:54:00,Staten Island,Williamsburg,40.63887183466058,-73.94570013099032,40.66881786628108,-73.90844054051566,Uber,UberX,3.049805226731101,2.15,16.849892165575767
2022-01-28 18:39:00,Manhattan,Upper East Side,40.730933047105545,-73.9233146584603,40.805095077632465,-73.93326107592797,Uber,UberSUV,7.444595825777176,2.05,31.832487524975615
2022-03-30 01:30:00,Times Square,Financial District,40.781205066637554,-73.98632502707744,40.70541350290338,-73.91810164760722,Lyft,Lyft Shared,14.432010554537609,1.26,34.97258327275543
2022-02-13 02:49:00,Lower East Side,Williamsburg,40.80352473810838,-74.06676639681554,40.70210825685331,-74.09410297307464,Lyft,Lyft,4.86769203989655,2.72,29.970214109907577
2022-01-24 21:36:00,Manhattan,Bronx,40.72361035930617,-74.01784797386763,40.619008038660645,-74.07764541017671,Lyft,Lyft,13.951071920411186,1.0,26.914375860719577
2022-03-09 04:37:00,Staten Island,Times Square,40.62322271948914,-73.99094590900938,40.67619398855498,-74.06486384218009,Lyft,Lyft,10.346008307699787,1.0,20.605514538474626
2022-03-14 17:25:00,Upper East Side,Times Square,40.61794172480076,-74.09108546660067,40.72444544601996,-74.05877587450426,Lyft,Lyft,8.385105267432246,2.05,35.20656514691318
2022-03-16 22:56:00,Staten Island,Williamsburg,40.707457555485085,-73.9403435227797,40.628489559878716,-74.07310973416996,Uber,UberSUV,7.442933607388652,1.22,18.940663251774772
2022-02-03 20:44:00,Manhattan,Upper West Side,40.802187948232444,-73.9075553869214,40.646889445280316,-74.10516297084439,Uber,UberBLACK,2.3995306193893855,1.0,6.699178583931425
2022-02-09 19:34:00,Upper East Side,Central Park,40.75664031046682,-74.0091579941569,40.799729311557236,-73.91867733301811,Uber,UberSUV,14.849648059579636,1.8,51.27639138767585
2022-02-14 17:50:00,Financial District,Staten Island,40.62681961452289,-74.03694508312343,40.780443124175136,-73.91922183770313,Lyft,Lyft Shared,12.961642189000885,2.23,56.15780864257596
2022-03-14 18:43:00,Harlem,Lower East Side,40.78867094057589,-74.08437988682181,40.63842357916399,-74.09433992172312,Uber,UberPOOL,11.18911269320557,2.48,54.76074908851217
2022-02-16 03:39:00,Lower East Side,Upper West Side,40.764230433215324,-74.07968103911195,40.654469079713756,-73.93590673106566,Uber,UberXL,4.553625843825818,1.0,10.468845226695182
2022-02-13 19:55:00,Central Park,Lower East Side,40.68184901690594,-74.08279629389861,40.79402195545165,-73.94134404598243,Lyft,Lyft Shared,1.222143997378086,1.69,7.8394908722456895
2022-01-11 06:47:00,Upper East Side,Williamsburg,40.66984835289609,-74.00658820080776,40.76598639114752,-74.00355553627035,Uber,UberXL,12.459805841587198,1.29,31.3530116873831
2022-01-04 11:00:00,Financial District,Staten Island,40.66608459045014,-74.03384233593972,40.64813512816819,-73.92153473989885,Lyft,Lyft,3.803574670501906,1.06,9.705631013781037
2022-01-09 05:10:00,Financial District,Bronx,40.75757167542563,-73.93169093902375,40.631341881785936,-73.91760958964944,Uber,UberSUV,5.39476395554237,1.49,17.79184701407673
2022-02-27 20:57:00,Staten Island,Manhattan,40.69963818989977,-74.08312937115345,40.750220542553585,-74.03839097504817,Lyft,Lyft XL,2.8541697958222025,1.81,13.565582828266827
2022-03-30 01:46:00,Staten Island,Staten Island,40.71840283577371,-73.9875196436661,40.776454297098496,-74.10127241623303,Lyft,Lyft Black,8.032847326706733,1.0,16.557482821736784
2022-01-24 13:23:00,Manhattan,Williamsburg,40.800964920749166,-74.01082910716175,40.81015551001195,-74.0309008794425,Lyft,Lyft XL,1.1534713442386462,1.27,5.738590062570391
2022-02-09 06:10:00,Brooklyn,Upper East Side,40.67528153943372,-74.02668940007489,40.75178746482583,-74.03696907199364,Lyft,Lyft Shared,12.472748603312187,1.0,24.327310055796328
2022-03-10 12:45:00,Bronx,Harlem,40.61309322349668,-74.01872536487005,40.689856482574356,-74.0209782240178,Lyft,Lyft Shared,8.477229000169721,1.0,17.33515075029701
2022-03-21 14:55:00,Harlem,Queens,40.6631905230037,-74.00587363076258,40.69031696857837,-73.94756822676081,Uber,UberX,9.111734963708447,1.0,18.445536186489782
2022-01-30 14:40:00,Queens,Lower East Side,40.77040915684597,-74.01820403101573,40.8093134734281,-73.92178457852722,Lyft,Lyft,10.091717448258917,1.0,20.160505534453105
2022-01-10 06:01:00,Upper West Side,Brooklyn,40.71308464401544,-74.06316583002446,40.77564260785848,-73.96979013347212,Uber,UberSUV,10.490404566536021,1.0,20.858207991438036
2022-02-08 13:31:00,Brooklyn,Staten Island,40.625933866581974,-74.06326078582964,40.72472885976926,-73.97010772827254,Uber,UberX,4.882621828085269,1.0,11.04458819914922
2022-01-09 02:22:00,Queens,Staten Island,40.722143691963744,-73.90860912667611,40.70418323231037,-74.02927552395764,Uber,UberBLACK,12.388574444114685,2.45,59.24101292914172
2022-03-24 00:26:00,Lower East Side,Brooklyn,40.706423164389726,-73.97369754170259,40.77704878440675,-74.0187974120726,Lyft,Lyft XL,14.014397115670556,1.0,27.025194952423472
2022-03-27 17:32:00,Queens,Financial District,40.79146412248482,-74.10407959414037,40.68526315037533,-74.08762009145859,Uber,UberXL,12.349486778313306,2.7,65.10132502753038
2022-03-03 22:36:00,Manhattan,Upper East Side,40.674954936912386,-74.05209852687648,40.700209038643166,-73.94245224419741,Lyft,Lyft Black,5.779152818776116,1.15,14.505545047786931
2022-01-07 07:26:00,Financial District,Brooklyn,40.79003192709678,-74.0342500766111,40.67289421048541,-74.10494978643223,Lyft,Lyft XL,3.6838420399241225,3.35,29.971523959055165
2022-02-15 10:55:00,Times Square,Times Square,40.79643007942321,-73.95761083253144,40.77766464348723,-74.0329885785597,Uber,UberBLACK,9.11963949778178,1.38,25.473929387143
2022-02-19 05:51:00,Financial District,Harlem,40.70288152255664,-74.08453852687825,40.75466900849177,-73.92684085083998,Uber,UberXL,7.998139906780297,1.25,20.6209310460819
2022-01-20 17:10:00,Upper West Side,Williamsburg,40.762732235805224,-74.00807805731823,40.695316214215296,-73.9592740201763,Lyft,Lyft XL,9.15240211592713,1.45,26.84922036916509
2022-03-03 14:28:00,Central Park,Manhattan,40.61341082969913,-73.9187149757056,40.65768520207886,-73.99999019829923,Uber,UberBLACK,14.729450797202038,1.0,28.276538895103567
2022-03-06 23:41:00,Upper East Side,Bronx,40.7347347963565,-74.08962021408426,40.61879789993975,-74.02839391584158,Uber,UberPOOL,1.9261157936866946,2.34,13.737444175147015
2022-01-10 00:36:00,Manhattan,Harlem,40.66341397389053,-74.0613097892067,40.77523552866464,-74.04603426341747,Uber,UberPOOL,3.168169897821385,1.24,9.974928678272406
2022-02-03 22:25:00,Upper East Side,Staten Island,40.69207109304415,-73.96294599208578,40.62494240754236,-73.99790481206526,Uber,UberPOOL,1.618767152942341,1.17,6.239425745649442
2022-02-06 01:35:00,Williamsburg,Manhattan,40.8022140568774,-74.01719427758958,40.78372793977958,-73.95366353454381,Lyft,Lyft Black,8.123741317585846,1.9,31.761439880972933
2022-02-17 13:34:00,Staten Island,Upper East Side,40.6655246609181,-73.94383675998213,40.66325572998743,-74.01462289465347,Uber,UberPOOL,2.871710276495512,1.0,7.525492983867146
2022-01-28 20:46:00,Lower East Side,Queens,40.80634690419178,-74.02673451521612,40.79731288271139,-74.06515010638748,Uber,UberX,10.186564282187728,1.0,20.326487493828523
2022-03-03 19:12:00,Queens,Upper East Side,40.76155740673861,-74.04752848243407,40.69329258921192,-73.9174812514125,Uber,UberXL,7.090917761183728,2.17,32.352760198095204
2022-03-21 06:14:00,Staten Island,Brooklyn,40.7352290393783,-73.98898342954833,40.65814305705197,-74.0086887735701,Uber,UberX,2.5754319677395987,1.0,7.007005943544298
2022-01-06 09:24:00,Harlem,Harlem,40.795920814986005,-74.05955127441496,40.703601402997556,-74.06014983445587,Uber,UberX,12.314885767415584,1.78,42.81086916549954
2022-03-31 04:33:00,Staten Island,Upper East Side,40.689192991501805,-74.04656115926396,40.76565843911854,-74.01877706211616,Uber,UberPOOL,8.924562147495589,1.0,18.11798375811728
2022-01-12 00:29:00,Upper West Side,Manhattan,40.634196754933875,-73.9819677923556,40.76814483490107,-73.91758826710544,Uber,UberX,1.7101352801294138,1.0,5.492736740226475
2022-01-22 11:13:00,Central Park,Bronx,40.783658843035155,-74.00549332476042,40.71459925129354,-73.93333941937094,Uber,UberPOOL,6.837190408608381,1.12,16.20089320087243
2022-03-31 06:53:00,Upper West Side,Williamsburg,40.61774918788493,-74.03762689165043,40.77553113630044,-74.079437677188,Lyft,Lyft Black,1.769505628655193,1.0,5.596634850146588
2022-01-09 23:01:00,Lower East Side,Lower East Side,40.62466531152257,-74.0398973195264,40.675709388064625,-74.06177554860852,Uber,UberX,14.558366789782596,2.68,74.97874024408038
2022-02-11 21:55:00,Queens,Harlem,40.77037294747566,-73.94035715070953,40.781466867143266,-73.95044262431983,Uber,UberPOOL,14.836705241658008,1.0,28.464234172901513
2022-03-09 02:37:00,Central Park,Williamsburg,40.75536603732011,-73.93999504614342,40.68472218270184,-74.06293923080827,Uber,UberPOOL,11.478175073137699,1.0,22.586806377990975
2022-02-05 09:04:00,Financial District,Upper West Side,40.78583591970524,-73.99513679782004,40.62635920777485,-74.01832157618661,Lyft,Lyft XL,13.901516667907538,2.14,57.41117992131373
2022-01-08 14:27:00,Brooklyn,Williamsburg,40.73563370246964,-74.06397927258863,40.79942902900861,-73.91779335355598,Lyft,Lyft Black,8.66363268957145,1.0,17.66135720675004
2022-01-25 15:22:00,Queens,Financial District,40.77841377255688,-74.01217096012229,40.658110797877264,-73.9169975675594,Lyft,Lyft,5.105138863093592,1.0,11.433993010413786
2022-02-28 17:50:00,Central Park,Harlem,40.76956519972691,-74.06050980697252,40.63380353516575,-74.06055217692618,Lyft,Lyft XL,9.606769841156714,1.26,24.332927499750554
2022-01-05 12:16:00,Williamsburg,Financial District,40.8049840959361,-74.03498676640244,40.677722083484845,-74.04690651901586,Uber,UberPOOL,6.649726596344921,1.13,15.97483434427208
2022-02-09 16:03:00,Harlem,Staten Island,40.79147498179083,-74.01467578221185,40.699477960699994,-73.95219288120418,Uber,UberXL,13.110535613672923,1.69,42.99940907743767
2022-01-08 08:08:00,Williamsburg,Harlem,40.65579517142211,-73.92001620817959,40.70197929742837,-73.93346058842245,Lyft,Lyft XL,8.454586362411304,2.49,43.06586007420726
2022-01-23 02:49:00,Bronx,Queens,40.73095095709177,-74.09359515507828,40.62045364361583,-73.9626595577192,Uber,UberPOOL,9.896232983450249,1.91,37.853158747182455
2022-02-27 10:45:00,Manhattan,Bronx,40.733598948439266,-73.99863295061222,40.63903404132788,-73.99759398721004,Lyft,Lyft Shared,14.219745593728273,1.0,27.384554789024477
2022-01-31 22:27:00,Financial District,Harlem,40.70433782618974,-74.05876995095274,40.74887843440536,-74.04495613586425,Lyft,Lyft Shared,2.6740610698967346,1.55,11.128390652094893
2022-01-20 22:29:00,Manhattan,Lower East Side,40.81267933429197,-74.03677296871842,40.619320590306685,-73.93716904299683,Uber,UberPOOL,6.0192978698957,1.15,14.988836963165095
2022-02-10 22:16:00,Harlem,Staten Island,40.64390512501333,-74.01380052433755,40.66477767802899,-74.0407071324424,Uber,UberXL,3.817841696409581,1.07,9.823908576526941
2022-02-09 10:50:00,Manhattan,Central Park,40.65801786459275,-73.96200419275245,40.71946584441853,-73.94767718050112,Uber,UberXL,5.534988958823,1.29,15.720237574542923
2022-03-22 21:02:00,Manhattan,Bronx,40.79262322410715,-73.90617182783379,40.80370997222342,-73.97586929892901,Uber,UberSUV,4.438070743539706,1.08,11.087953705290046
2022-03-26 10:35:00,Lower East Side,Queens,40.72092566151115,-73.9413507446401,40.660589818240666,-73.90937640536393,Lyft,Lyft,3.529332021229928,1.0,8.676331037152375
2022-01-21 19:18:00,Bronx,Bronx,40.78203352791744,-73.91860514843403,40.704040595508886,-74.00047381261167,Uber,UberX,5.370973306122074,1.16,13.803075811427808
2022-02-11 16:32:00,Central Park,Manhattan,40.73004687224758,-73.959536116055,40.78651837283266,-73.96098919811133,Uber,UberX,10.712551151843925,1.88,39.94429328956651
2022-02-28 02:57:00,Times Square,Central Park,40.67962853657848,-73.97799805950626,40.69971756848686,-74.05896836397018,Uber,UberSUV,4.270390204341414,1.14,11.36942845766112
2022-01-17 10:07:00,Times Square,Central Park,40.68328980406921,-73.99454202727435,40.66453934931354,-73.97357234365218,Lyft,Lyft,4.332584495400158,1.46,14.719753385747401
2022-02-21 02:33:00,Central Park,Williamsburg,40.750166049560995,-73.91395529179826,40.69573716989804,-74.0943856053777,Lyft,Lyft Shared,8.957615884532835,1.24,22.538026469436254
2022-01-04 21:12:00,Upper East Side,Bronx,40.80221221562523,-73.94919783793247,40.78733078555434,-74.06426486636273,Lyft,Lyft,13.701200785458594,1.14,30.183895566989893
2022-01-29 23:12:00,Bronx,Upper East Side,40.699196838138825,-73.93831884512564,40.77727467735552,-74.04071192577295,Lyft,Lyft XL,2.6495336228243467,3.13,22.337820419020357
2022-03-12 20:47:00,Staten Island,Financial District,40.65420089912683,-74.02226492080234,40.67605416508637,-73.99842173209593,Lyft,Lyft XL,6.896567255847427,2.54,37.00524145224181
2022-01-27 04:30:00,Upper East Side,Financial District,40.62443066965223,-74.08308796765998,40.78237465426393,-73.98034533073228,Uber,UberXL,11.207135305767864,1.0,22.11248678509376
2022-02-06 23:38:00,Manhattan,Queens,40.793853266494416,-74.07512268986362,40.72977687026933,-74.02710170514105,Lyft,Lyft Shared,1.450750004007118,2.67,13.45362939372326
2022-03-26 12:52:00,Brooklyn,Staten Island,40.767825497077325,-74.08371689136267,40.790932758872174,-73.97058617802915,Uber,UberBLACK,5.818341545449519,1.26,15.979443107716188
2022-01-27 05:33:00,Lower East Side,Upper East Side,40.64078157041521,-73.92862611551882,40.66699994104644,-74.04487613671063,Uber,UberBLACK,1.3358751654277679,1.12,5.418315324238426
2022-03-26 06:16:00,Upper West Side,Lower East Side,40.629554010896044,-73.96371255848577,40.67821098991826,-74.07096194557198,Uber,UberSUV,2.1404569729393916,1.18,7.370043649119844
2022-03-31 22:46:00,Times Square,Queens,40.74306937557199,-74.06740461875714,40.74953654898605,-73.94748651616177,Lyft,Lyft Black,14.35536936853817,1.72,47.50966179929989
2022-03-06 18:24:00,Staten Island,Times Square,40.69138894319753,-74.07652086675317,40.70971171787527,-74.08375874250783,Lyft,Lyft XL,12.766853460637138,2.5,62.104983890287485
2022-03-26 20:27:00,Brooklyn,Queens,40.77877491152591,-73.96170479231115,40.729826000819095,-74.0372072572069,Uber,UberXL,11.390997302493682,1.9,42.62506603079149
2022-01-14 04:02:00,Financial District,Queens,40.725165130409195,-73.9364947121784,40.766325979297264,-73.92313293748984,Uber,UberX,14.670866466831665,2.04,57.47499328658904
2022-02-16 20:10:00,Financial District,Williamsburg,40.7117968225222,-73.99694011310943,40.69971022157637,-73.9269151932088,Uber,UberPOOL,9.28264961575759,1.55,29.054187082742462
2022-02-22 05:50:00,Staten Island,Queens,40.67611987609753,-73.9110239968216,40.68633175265778,-74.01633497331336,Uber,UberXL,6.383270841023933,1.28,17.498526683893612
2022-01-08 02:10:00,Upper West Side,Williamsburg,40.61290816084771,-73.95230936841327,40.75971494281091,-73.91409592964932,Uber,UberPOOL,10.163455228505923,1.79,36.3120235032948
2022-02-18 23:00:00,Staten Island,Manhattan,40.61435022479295,-74.09585487128274,40.64810888046342,-74.01193397266064,Lyft,Lyft XL,1.2955009205133954,1.0,4.767126610898442
2022-02-28 05:05:00,Brooklyn,Times Square,40.67369713116727,-74.08915151652172,40.65378097406293,-74.08035640340049,Uber,UberBLACK,11.798164027326996,1.0,23.146787047822244
2022-03-25 01:07:00,Brooklyn,Financial District,40.74075462473096,-74.10518305476879,40.61807561934575,-73.94090427017827,Lyft,Lyft Black,1.3649433920622451,1.0,4.888650936108929
2022-03-11 14:27:00,Upper East Side,Times Square,40.65327353386683,-73.98913929524994,40.63302650701116,-73.941686294822,Uber,UberSUV,11.737863948088046,1.06,24.423737623703328
2022-03-04 03:54:00,Bronx,Staten Island,40.745923825746196,-73.92507841367986,40.69286680359911,-73.95647351330379,Uber,UberSUV,14.847179569930042,1.23,35.033554024274416
2022-02-05 23:05:00,Upper East Side,Williamsburg,40.65565215086484,-73.94584468504009,40.7781080783566,-73.91441426506324,Lyft,Lyft XL,5.065437271861498,1.82,20.68341771087887
2022-02-15 22:56:00,Manhattan,Manhattan,40.70770128393693,-74.0572082243881,40.71410034948958,-74.03255927221682,Lyft,Lyft Black,8.672680120992698,1.0,17.677190211737223
2022-01-22 13:00:00,Williamsburg,Manhattan,40.67051735734318,-73.92130895761885,40.73024099890136,-73.92553786893022,Lyft,Lyft Shared,10.1060524843357,1.13,22.809718787773843
2022-02-06 02:25:00,Financial District,Williamsburg,40.66958637193612,-73.94553306022014,40.631482452108834,-74.03547749674773,Uber,UberXL,4.550750400926559,3.31,34.63522169736709
2022-01-24 15:06:00,Lower East Side,Manhattan,40.75866134983047,-74.03515834049432,40.72221300514239,-73.97411353339936,Lyft,Lyft Black,5.305178343034658,1.06,12.491105826329292
2022-03-28 22:25:00,Williamsburg,Lower East Side,40.62344113486124,-74.00060243948455,40.67577948710116,-74.00650242928867,Uber,UberX,14.491971796299572,1.04,28.97538866926522
2022-03-19 11:53:00,Manhattan,Bronx,40.73080731981505,-74.01448716690477,40.795849496529144,-74.06266733985217,Lyft,Lyft XL,2.395589951025711,1.08,7.227665007438594
2022-01-27 20:25:00,Harlem,Upper East Side,40.7245240209025,-74.0616320836463,40.71631170237519,-73.93268870672571,Uber,UberSUV,1.3581874438288548,1.0,4.876828026700496
2022-02-22 15:08:00,Lower East Side,Staten Island,40.661271456234466,-74.03531104600562,40.76890520615388,-74.02112676557968,Uber,UberBLACK,11.97421159299742,1.1,25.800357316520035
2022-03-06 11:19:00,Upper East Side,Williamsburg,40.70130526289231,-74.01796089081918,40.65593030605803,-74.02707935366567,Uber,UberSUV,10.327405034940705,1.0,20.572958811146233
2022-03-15 13:48:00,Brooklyn,Times Square,40.63707589319437,-73.98610631902895,40.77519393700637,-73.91498994824272,Uber,UberBLACK,1.4700813781667557,1.0,5.072642411791822
2022-02-13 22:14:00,Upper West Side,Manhattan,40.812424409977865,-74.08179434250299,40.78946463476245,-74.02604657963192,Uber,UberX,2.587475720028033,2.62,18.413576176328533
2022-02-22 18:08:00,Lower East Side,Williamsburg,40.75428050235048,-74.09125723835847,40.755035860244675,-73.93666858673183,Uber,UberX,10.642497095780387,1.82,38.44635325006053
2022-03-17 05:23:00,Harlem,Upper East Side,40.75720972277956,-74.00982723516397,40.72098995059338,-73.9695470526623,Uber,UberSUV,5.535779120530085,1.0,12.187613460927649
2022-03-08 04:21:00,Queens,Williamsburg,40.64808554237389,-73.9966835374984,40.629018944843,-73.9211002362187,Uber,UberPOOL,8.852845880424955,1.27,22.850449969244462
2022-01-18 05:42:00,Bronx,Williamsburg,40.80637383912594,-73.98565978567176,40.73116918864105,-74.03185558212692,Lyft,Lyft Shared,10.724110346636605,1.0,21.26719310661406
2022-01-06 15:30:00,Upper East Side,Queens,40.69845259979662,-73.98508723227809,40.806077898508306,-73.9421348308503,Lyft,Lyft,8.376471636332353,1.14,19.56106091448304
2022-02-13 05:22:00,Staten Island,Williamsburg,40.708783485905386,-73.91416651853287,40.62268984220111,-73.90809194546341,Lyft,Lyft Shared,12.51103719557403,1.26,30.736837016240734
2022-01-22 00:57:00,Upper West Side,Times Square,40.66473110058426,-73.93740362257488,40.68877467268151,-74.06942997269769,Uber,UberBLACK,6.085417984495162,2.32,30.506797017050356
2022-02-22 06:21:00,Upper West Side,Queens,40.74270015993396,-73.94201413789598,40.61632800204953,-74.06732504958507,Lyft,Lyft,2.858009690520778,1.18,8.851790010925406
2022-01-23 22:12:00,Upper West Side,Financial District,40.624100255303475,-73.94093459839144,40.75747483911296,-74.05340340194365,Lyft,Lyft Black,8.271568581019725,3.11,52.79301200219985
2022-01-05 00:21:00,Queens,Brooklyn,40.79715843670846,-73.96497906273247,40.70377182565655,-73.97896770582214,Lyft,Lyft Shared,14.079803234168011,1.08,29.310828112577543
2022-03-27 04:19:00,Bronx,Lower East Side,40.61654022258276,-73.9767576304757,40.63992960196997,-74.05027124568785,Uber,UberBLACK,3.3873207142046615,1.0,8.427811249858157
2022-01-19 00:57:00,Lower East Side,Bronx,40.80549378025746,-73.97084041967318,40.72071550643459,-73.94044553706384,Lyft,Lyft Black,14.014275855152723,1.22,32.970478950751065
2022-02-06 15:45:00,Lower East Side,Central Park,40.796585352563646,-73.95750719665949,40.66325114963772,-73.92230909405649,Lyft,Lyft,14.46453420283506,1.0,27.812934854961355
2022-01-10 21:57:00,Lower East Side,Brooklyn,40.70496841074757,-73.95880637812246,40.63374418457878,-73.95826226182723,Lyft,Lyft,7.460552683179898,1.06,16.48932522729871
2022-01-24 00:23:00,Queens,Central Park,40.73592499577017,-74.07601240862093,40.68529943497115,-73.95233823786577,Uber,UberPOOL,5.032677824600351,1.0,11.307186193050615
2022-02-22 00:10:00,Staten Island,Staten Island,40.81030056684979,-73.93365253034061,40.74396279797008,-73.94698135115902,Lyft,Lyft Black,6.918594224363943,1.0,14.6075398926369
2022-03-17 07:10:00,Bronx,Harlem,40.64585794619353,-74.00493609620482,40.80371234978877,-74.06915435555985,Uber,UberXL,2.671811871890203,2.16,15.499448875744969
2022-03-26 11:11:00,Times Square,Financial District,40.76569198900497,-73.92065332661744,40.61653909790273,-74.10253502738023,Lyft,Lyft Black,7.4773405521459075,1.65,25.715820844321307
2022-01-06 14:56:00,Upper West Side,Upper East Side,40.70042329907732,-74.09361021768663,40.63164023419699,-74.00205569001331,Lyft,Lyft Shared,3.5504948545878587,1.0,8.713365995528752
2022-01-16 00:52:00,Manhattan,Brooklyn,40.76962159043622,-73.93064495486827,40.77049873158558,-73.9223861824706,Uber,UberXL,2.2212266601841417,1.59,10.155563181962375
2022-03-08 17:04:00,Manhattan,Bronx,40.76338582048876,-74.04071263017003,40.75733450846956,-74.05816563173408,Lyft,Lyft,3.0884602015928935,2.68,21.184878345470672
2022-02-16 20:16:00,Bronx,Times Square,40.644330963918726,-74.0225008217446,40.63509438482532,-74.07588495462788,Uber,UberSUV,11.767925531900218,1.21,27.94358231379871
2022-01-22 18:05:00,Upper East Side,Financial District,40.81009965246122,-73.93988220747013,40.762254831113566,-74.07319455084405,Lyft,Lyft,7.469833324086974,2.03,31.61158288381897
2022-01-14 09:04:00,Upper East Side,Bronx,40.645029169684584,-73.93849290686221,40.62945960841905,-73.92656788399445,Uber,UberXL,14.52448536082769,1.88,52.48555683712309
2022-01-14 07:11:00,Upper West Side,Upper East Side,40.7788362229564,-73.94151748647111,40.69814457987308,-74.04487649585617,Uber,UberXL,8.757148143821862,1.79,31.90676656052198
2022-01-29 14:04:00,Lower East Side,Lower East Side,40.64348415655039,-74.02172030385263,40.749062147247535,-74.1049613223317,Uber,UberX,11.695188907524019,1.08,24.803907035220398
2022-02-25 22:56:00,Staten Island,Times Square,40.786674755488214,-73.93351990397178,40.72826643366003,-73.93744140611354,Lyft,Lyft,14.474169988805656,1.28,35.62214077492467
2022-02-07 05:07:00,Times Square,Times Square,40.691745684591694,-73.94410607736584,40.698436890870845,-74.04181993495789,Lyft,Lyft XL,2.4272504893645195,1.02,6.882642123515668
2022-02-19 13:29:00,Harlem,Harlem,40.710285504563274,-73.91462007802933,40.80202176988231,-73.97625624281426,Uber,UberPOOL,3.3230445468567886,1.0,8.31532795699938
2022-01-31 08:57:00,Queens,Staten Island,40.76605512829843,-73.99864118210586,40.78358271277498,-74.0124393207385,Lyft,Lyft Shared,10.336500639915913,1.51,31.089202940977803
2022-02-22 02:59:00,Harlem,Staten Island,40.75933110662068,-74.01804970521673,40.807396854934886,-73.93473275541383,Uber,UberSUV,1.464116413638183,1.17,5.922778356924179
2022-03-08 06:28:00,Times Square,Brooklyn,40.662076455181406,-73.93134015523337,40.685115462577016,-73.92665874622979,Lyft,Lyft Shared,13.521665816963184,1.24,32.44201482281011
2022-03-08 23:37:00,Williamsburg,Queens,40.731486133827076,-73.98073226066217,40.631625704659506,-74.00137914930394,Lyft,Lyft Shared,9.914267951850155,1.0,19.849968915737772
2022-03-15 23:02:00,Times Square,Upper West Side,40.739044607378105,-74.06130272387493,40.805521642281995,-73.94262402400086,Lyft,Lyft XL,5.1356030209266645,1.86,21.366387833116292
2022-03-06 05:17:00,Brooklyn,Central Park,40.790129088415995,-73.92124725135568,40.78364516135816,-74.0773321270595,Uber,UberXL,10.926166823134976,1.11,23.999079053939692
2022-03-18 19:59:00,Bronx,Upper East Side,40.7780457431135,-73.96087586222927,40.67087493421801,-74.05509414774951,Lyft,Lyft,13.967724265411952,2.23,60.08404394577014
2022-01-09 02:39:00,Bronx,Lower East Side,40.80107562870186,-74.09529770401939,40.759494320904736,-74.08041572390643,Lyft,Lyft XL,6.348632818354736,2.9,39.469311553150284
2022-03-03 03:03:00,Upper East Side,Upper East Side,40.71476604099638,-73.95241294696586,40.71495832363534,-73.92428129484682,Uber,UberXL,14.619120734631469,1.0,28.083461285605072
2022-01-23 16:18:00,Queens,Manhattan,40.794665649022456,-73.98776932226018,40.76455787836329,-73.95712569312569,Lyft,Lyft XL,9.141083370862201,1.18,21.826337160830445
2022-01-03 01:53:00,Lower East Side,Times Square,40.71195780593851,-73.98674633802169,40.75627756857211,-73.97173724598774,Uber,UberBLACK,6.649417957220396,1.23,17.387872152916902
2022-02-24 17:29:00,Manhattan,Bronx,40.61827318873754,-74.0921070045696,40.78124340942096,-73.9470291828407,Uber,UberXL,2.3717610672588965,1.57,10.441413532293819
2022-03-20 16:11:00,Financial District,Upper East Side,40.722154167068055,-73.96420076249697,40.78450129431315,-74.09805084081668,Uber,UberSUV,7.059610880414391,2.28,33.86784741285342
2022-02-07 04:18:00,Manhattan,Williamsburg,40.757637620624834,-73.9624948218234,40.769018670684375,-73.99516026180498,Lyft,Lyft Shared,13.090482830480962,1.12,28.457346347742686
2022-02-21 23:56:00,Upper West Side,Staten Island,40.773813093294514,-74.02705157054442,40.671915181221934,-73.95241522116059,Lyft,Lyft Black,7.080467453521566,1.02,15.188634404535996
2022-02-20 13:26:00,Upper East Side,Lower East Side,40.61570275582261,-74.09066954081982,40.79877432800007,-73.9097465502153,Uber,UberX,2.3217959995229336,1.09,7.153825869089997
2022-01-21 16:18:00,Staten Island,Upper West Side,40.64895949731905,-74.08573641438649,40.676810613866984,-73.97451959647552,Uber,UberXL,5.626423425437675,2.55,31.48291453601562
2022-03-02 12:55:00,Lower East Side,Lower East Side,40.740140847392055,-74.07758142707489,40.67125400773655,-74.05144586106921,Uber,UberBLACK,2.721178214636856,1.0,7.2620618756144975
2022-01-25 05:44:00,Times Square,Staten Island,40.6420915887405,-73.9434517997738,40.677210692018555,-74.04155185480894,Lyft,Lyft XL,1.5294181338410442,1.44,7.454133697279431
2022-01-21 09:56:00,Bronx,Lower East Side,40.632522348293804,-74.07965688094988,40.687571976283024,-74.07569980882512,Lyft,Lyft Black,5.3046559271584774,1.77,20.856171734373383
2022-01-07 18:47:00,Williamsburg,Manhattan,40.72483702572588,-74.02848751227341,40.61969954228662,-74.10315840221583,Lyft,Lyft XL,8.63216645783398,1.87,32.923764733261706
2022-01-23 22:32:00,Upper West Side,Times Square,40.80611862675751,-73.96260020784119,40.65050521980745,-73.97654904692897,Lyft,Lyft XL,4.836377191344188,1.56,17.103309732369635
2022-02-15 13:58:00,Upper West Side,Queens,40.697343638177955,-74.06060794614548,40.70513297079042,-73.99456647918369,Uber,UberXL,6.562410153423862,1.16,16.22169261145044
2022-02-06 23:07:00,Financial District,Williamsburg,40.62301327135747,-74.01379933633771,40.61381998054312,-73.98228968315551,Lyft,Lyft Shared,6.764952961440077,2.8,40.14826951105638
2022-02-06 00:51:00,Upper East Side,Financial District,40.71122637759277,-74.04025904257622,40.67056970206971,-74.08771854412262,Uber,UberXL,1.6864881108079064,1.87,10.194032342618874
2022-01-17 12:58:00,Manhattan,Central Park,40.81239956891621,-73.94597720683491,40.77487969722568,-73.92664722983142,Lyft,Lyft,14.815168152005143,1.15,32.69052590591035
2022-02-01 18:02:00,Staten Island,Staten Island,40.76101225204373,-74.05394894624303,40.77586755731245,-74.08807076372716,Lyft,Lyft,12.834085030026664,1.38,34.44431534751439
2022-03-05 11:53:00,Upper East Side,Times Square,40.792394313425504,-74.0450748115038,40.76889464436017,-73.94594053944094,Uber,UberBLACK,9.24677265808882,1.16,21.670948495920307
2022-01-22 22:20:00,Harlem,Upper East Side,40.777099490091224,-73.9574410129363,40.688245146097955,-73.91823725268854,Lyft,Lyft,11.260781779250088,1.81,40.19352628577465
2022-02-01 07:41:00,Upper East Side,Lower East Side,40.62912551121439,-73.92852940784749,40.77773150597823,-73.96415577773153,Lyft,Lyft,4.909961402661086,2.04,22.628562207500078
2022-02-25 01:47:00,Lower East Side,Bronx,40.749651104593426,-73.9889367724636,40.74407171901582,-74.09931082998675,Uber,UberX,12.822771949084753,1.0,24.93985091089832
2022-03-03 18:07:00,Bronx,Bronx,40.79888935740355,-73.9992973469399,40.689957378314965,-74.04868955609793,Lyft,Lyft Shared,9.66282906764984,2.1,40.760896823613166
2022-01-05 09:40:00,Bronx,Williamsburg,40.73881694124147,-74.01524110142726,40.61722532699759,-74.01789270810428,Lyft,Lyft Black,14.133526112495622,1.6,43.57387311498775
2022-03-29 20:36:00,Upper East Side,Williamsburg,40.70282020240738,-74.08228574510878,40.795888673857384,-73.97321509569433,Uber,UberBLACK,4.76567590895534,1.0,10.839932840671846
2022-03-09 23:44:00,Financial District,Harlem,40.701248364211054,-74.00426179322447,40.61283687072962,-73.96040031164841,Lyft,Lyft Black,7.8879008376505695,1.69,27.553466727351562
2022-03-01 17:01:00,Williamsburg,Times Square,40.67146771186801,-73.92946172463806,40.67302882334342,-73.92959517175274,Lyft,Lyft XL,10.164423899711643,1.86,37.73519979356141
2022-02-15 17:44:00,Upper West Side,Lower East Side,40.70065938411869,-74.04117543851174,40.749036332674414,-73.9293012246105,Uber,UberXL,5.005191368535625,1.74,19.590807717190977
2022-03-23 16:42:00,Upper West Side,Williamsburg,40.624372348646304,-73.97162060588191,40.67768560974175,-74.07299538137278,Lyft,Lyft XL,14.711347991990932,1.29,36.43586809191953
2022-03-23 00:10:00,Financial District,Bronx,40.73504882140469,-74.09944171484662,40.748018320221334,-73.97538961293556,Lyft,Lyft Shared,9.45817869879739,1.87,35.62688979181446
2022-01-23 01:24:00,Upper West Side,Harlem,40.642226801064545,-74.02963963087649,40.67127743508546,-73.96366944015192,Lyft,Lyft XL,10.610812813540823,3.08,64.89228106498504
2022-01-01 05:25:00,Brooklyn,Staten Island,40.811555918215035,-74.05979390261363,40.78948844480542,-73.95687965055707,Uber,UberX,9.014848382987998,1.01,18.458744516931283
2022-03-07 04:38:00,Upper East Side,Financial District,40.736045020674744,-74.051073971802,40.619554578076915,-74.08431604062352,Uber,UberXL,2.202076271313501,1.0,6.3536334747986265
2022-02-11 23:19:00,Staten Island,Lower East Side,40.61435439561612,-74.09527762373183,40.686056926653784,-73.9917973150216,Uber,UberX,4.455588158176614,1.0,10.297279276809075
2022-03-20 01:02:00,Financial District,Queens,40.74381518734273,-74.0755570319427,40.76381246472624,-74.06751346049282,Lyft,Lyft,1.4091499964867422,2.95,14.649736856862807
2022-03-19 11:15:00,Central Park,Williamsburg,40.67499451224975,-74.09897702274,40.78336890233658,-74.06834948944008,Uber,UberXL,9.640153681693404,1.09,21.11359314783017
2022-03-23 02:52:00,Financial District,Queens,40.6297606789154,-74.01683480211747,40.68741586199291,-73.96560350148984,Uber,UberSUV,14.39240028168283,1.9,52.60473093659541
2022-03-16 03:52:00,Upper West Side,Manhattan,40.7605439536902,-74.00119658219286,40.61817692364012,-74.07821979980041,Lyft,Lyft Black,5.198047690090969,1.0,11.596583457659197
2022-03-20 05:35:00,Staten Island,Central Park,40.78599767617367,-73.97201525229232,40.64162220434252,-74.07477364940308,Lyft,Lyft Shared,10.461953587444972,1.0,20.808418778028702
2022-02-02 08:14:00,Williamsburg,Queens,40.78444367919218,-73.90859961606358,40.810167383663966,-74.09765386353794,Uber,UberSUV,7.943458810963799,1.97,32.31007425079769
2022-02-09 12:37:00,Harlem,Upper West Side,40.63204471668839,-74.03398035240947,40.73237044675121,-74.03417362644092,Lyft,Lyft XL,4.150188071672423,1.0,9.76282912542674
2022-03-25 14:08:00,Upper East Side,Times Square,40.66353425545234,-74.00867673959097,40.67371600221416,-74.09263302308825,Lyft,Lyft Shared,1.8373851990135448,1.03,5.886886821221915
2022-02-10 14:09:00,Bronx,Bronx,40.63471149621269,-74.06703344476809,40.69109703643415,-73.90929807808516,Uber,UberPOOL,3.047054397776307,1.27,9.947078399057842
2022-02-07 08:50:00,Brooklyn,Upper West Side,40.669002502054305,-74.02779742185483,40.72282082631788,-74.04478181185131,Lyft,Lyft XL,13.714114455021635,1.74,46.10947851554088
2022-03-30 21:17:00,Upper East Side,Times Square,40.73326083213546,-74.09397291072828,40.76900470623142,-74.03527907340698,Uber,UberBLACK,7.441384656549245,1.0,15.52242314896118
2022-02-19 09:33:00,Staten Island,Central Park,40.753015678518025,-73.96873155286292,40.69298030943025,-74.08181066099742,Lyft,Lyft Shared,5.031410484143664,2.0,22.609936694502824
2022-01-04 15:20:00,Upper East Side,Upper West Side,40.72293558792034,-74.01889604557685,40.77933523210331,-74.01456350935989,Lyft,Lyft,4.830339035817122,1.3,14.239021306483954
2022-02-25 01:08:00,Staten Island,Brooklyn,40.73486173425698,-74.00339390680375,40.773617429070775,-74.04024979491449,Uber,UberXL,14.392534935876098,1.0,27.68693613778317
2022-02-01 02:07:00,Queens,Upper West Side,40.75164745622404,-74.06152558670783,40.79490251531989,-73.92332087362642,Uber,UberXL,12.563152942635977,1.0,24.48551764961296
2022-03-21 04:00:00,Williamsburg,Harlem,40.64769167783281,-73.97477219029362,40.748046508467375,-74.07635602666262,Lyft,Lyft Shared,4.315969972804235,1.0,10.052947452407412
2022-01-28 20:40:00,Brooklyn,Harlem,40.719060677083704,-73.98621410323614,40.75831932127394,-74.02278773468667,Uber,UberXL,1.1650153086635224,1.18,5.355756612390174
2022-02-02 01:08:00,Bronx,Brooklyn,40.71749197687487,-74.07500105500581,40.79871365533025,-74.03490482511691,Uber,UberSUV,9.347209950518428,1.18,22.251988547820552
2022-02-07 21:25:00,Upper East Side,Central Park,40.63463889900648,-74.02094447835184,40.78033991499217,-74.09938001015503,Lyft,Lyft,7.932668875478486,1.0,16.38217053208735
2022-03-23 17:53:00,Upper West Side,Bronx,40.81151962500242,-73.98518958907736,40.74345185993918,-73.92523154135839,Uber,UberXL,13.033145674615671,2.19,55.42453079796456
2022-03-09 17:26:00,Upper West Side,Williamsburg,40.65971842731047,-73.99528649028481,40.742918713817616,-73.98918285818785,Lyft,Lyft XL,3.388585628711266,2.23,18.798955416045718
2022-03-22 09:08:00,Upper East Side,Harlem,40.793387961778826,-73.99239555618898,40.710662873688456,-74.07273663110188,Lyft,Lyft,9.369851711016295,1.44,27.212026311761065
2022-01-23 12:44:00,Manhattan,Lower East Side,40.753604440258336,-74.0749590580293,40.77832123174177,-74.07840912554221,Uber,UberXL,1.995988112764517,1.29,7.730943164565897
2022-01-21 21:41:00,Central Park,Times Square,40.715786906778945,-74.069371415728,40.80420428277944,-74.00043965114301,Uber,UberPOOL,2.3745004264907044,1.0,6.655375746358732
2022-02-09 02:36:00,Central Park,Central Park,40.800335030404355,-73.99392982488101,40.66911269928017,-73.96126739160144,Uber,UberBLACK,6.96599539212134,1.21,17.775495242816937
2022-02-02 17:10:00,Staten Island,Bronx,40.613586607515735,-74.02648008962858,40.61676271160177,-74.08438699086473,Lyft,Lyft Shared,14.403627161091162,2.52,69.81999578041203
2022-03-24 19:36:00,Lower East Side,Brooklyn,40.81100215845968,-74.08886816769598,40.769013100437434,-73.94901326046217,Lyft,Lyft XL,9.538756598964428,2.27,43.56771058938619
2022-03-09 14:46:00,Financial District,Lower East Side,40.66634795133479,-73.91364799727909,40.77519004546458,-73.95221846604137,Uber,UberPOOL,7.426835865572861,1.96,30.37404701891491
2022-02-09 12:58:00,Upper East Side,Queens,40.71048077772856,-74.05775766559087,40.75741496408442,-73.9727859789119,Lyft,Lyft Black,10.700470757672012,1.0,21.22582382592602
2022-03-20 04:06:00,Times Square,Upper East Side,40.66610319449449,-74.03838042626474,40.6285372858958,-73.94831037604403,Lyft,Lyft Black,14.136303378938615,1.82,49.57412626191949
2022-01-19 09:49:00,Times Square,Williamsburg,40.80730567651061,-74.04531867186526,40.6506457017515,-74.05721749876847,Uber,UberPOOL,1.645146794873625,1.89,10.166323024044514
2022-01-26 21:32:00,Central Park,Brooklyn,40.627991417310064,-74.00100888360156,40.71578020603505,-74.03664742187011,Uber,UberXL,12.887486983901267,1.24,31.06584675506575
2022-02-24 15:36:00,Financial District,Bronx,40.615381986749505,-73.97225235475236,40.668910959519174,-73.9860693186838,Lyft,Lyft XL,10.763314955210987,1.26,26.883109476240225
2022-01-06 16:32:00,Bronx,Bronx,40.72800106751929,-74.05646727242437,40.81120336690348,-73.90664512137539,Lyft,Lyft,3.6246469768352103,1.75,15.475481366557833
2022-01-13 04:07:00,Bronx,Lower East Side,40.76495484984598,-73.91775272021863,40.67354685751673,-74.00838516889759,Uber,UberBLACK,11.274995872518799,1.27,28.23367832667303
2022-01-01 14:52:00,Upper West Side,Upper West Side,40.69611481313764,-73.9691765599806,40.73966198317883,-74.00052598258796,Lyft,Lyft Shared,4.635808514539347,1.0,10.612664900443857
2022-03-09 08:00:00,Central Park,Upper West Side,40.7247446611614,-73.92255987311842,40.78363950374241,-73.9385194383201,Uber,UberX,7.407532556809448,1.54,23.813300240601464
2022-03-22 08:07:00,Times Square,Staten Island,40.73637089019476,-74.04543548214379,40.81064640868024,-73.92364634688654,Lyft,Lyft,6.513523189521489,2.95,41.001063465904686
2022-03-25 21:55:00,Queens,Upper West Side,40.68310921219976,-74.09946637668637,40.63928294512272,-73.99577091231052,Lyft,Lyft Shared,2.63887100364971,1.19,8.47044886510052
2022-01-12 12:00:00,Harlem,Brooklyn,40.6207718047922,-73.96041513581406,40.634634185474496,-74.0100454837089,Lyft,Lyft Shared,6.124084276888297,1.12,14.803205182701063
2022-02-05 11:20:00,Upper West Side,Williamsburg,40.73004868981239,-74.07862125522848,40.63242617444584,-73.9347919596534,Lyft,Lyft Shared,10.04096900124617,1.01,20.272412709702607
2022-02-20 09:31:00,Lower East Side,Brooklyn,40.75009761699223,-74.02059811812876,40.77827405694072,-73.95280979031388,Uber,UberPOOL,8.186942392360839,1.9,31.971583454599784
2022-03-03 03:40:00,Bronx,Upper West Side,40.712977615274625,-73.96839961135169,40.7582223652965,-73.92366747562315,Uber,UberSUV,13.060017914925227,1.05,26.622782918675107
2022-01-13 17:36:00,Upper West Side,Brooklyn,40.75935668445426,-73.91387724991569,40.67808493758951,-74.00659706010217,Uber,UberBLACK,11.511199064719664,2.01,45.51564271015141
2022-03-04 15:54:00,Brooklyn,Harlem,40.6277063403175,-73.92750720324327,40.72882510094452,-73.96530069169178,Lyft,Lyft XL,1.3119875794163531,1.0,4.795978263978618
2022-02-17 14:03:00,Bronx,Queens,40.6606246555798,-73.93742512891127,40.69817125622229,-73.94566906258166,Lyft,Lyft,13.213845689205863,1.22,31.261560546454515
2022-03-21 17:32:00,Central Park,Queens,40.77835903803937,-73.95252274635072,40.773834285946045,-74.07235753353976,Uber,UberBLACK,2.0948086688459,1.38,8.508962935262847
2022-01-08 09:10:00,Brooklyn,Queens,40.72320021229501,-74.09439744506768,40.67700315016515,-74.08799533353493,Uber,UberSUV,14.28102696874399,1.49,40.96277782099995
2022-01-12 07:44:00,Staten Island,Manhattan,40.68342463728164,-74.05849921020027,40.72588171876113,-73.90717165782274,Lyft,Lyft Black,6.192178318881307,2.08,27.739529080727962
2022-02-06 23:49:00,Staten Island,Manhattan,40.62975548642646,-74.01549458062608,40.63824853232949,-74.0909680985961,Uber,UberX,2.457696052111396,1.51,10.269461817704364
2022-03-25 12:26:00,Williamsburg,Upper East Side,40.67711239760619,-73.92473109603823,40.67350346973639,-74.01186192236513,Uber,UberX,6.022785562372833,1.0,13.039874734152457
2022-03-23 02:16:00,Queens,Upper West Side,40.72051698168097,-74.07615962242231,40.75509657407237,-74.06566885338144,Uber,UberPOOL,6.488166926995946,1.0,13.854292122242907
2022-02-05 04:57:00,Upper East Side,Queens,40.68376583767642,-74.07311925402243,40.725508309471465,-73.91910892193715,Uber,UberX,3.9766246970348518,1.09,10.310411609593983
2022-03-20 05:53:00,Upper East Side,Queens,40.72251034833969,-73.99517117578918,40.68818281378457,-73.95517869516269,Uber,UberXL,4.9581153828305755,1.04,11.623769996751648
2022-02-13 01:36:00,Harlem,Bronx,40.7967376654187,-73.9675527625675,40.627657266400995,-74.09234661815833,Lyft,Lyft XL,8.826727028337599,2.65,47.558946593915614
2022-03-24 13:57:00,Williamsburg,Central Park,40.732043985291035,-73.97437067720014,40.801507216716374,-73.92620252144576,Uber,UberBLACK,6.732056248869758,1.18,16.85169615391605
2022-01-25 23:03:00,Brooklyn,Bronx,40.614152941785946,-74.07576624792341,40.65426889146353,-73.93400333141227,Uber,UberX,4.379720882302267,1.17,11.892478506513891
2022-03-01 20:48:00,Queens,Times Square,40.649798427694115,-74.0000329936889,40.67733265101321,-73.96725024157826,Lyft,Lyft Black,12.900143476898805,1.0,25.07525108457291
2022-02-23 06:59:00,Financial District,Queens,40.69525529668932,-74.07993916905866,40.67078576262727,-74.09403346691936,Lyft,Lyft Black,7.480461447376635,1.37,21.359406320085487
2022-03-13 02:37:00,Brooklyn,Staten Island,40.72329352647734,-73.97143552705967,40.770242524328125,-74.0859535252013,Lyft,Lyft Shared,5.534014521931897,2.78,33.87298064919868
2022-02-22 02:26:00,Upper West Side,Times Square,40.72124494098652,-73.94373201413758,40.7281057219802,-74.08531385174076,Uber,UberBLACK,14.786930594924822,1.26,35.755181961809235
2022-03-31 12:01:00,Brooklyn,Financial District,40.63302997059998,-74.10464242662867,40.65013560012754,-73.90635119595171,Lyft,Lyft Shared,8.37075107633169,1.3,22.293458698654597
2022-02-13 05:49:00,Times Square,Bronx,40.68614250139317,-73.91939980813446,40.66926245046691,-73.9136892505121,Lyft,Lyft Black,5.302681056763451,1.74,20.49666381784471
2022-02-21 17:09:00,Manhattan,Brooklyn,40.67322514681656,-73.94878787615063,40.6554612243348,-73.91292340727138,Lyft,Lyft,9.825831414165268,1.62,31.90623205915854
2022-01-16 19:49:00,Staten Island,Harlem,40.63352693038395,-74.05199393884796,40.61981696683346,-74.0261762909226,Uber,UberSUV,3.1747502946001793,2.3,18.52836993576572
2022-03-01 09:30:00,Financial District,Brooklyn,40.63400733675799,-73.95872172296434,40.76867290687835,-74.04408167964414,Uber,UberX,5.446669535621462,2.49,29.958862501470524
2022-01-04 08:36:00,Central Park,Manhattan,40.742815332259454,-73.91129417980359,40.62355124176795,-73.9797785527698,Lyft,Lyft,12.60667827221777,1.75,42.982952208666916
2022-01-23 05:37:00,Lower East Side,Staten Island,40.790817691970226,-73.9632687534867,40.64580300270485,-74.07680785488868,Uber,UberPOOL,14.22310931351177,1.23,33.690242797334086
2022-01-14 00:45:00,Upper West Side,Upper East Side,40.6620224468035,-74.02894427198633,40.64618012822174,-73.9935321776811,Lyft,Lyft XL,12.137308212702289,1.0,23.740289372229004
2022-01-13 07:40:00,Upper West Side,Financial District,40.62794563638528,-73.9863750429237,40.732953322118675,-74.02370699629441,Uber,UberBLACK,8.989317113075906,1.62,29.53471401557019
2022-03-22 00:45:00,Times Square,Upper West Side,40.71058131331475,-73.94399618299347,40.62730677447888,-73.9394513508065,Lyft,Lyft XL,9.341694683868054,1.68,31.664582370572077
2022-03-07 00:52:00,Lower East Side,Financial District,40.75980025593327,-73.92500025095583,40.70281898312266,-74.06077584292058,Lyft,Lyft Black,13.789014804560413,1.29,34.353700921295136
2022-03-31 06:05:00,Manhattan,Upper East Side,40.73493699669693,-74.01931260216918,40.789587352667404,-73.9765351053685,Lyft,Lyft XL,6.117842197455858,1.0,13.206223845547752
2022-01-17 19:36:00,Brooklyn,Times Square,40.774407909588156,-74.02429189202806,40.63724917978425,-73.92513833259424,Uber,UberX,10.449220937705366,1.22,25.35908670200096
2022-02-15 16:39:00,Upper East Side,Bronx,40.62372790687449,-74.02157087962496,40.795283195937174,-74.02860170996149,Lyft,Lyft XL,5.863693400091752,2.23,28.458063493858063
2022-01-10 01:56:00,Financial District,Lower East Side,40.72008048850441,-74.03810219474897,40.68224213151332,-74.00642409625569,Lyft,Lyft Black,8.722653986004776,1.32,23.449330707671034
2022-03-19 22:44:00,Harlem,Upper East Side,40.774289762530564,-73.94489249905916,40.7552991802993,-74.01341115091591,Lyft,Lyft,8.974710787249634,2.52,45.87847457177089
2022-02-18 03:22:00,Staten Island,Brooklyn,40.77507727092739,-74.06937650010568,40.789041306701236,-73.97726481971812,Lyft,Lyft Black,11.4432453014886,1.0,22.52567927760505
2022-02-11 05:39:00,Financial District,Williamsburg,40.65525265754704,-73.92286686080868,40.726707121912135,-73.90776522931144,Lyft,Lyft,5.612909313314153,1.44,17.744531469551664
2022-02-08 10:41:00,Brooklyn,Upper East Side,40.725452214701185,-74.06608897706508,40.75232838035899,-74.04396584125563,Uber,UberSUV,14.235241708197215,1.12,30.701073748066545
2022-03-09 21:55:00,Upper West Side,Manhattan,40.77811532968485,-73.99488774198463,40.73518059137018,-74.03605466581377,Lyft,Lyft Black,9.315684243850667,1.0,18.802447426738667
2022-03-30 08:21:00,Queens,Staten Island,40.66514415967013,-74.09150446799181,40.70947023606187,-74.10008496983112,Lyft,Lyft XL,1.6121253456283868,2.08,11.068136258087328
2022-02-19 21:58:00,Central Park,Manhattan,40.75949625374016,-74.02124942172789,40.73792002129941,-73.97478196472531,Lyft,Lyft XL,9.783205462429233,1.98,38.84880692731729
2022-02-07 19:28:00,Staten Island,Harlem,40.69832312036405,-74.02069785681745,40.750534564910616,-74.05936828007957,Lyft,Lyft Shared,4.768043227903946,1.42,15.398587421341306
2022-02-25 08:32:00,Queens,Staten Island,40.632131016647286,-74.02518725192577,40.68279893072454,-74.06675319191102,Uber,UberBLACK,2.756414630843433,1.27,9.30113151704953
2022-01-16 15:01:00,Times Square,Financial District,40.787014700303025,-74.04177418872459,40.7065785241312,-73.94732995599861,Lyft,Lyft Black,6.225787813847914,1.85,24.78098804733262
2022-02-11 01:48:00,Queens,Staten Island,40.78541401492952,-73.99549422316653,40.62754177917395,-74.01309607055548,Lyft,Lyft XL,1.0543551284878676,1.11,4.823084837087683
2022-02-01 16:22:00,Brooklyn,Queens,40.75890200437543,-74.02879558591336,40.73059195628028,-73.93742998035613,Lyft,Lyft Shared,9.943507826102826,2.66,52.93702893050865
2022-02-18 09:51:00,Bronx,Queens,40.71561619209784,-74.07998278208127,40.71312768197377,-74.04568522286222,Uber,UberBLACK,14.712487802073493,1.24,35.02609853049948
2022-03-21 17:03:00,Brooklyn,Staten Island,40.700493300046084,-73.9417501051575,40.801620626387326,-74.08864821392926,Lyft,Lyft Black,14.984464625531116,2.59,74.39208591521978
2022-03-06 17:08:00,Upper West Side,Queens,40.65038166201956,-73.95789195203825,40.796557763949394,-74.07021711361075,Uber,UberPOOL,13.451627010965149,2.02,52.6015014837618
2022-01-31 08:54:00,Bronx,Bronx,40.66177318266964,-73.94595317843996,40.81216777718043,-74.1056193215151,Lyft,Lyft XL,12.230574417802858,2.35,56.17323729321426
2022-02-02 13:34:00,Staten Island,Manhattan,40.81066255235013,-73.97627874502696,40.78692935424294,-74.07922677364904,Lyft,Lyft Black,8.907295400814075,1.0,18.08776695142463
2022-03-29 08:54:00,Brooklyn,Brooklyn,40.71833163051581,-74.09177900389551,40.64472404238222,-73.95073569715314,Lyft,Lyft,9.823356175518407,1.37,26.976496430805383
2022-02-13 10:17:00,Staten Island,Financial District,40.67560696534495,-73.9415525148366,40.76785530927375,-73.91594341620197,Lyft,Lyft Shared,2.1341834355235756,1.01,6.29716922228792
2022-01-13 19:16:00,Manhattan,Brooklyn,40.73411461092139,-74.0258432644193,40.6217674541571,-74.02217793427317,Uber,UberX,2.7418290344679277,2.26,16.493933831320653
2022-02-15 14:31:00,Brooklyn,Central Park,40.629491507585946,-74.0277223027329,40.75485951417593,-74.10023144052386,Uber,UberPOOL,13.001403393920532,1.05,26.51507873632898
2022-01-31 18:51:00,Queens,Bronx,40.73003340119088,-73.91641008734932,40.687204670457824,-74.01246561609246,Lyft,Lyft Black,13.300598524633656,2.74,70.62636992561839
2022-02-14 23:01:00,Financial District,Bronx,40.70475412508705,-73.96385912745859,40.61941769959452,-73.9923006629087,Uber,UberPOOL,3.7723507333001063,2.02,18.385259842215874
2022-01-30 21:19:00,Bronx,Manhattan,40.70545171364831,-73.96422773339792,40.7566285169518,-73.92624202702807,Lyft,Lyft XL,13.287905843068339,1.32,33.995062497487865
2022-02-26 01:56:00,Manhattan,Queens,40.685182394350875,-73.91754755518538,40.67902598652833,-74.0258102360016,Uber,UberPOOL,14.267861525313005,2.19,60.15657929576209
2022-03-12 07:56:00,Queens,Queens,40.805709543318734,-73.95907283710564,40.671386263228015,-74.08545035355954,Lyft,Lyft XL,9.285367875716412,1.78,33.37392093285662
2022-03-09 14:46:00,Harlem,Bronx,40.670616074778295,-73.92205808063459,40.71969992379071,-74.0529222446382,Lyft,Lyft,10.349337239491806,1.06,21.8480205792573
2022-03-19 11:30:00,Upper East Side,Harlem,40.67049793102126,-74.08464125119207,40.71968230481839,-74.06241665682892,Lyft,Lyft Shared,14.742643813395961,1.0,28.299626673442933
2022-03-08 22:22:00,Staten Island,Brooklyn,40.70071907405204,-73.9690448176593,40.717014571289866,-74.0709158850896,Uber,UberSUV,3.6229214414367146,1.1,9.724123774765676
2022-01-29 04:07:00,Financial District,Brooklyn,40.63143120074744,-73.92033676084688,40.69278247401508,-74.03820010471716,Lyft,Lyft,3.9869771446807096,1.63,15.447852305201724
2022-03-25 06:38:00,Financial District,Manhattan,40.78578426252269,-74.07935406511557,40.75374970893901,-73.93985378341834,Uber,UberPOOL,6.245496250480343,1.21,16.249838310392125
2022-01-20 14:15:00,Financial District,Upper West Side,40.762335656856926,-73.9518464586874,40.63473013599941,-73.9257354849433,Uber,UberXL,11.54129929598286,1.48,33.59196517659561
2022-03-23 14:34:00,Manhattan,Lower East Side,40.639947235705364,-74.04688611640911,40.68545967367817,-74.08092717160982,Uber,UberPOOL,4.744224251580857,1.0,10.802392440266498
2022-03-01 17:48:00,Harlem,Brooklyn,40.64959727245981,-74.00420168977774,40.77566699658954,-73.94166047428345,Uber,UberBLACK,3.761847661802858,2.02,18.348131484473104
2022-02-03 23:39:00,Lower East Side,Upper East Side,40.62732677592815,-74.02168468482397,40.78810673438726,-73.97320936481711,Lyft,Lyft XL,7.637614412323772,1.0,15.8658252215666
2022-03-24 08:59:00,Queens,Manhattan,40.670933573860175,-73.95776832233427,40.67885412125243,-74.0183130367618,Lyft,Lyft XL,4.38504352555027,2.11,21.466773218094374
2022-03-21 20:02:00,Bronx,Times Square,40.63219415071713,-74.10247840937967,40.771812829864565,-74.0234985734901,Lyft,Lyft Black,2.0807393022412444,1.0,6.1412937789221775
2022-03-07 20:24:00,Times Square,Harlem,40.62751315581261,-74.03883157207068,40.80348245523458,-74.02918917412875,Lyft,Lyft Shared,7.854230099021967,1.51,24.529803036665548
2022-03-26 05:50:00,Upper West Side,Manhattan,40.79482295122924,-73.91124379582263,40.740444800051414,-73.91054031318438,Uber,UberX,2.677374408831049,1.0,7.1854052154543355
2022-02-14 16:34:00,Manhattan,Bronx,40.683937778882324,-74.03019835852001,40.67699411802997,-74.06509537662807,Uber,UberPOOL,8.874642476204759,1.51,27.226242743371078
2022-01-07 18:58:00,Bronx,Financial District,40.63625576184266,-74.07629846545306,40.654426876761065,-74.00899033600192,Lyft,Lyft Black,2.1304520966961253,2.17,13.515391837203536
2022-01-06 21:50:00,Lower East Side,Bronx,40.74224067395409,-73.9776569666086,40.64894629192904,-74.03699871024493,Uber,UberBLACK,10.62092141712484,1.0,21.086612479968473
2022-01-25 03:00:00,Bronx,Upper West Side,40.68648510729311,-73.94601145562979,40.67401782745101,-73.95708627292366,Uber,UberBLACK,14.228415814534804,1.0,27.39972767543591
2022-01-30 00:16:00,Staten Island,Brooklyn,40.660360446695236,-74.04315550873848,40.7841165952748,-74.10177170312971,Uber,UberBLACK,9.73266657627987,2.65,51.760241247497895
2022-02-03 03:52:00,Brooklyn,Upper East Side,40.77458133820267,-73.96542855769314,40.66230332598076,-74.03013563896067,Lyft,Lyft,14.77249897852094,1.0,28.351873212411643
2022-02-03 10:52:00,Queens,Times Square,40.79900327021702,-73.9710020570207,40.725516110605994,-73.99233118438559,Uber,UberPOOL,11.856390908373967,1.0,23.248684089654443
2022-01-31 10:55:00,Bronx,Central Park,40.785042612937694,-73.95319910342356,40.72782021765691,-74.0253158349976,Uber,UberSUV,5.8542055777839135,1.16,14.784037322901343
2022-01-28 05:51:00,Williamsburg,Upper East Side,40.788440274758266,-73.97206767947341,40.78251841944438,-74.05650209526492,Lyft,Lyft XL,4.347537907524907,1.0,10.108191338168588
2022-03-04 15:05:00,Upper West Side,Staten Island,40.64247740620282,-73.92681611692443,40.6133928485473,-73.94392760514386,Uber,UberPOOL,9.37131027842832,1.0,18.89979298724956
2022-03-03 15:36:00,Financial District,Lower East Side,40.80263739264667,-74.02960762572982,40.761525355434884,-73.90691615252574,Lyft,Lyft XL,10.973857677695644,1.91,41.455119287697684
2022-03-23 13:01:00,Staten Island,Times Square,40.687656074849414,-74.04979209016153,40.80599920541112,-73.96709920749815,Uber,UberXL,11.258462523669824,1.06,23.534447981407524
2022-03-03 23:14:00,Manhattan,Upper East Side,40.7530992158677,-74.0228547921074,40.67503727457732,-74.03680170424754,Uber,UberSUV,4.343915876008914,1.21,12.223241867448875
2022-03-29 18:28:00,Lower East Side,Bronx,40.68014200356208,-74.01318854601632,40.80784217456505,-74.04157750576275,Lyft,Lyft Shared,8.70324969057329,1.51,26.773337307339922
2022-03-24 11:49:00,Williamsburg,Brooklyn,40.630697232837186,-74.09593301478793,40.79919148243711,-73.93129099938986,Uber,UberBLACK,3.191483817348204,1.0,8.085096680359356
2022-01-05 21:51:00,Harlem,Manhattan,40.74857880780373,-74.06947545047164,40.65551373203877,-74.06718527562658,Lyft,Lyft XL,4.556184529249096,1.26,13.196386886994258
2022-01-05 05:46:00,Central Park,Brooklyn,40.76712937196981,-73.99426478288318,40.811534473910825,-74.0487390951581,Uber,UberXL,12.879278209658034,1.0,25.03873686690156
2022-03-22 20:35:00,Williamsburg,Harlem,40.66240743222521,-74.08592008834262,40.63277866807255,-73.92268873755438,Lyft,Lyft Black,11.420701677911413,1.0,22.486227936344974
2022-03-02 15:11:00,Lower East Side,Bronx,40.722601035897284,-74.10277283533003,40.72494793072446,-74.09120327778656,Uber,UberPOOL,3.1395054895918175,1.0,7.99413460678568
2022-01-24 09:46:00,Bronx,Williamsburg,40.77590595941839,-74.09852703604075,40.689080893118785,-73.96264063193117,Uber,UberXL,3.2010982218032145,2.01,16.284862995192807
2022-02-14 14:04:00,Times Square,Manhattan,40.758427019924646,-74.04075337231052,40.64496770272937,-73.91561275951997,Lyft,Lyft Black,1.9636991639599939,1.07,6.3520266845150894
2022-02-10 03:03:00,Staten Island,Williamsburg,40.642449542983314,-73.98045781175884,40.79403029595394,-73.94228533298906,Lyft,Lyft Black,2.885885158071541,1.01,7.625802016891448
2022-03-18 15:08:00,Queens,Times Square,40.80906052994898,-73.98899579043936,40.772240295295866,-73.96573949295258,Lyft,Lyft Shared,5.893168329776177,1.2,15.375653492529972
2022-03-10 14:24:00,Harlem,Upper West Side,40.62176433687254,-73.99670113694746,40.802828206217846,-73.91865091252404,Uber,UberPOOL,10.935503495722578,1.12,24.23358685161626
2022-03-02 19:09:00,Financial District,Upper East Side,40.69627663760005,-73.94097533461175,40.67959065569019,-73.9734805133653,Lyft,Lyft Black,7.112580970340311,2.57,38.41383291410555
2022-03-01 22:21:00,Harlem,Central Park,40.72540003306705,-73.93593244577471,40.62405522560918,-74.00303204367452,Uber,UberXL,7.06628253054763,1.24,18.433833091288356
2022-01-01 02:14:00,Staten Island,Williamsburg,40.736868525364685,-74.02512940556582,40.65727506875116,-73.92230332311154,Lyft,Lyft,13.725335511467442,1.9,50.38674057562924
2022-01-13 07:27:00,Brooklyn,Manhattan,40.81172299208957,-74.0898613383399,40.77533763584901,-73.96833725750868,Lyft,Lyft Black,10.572046387144086,2.04,42.842205602104386
2022-01-25 20:34:00,Brooklyn,Lower East Side,40.6452035737572,-74.03583912460132,40.706922310511494,-74.06427391491313,Lyft,Lyft Black,9.082286533654415,1.0,18.394001433895227
2022-01-02 20:54:00,Queens,Queens,40.67153704437924,-74.06326929827424,40.80299651103192,-74.02607717586051,Uber,UberPOOL,9.850942481763306,1.59,31.3852474555064
2022-02-08 01:20:00,Financial District,Lower East Side,40.673713195358324,-74.09694751652495,40.65760481099574,-73.9668113625102,Uber,UberSUV,13.640848112152057,1.5,39.55722629439915
2022-02-06 01:01:00,Central Park,Financial District,40.71440940209351,-73.99882219099757,40.74508157335507,-74.08367654562683,Lyft,Lyft Black,12.27440082723636,2.78,66.66496002450488
2022-02-18 13:07:00,Upper West Side,Staten Island,40.62334588173677,-73.96910589488925,40.68551992201193,-73.91587970610144,Lyft,Lyft Black,2.067221599763836,1.24,7.585870871487524
2022-02-24 23:10:00,Upper East Side,Central Park,40.710034603399635,-74.0476553427064,40.662127892060326,-73.9581273086506,Lyft,Lyft Shared,2.490732865471691,1.0,6.858782514575459
2022-01-22 21:36:00,Lower East Side,Upper West Side,40.811094199990215,-74.07852547154403,40.683923864797826,-74.05672702984744,Uber,UberXL,5.752303086910104,2.69,33.80396678162931
2022-02-22 17:15:00,Central Park,Harlem,40.75316981368664,-74.06877829838817,40.74464737405704,-74.02070505404232,Uber,UberXL,12.342094796004421,2.16,52.053118328896716
2022-02-11 07:53:00,Harlem,Lower East Side,40.76137694562043,-74.05295118571114,40.696910033578106,-74.05067577765304,Lyft,Lyft Shared,6.394704392656959,1.36,18.619396454523564
2022-01-13 10:12:00,Upper West Side,Central Park,40.69621893046278,-73.96004959863681,40.64008369309924,-73.98847390867238,Uber,UberSUV,3.729023763630333,1.05,9.477081165670738
2022-01-08 12:21:00,Williamsburg,Upper West Side,40.72592817035036,-73.99362905642856,40.80592936491543,-73.96648933013063,Uber,UberPOOL,4.938589276750317,1.06,11.811083108371838
2022-02-03 03:49:00,Bronx,Central Park,40.800659911100546,-74.03849245477545,40.78799546011285,-73.92175618358038,Lyft,Lyft XL,7.950082254773585,1.07,17.56152902206354
2022-02-13 14:03:00,Bronx,Upper West Side,40.62633543058375,-74.01319396355281,40.71029047076425,-74.08495324431719,Uber,UberSUV,1.042427225067182,1.11,4.799914884693002
2022-02-07 19:24:00,Bronx,Manhattan,40.761417305226296,-73.98317578761542,40.74127946241269,-74.07603957592269,Lyft,Lyft XL,8.378653357776477,1.87,32.09414311332352
2022-01-26 03:33:00,Central Park,Harlem,40.75285427747002,-73.9938471374333,40.66718305722655,-73.91889746929557,Lyft,Lyft,5.51052995902573,1.0,12.143427428295027
2022-03-03 19:55:00,Manhattan,Financial District,40.77758364542953,-73.97267294254169,40.798950172752726,-73.93969730682137,Uber,UberPOOL,3.800193711367692,2.57,23.516371216876195
2022-02-28 02:58:00,Brooklyn,Lower East Side,40.62333243042104,-73.95456238068431,40.748979311158585,-73.9449767626428,Lyft,Lyft Black,8.248024917277199,1.28,21.675575814700924
2022-01-11 16:57:00,Central Park,Times Square,40.78501307487346,-73.99143683661552,40.80544265738373,-74.06318155854291,Uber,UberBLACK,1.9642034281529264,2.12,12.587194718447359
2022-03-29 07:55:00,Lower East Side,Staten Island,40.726706394511886,-73.92718452435076,40.62479046080034,-74.0545465032395,Lyft,Lyft XL,5.390045214160956,1.92,22.91055191958081
2022-03-15 16:37:00,Williamsburg,Williamsburg,40.807276264109305,-73.95605242085954,40.69753723557659,-74.10296091901434,Lyft,Lyft Shared,2.916134722868769,1.3,9.884206494526449
2022-03-05 14:09:00,Financial District,Bronx,40.79325225466348,-73.94441864888276,40.672964517442175,-73.917045758595,Uber,UberPOOL,8.820334937500448,1.58,28.338226102188738
2022-03-13 13:51:00,Times Square,Harlem,40.63251720197447,-74.0744229364506,40.63972285822872,-74.1050819957267,Uber,UberXL,6.557595882336235,1.65,23.060058110245876
2022-01-22 21:42:00,Brooklyn,Queens,40.782486671873826,-74.07703715993324,40.61743705255935,-73.99723649187325,Lyft,Lyft,9.977922846595902,2.38,47.50804865607193
2022-02-17 21:13:00,Brooklyn,Lower East Side,40.668885871263555,-74.08160019690325,40.728058482918,-73.98738447014523,Uber,UberX,4.640631719610457,1.0,10.621105509318301
2022-01-01 20:44:00,Staten Island,Brooklyn,40.71935144438111,-73.99753831428879,40.76393301286871,-74.02393635658612,Lyft,Lyft Shared,2.6521443345529434,3.04,21.70940785982166
2022-01-12 03:54:00,Central Park,Staten Island,40.808269145931625,-73.91106941848822,40.76190557326725,-73.9888293008801,Uber,UberBLACK,1.4357869794476978,1.14,5.714395023998157
2022-01-15 02:42:00,Times Square,Financial District,40.76378105466414,-74.00856114956034,40.613314661290985,-73.93986137501545,Uber,UberBLACK,6.774028515719244,2.28,32.72837377771978
2022-02-11 04:08:00,Lower East Side,Williamsburg,40.80162968494576,-74.0735571243027,40.744996525137566,-73.97704948130132,Lyft,Lyft Shared,1.0650811418808193,1.23,5.3675871578984635
2022-02-01 01:16:00,Central Park,Brooklyn,40.727937100912214,-73.95283367057482,40.621748605305996,-74.00708034883947,Lyft,Lyft,7.343511106021762,1.25,19.188930544422604
2022-02-16 02:42:00,Financial District,Bronx,40.73595311175854,-73.91614402424715,40.736137749933455,-73.99814699511167,Lyft,Lyft Black,6.098459123793807,1.53,20.15362430395792
2022-01-24 18:11:00,Central Park,Brooklyn,40.74075829971444,-73.9092726407281,40.812459068295404,-73.91775491821831,Lyft,Lyft Shared,12.78064215961678,2.38,59.18137459480389
2022-03-20 17:11:00,Bronx,Williamsburg,40.806266632905384,-74.06397181446286,40.674016564246706,-73.93880748790357,Lyft,Lyft Shared,12.405922339519314,2.32,56.168044698448405
2022-03-23 17:32:00,Staten Island,Manhattan,40.80149775015253,-74.08984204750777,40.71301379948932,-73.92337003400482,Uber,UberBLACK,10.16028875105077,1.52,30.826368077795046
2022-03-15 00:16:00,Bronx,Manhattan,40.73127643737503,-73.97709818470635,40.618517228463936,-73.96391396569743,Uber,UberX,10.590452914070733,1.06,22.295290155601208
2022-02-28 21:59:00,Manhattan,Brooklyn,40.724382126014476,-73.91717246230388,40.69145912829597,-74.0777119023169,Lyft,Lyft,3.9521403845969543,1.02,9.604570586505565
2022-01-12 06:52:00,Harlem,Upper East Side,40.79556597600514,-74.05981323872656,40.772486926907966,-74.06389815654626,Lyft,Lyft XL,3.5318422477937137,1.3,11.2849411137307
2022-03-01 06:24:00,Central Park,Brooklyn,40.681927458413654,-73.97272788926168,40.6773829573087,-73.99595315946932,Uber,UberPOOL,12.57501146265558,1.0,24.506270059647264
2022-03-12 04:25:00,Queens,Times Square,40.8110971135704,-73.97337090167376,40.735010989867185,-73.91328249079118,Lyft,Lyft Black,5.382123031685615,1.0,11.918715305449826
2022-01-21 20:53:00,Bronx,Staten Island,40.72450720035819,-74.00526580468193,40.61809785584353,-73.98071787532331,Lyft,Lyft Black,8.455496061357312,1.19,20.583570547776603
2022-01-24 07:35:00,Williamsburg,Financial District,40.79643660531892,-74.08836474513309,40.67127288048802,-73.98273326111352,Uber,UberXL,9.254042190481826,2.07,38.697767835020414
2022-02-13 16:11:00,Upper West Side,Lower East Side,40.80464872941362,-73.91835312916764,40.775419079222004,-73.9357017166031,Lyft,Lyft Black,3.4161565433705414,2.15,18.22828899443166
2022-02-24 13:54:00,Staten Island,Bronx,40.645531275937714,-74.070283029356,40.743265907349254,-74.06213363605642,Uber,UberBLACK,13.16838065222135,1.0,25.544666141387363
2022-03-22 09:51:00,Financial District,Central Park,40.728486586679814,-74.05607801624991,40.75665783119625,-73.98554608905845,Lyft,Lyft,3.9013907251031608,2.83,26.3966375660734
2022-01-24 14:04:00,Upper West Side,Staten Island,40.62243816124766,-74.00306491027347,40.63282903959938,-74.0582655508062,Uber,UberXL,11.627023010455197,1.22,27.873694127321848
2022-02-10 05:21:00,Upper East Side,Queens,40.66342379437511,-73.94451518705864,40.635535150705905,-73.97109036546041,Uber,UberX,5.8571632227530674,1.02,13.005036352614226
2022-03-02 22:14:00,Manhattan,Manhattan,40.678132729103844,-74.01516284711563,40.78503465210645,-74.08068517588208,Lyft,Lyft Black,10.404822830756522,1.28,26.506803140894608
2022-02-27 13:21:00,Manhattan,Manhattan,40.78713382316315,-74.05576393974587,40.63070566936859,-73.96497174091294,Lyft,Lyft XL,6.15076600599747,1.14,15.120778181964951
2022-03-15 08:54:00,Queens,Central Park,40.70987015561788,-74.07614001432839,40.64499545474428,-73.96734614715777,Lyft,Lyft XL,5.04631824511039,2.16,24.475082966517274
2022-02-22 08:24:00,Central Park,Financial District,40.61304811465471,-74.00535038124107,40.790639235529824,-74.06562235647488,Uber,UberPOOL,7.421949002695669,1.69,26.17541417547244
2022-02-07 11:45:00,Upper East Side,Bronx,40.76450616989694,-74.07486253069183,40.6295061472,-73.96133754994982,Lyft,Lyft XL,1.7651372096789963,1.0,5.588990116938243
2022-03-24 11:34:00,Upper West Side,Staten Island,40.71817975011466,-73.96994454176262,40.72470192650525,-73.96786471154228,Uber,UberPOOL,14.151739871820677,1.23,33.536620074094
2022-02-03 12:30:00,Upper West Side,Financial District,40.77061044455913,-74.08554969508508,40.72058767616409,-74.09721904384354,Uber,UberBLACK,1.3866662359266146,1.06,5.222265867643871
2022-01-29 14:41:00,Queens,Harlem,40.673928453549195,-73.96164765428612,40.78251412272611,-74.08837583101057,Uber,UberPOOL,2.983811227226346,1.0,7.721669647646105
2022-01-22 20:18:00,Central Park,Central Park,40.63034106034279,-73.95904382572394,40.73063444120948,-73.97482866764396,Lyft,Lyft,12.075609475617323,1.46,34.50318221020226
2022-01-29 05:45:00,Upper East Side,Lower East Side,40.75227826941306,-73.95208893641745,40.678611199523104,-74.1029901937404,Lyft,Lyft Black,9.848149841135843,1.09,21.510345821966624
2022-02-12 03:01:00,Bronx,Harlem,40.61735485771003,-73.9847152451576,40.65885176519895,-73.93884596819545,Uber,UberXL,6.263399691001915,1.0,13.460949459253351
2022-02-25 09:10:00,Brooklyn,Queens,40.79400325569988,-73.93003744763551,40.75012052147343,-74.09526583688051,Lyft,Lyft Shared,8.299179103674291,2.02,34.387598131488616
2022-03-14 01:45:00,Central Park,Upper East Side,40.78053799023885,-74.01435069967906,40.80906347024597,-74.09395165158853,Uber,UberSUV,10.021774342329406,1.0,20.03810509907646
2022-02-14 21:42:00,Upper East Side,Staten Island,40.6717630406963,-73.92022312076959,40.77321484133743,-73.93022766504588,Uber,UberBLACK,4.139984378996978,1.19,11.596517469261206
2022-02-03 07:45:00,Lower East Side,Queens,40.746503268893555,-74.05206680376797,40.73349256931468,-73.96608013231236,Lyft,Lyft XL,5.079568642851276,2.41,27.44808075122526
2022-01-06 19:46:00,Lower East Side,Central Park,40.63893223149258,-74.02655290577239,40.79034040844867,-73.93500247282824,Lyft,Lyft Black,1.2510180277029417,1.83,8.58138523371867
2022-01-04 14:51:00,Financial District,Times Square,40.613752738656125,-73.9848975550901,40.69407841662758,-73.91935810743298,Uber,UberBLACK,3.013138461504151,1.34,10.415809692227235
2022-03-07 00:13:00,Manhattan,Financial District,40.70955408503495,-74.06266017544391,40.65465047832241,-73.95938640952241,Lyft,Lyft Shared,1.721215729208445,1.07,5.897976452942813
2022-01-15 19:41:00,Brooklyn,Financial District,40.69248259209762,-74.00858044251561,40.81012038881847,-74.0035672326281,Uber,UberX,14.135107973087347,2.01,54.74524229533474
2022-03-19 08:25:00,Manhattan,Queens,40.6142867207766,-74.07025924217525,40.79742526178272,-74.0149591117478,Lyft,Lyft Shared,14.15157005993866,1.74,47.441530832513216
2022-02-19 02:18:00,Upper West Side,Upper West Side,40.778187807637096,-73.91631558364494,40.68410474005789,-74.02305278649179,Lyft,Lyft XL,2.16803382434344,2.91,18.31571225046897
2022-02-25 00:13:00,Staten Island,Queens,40.76823853614914,-74.08126554887771,40.62068007424419,-73.94717117623148,Lyft,Lyft Shared,1.7298443803514771,1.13,6.245767262145045
2022-01-12 17:09:00,Bronx,Harlem,40.77625517289029,-73.92984726738352,40.74095502792317,-73.94054836612892,Uber,UberPOOL,1.9337777346171259,2.05,12.062427622938937
2022-01-19 08:55:00,Upper East Side,Brooklyn,40.687359138459335,-74.06842018704003,40.79941414662507,-73.97622821066346,Uber,UberX,10.76723537257376,1.36,29.02602018672555
2022-01-16 22:43:00,Upper West Side,Manhattan,40.62150785407416,-73.95440644002596,40.61435249053131,-74.04604975291022,Lyft,Lyft Black,12.869301816377732,3.25,81.31915408064835
2022-01-06 14:03:00,Brooklyn,Manhattan,40.72896944414804,-74.00608962004033,40.76590268749808,-73.97582985009913,Lyft,Lyft Shared,13.729701857723363,1.0,26.526978251015883
2022-02-12 13:55:00,Queens,Brooklyn,40.722580882188055,-73.93421694034855,40.79394594986985,-74.07589677282719,Uber,UberBLACK,1.3259503415899634,1.29,6.2183328961393425
2022-02-18 20:41:00,Financial District,Upper East Side,40.768355502321306,-74.05176371114587,40.75882273422845,-74.02920784370698,Lyft,Lyft Shared,11.645751217715453,1.44,32.94729306864294
2022-01-02 11:31:00,Brooklyn,Lower East Side,40.75003812227563,-73.90858060239837,40.77983588542886,-73.90657395504402,Lyft,Lyft Black,8.817256039860789,1.0,17.93019806975638
2022-03-05 11:45:00,Lower East Side,Financial District,40.70134672981812,-74.0641389462202,40.7156341877409,-74.08534728817341,Uber,UberBLACK,13.593879726598765,1.12,29.44400426413358
2022-03-15 00:30:00,Lower East Side,Bronx,40.76851808753522,-73.96334988489112,40.747215019894924,-73.96831303550007,Uber,UberBLACK,11.09617873699977,1.25,27.397890987186994
2022-01-02 10:55:00,Financial District,Queens,40.78424979065689,-74.07714955083361,40.78822242379459,-74.04502000926597,Uber,UberX,7.671426410443814,1.2,19.10999546193201
2022-01-10 21:07:00,Queens,Queens,40.710077732065876,-74.03733566397688,40.6417444832787,-73.99221927866415,Uber,UberPOOL,12.922776756888819,1.26,31.644722748939845
2022-03-31 04:03:00,Central Park,Williamsburg,40.621364362126016,-73.96450090417312,40.7515491553861,-74.07887313795902,Uber,UberBLACK,8.766466749513963,1.02,18.198143147882423
2022-03-22 21:59:00,Brooklyn,Bronx,40.73700138322381,-73.94697263182678,40.70006876810307,-73.91841704717058,Uber,UberPOOL,10.445840791925095,1.07,22.23483688287974
2022-02-14 23:24:00,Upper West Side,Harlem,40.65848171152861,-74.08512591649342,40.72530611259436,-74.02887143643603,Uber,UberX,13.953694230574296,1.0,26.918964903505017
2022-02-16 20:00:00,Staten Island,Staten Island,40.66558855871481,-73.9819976063472,40.75564956029992,-74.0128390717124,Uber,UberX,14.366570440168367,1.0,27.64149827029464
2022-02-02 15:50:00,Harlem,Brooklyn,40.64831500680517,-74.01369785421797,40.77094733877249,-74.10306187243296,Lyft,Lyft Black,3.6398660623336307,1.0,8.869765609083853
2022-03-12 10:37:00,Bronx,Manhattan,40.77960019132263,-74.04733758083789,40.6931256597022,-73.94359493218039,Uber,UberSUV,8.43787726547523,1.0,17.26628521458165
2022-03-29 08:10:00,Upper West Side,Brooklyn,40.685075193924405,-73.93295851161464,40.62675747439637,-73.92908367301882,Uber,UberX,13.665012700034884,1.4,36.97928111508546
2022-03-03 09:49:00,Brooklyn,Harlem,40.644439595670406,-73.97527658839152,40.66042328072913,-73.98157848957939,Uber,UberBLACK,11.713471774371936,2.36,54.27663842815609
2022-01-15 01:34:00,Central Park,Brooklyn,40.79676902221704,-73.99814917853435,40.79242408852823,-73.96364293287277,Lyft,Lyft Shared,14.075283460445872,3.19,86.55026991793908
2022-02-24 21:02:00,Queens,Central Park,40.722830368453884,-73.99983077690645,40.76901932384693,-74.01222347990877,Uber,UberX,8.439481842938257,1.0,17.26909322514195
2022-02-27 16:03:00,Manhattan,Financial District,40.73476434489274,-73.99813340026809,40.756198951026356,-74.06156406026929,Uber,UberBLACK,11.367941827611482,1.93,43.220223522757784
2022-03-15 09:21:00,Williamsburg,Central Park,40.65128736261783,-74.09143003729248,40.79201513654625,-73.95720866053546,Lyft,Lyft XL,6.053975891544197,1.14,14.927681903630672
2022-01-04 13:48:00,Lower East Side,Staten Island,40.723862989126914,-74.03552604801156,40.67447298129586,-73.99801456085024,Lyft,Lyft Black,4.772990064681371,1.0,10.8527326131924
2022-01-03 12:17:00,Brooklyn,Upper East Side,40.66162653776314,-73.9244072638481,40.70136753147513,-73.98796711599051,Uber,UberBLACK,11.093749204143165,1.06,23.228904773685574
2022-03-19 16:53:00,Harlem,Central Park,40.70244078942535,-73.9116734675493,40.6227993131065,-74.01942505067738,Lyft,Lyft XL,1.1431440112182134,1.33,5.985667686110393
2022-03-16 21:35:00,Upper West Side,Lower East Side,40.765815424779845,-73.91137295660656,40.640312903398865,-74.02176179356623,Lyft,Lyft,9.51678239594618,1.26,24.13450518306133
2022-02-09 13:10:00,Times Square,Williamsburg,40.758377896280315,-73.98807403800087,40.66837754663124,-73.94325417895259,Uber,UberBLACK,9.72272882617809,1.48,28.881867659801255
2022-01-26 04:09:00,Times Square,Manhattan,40.65601426488541,-73.92557797005287,40.768533444930284,-73.97140007515517,Lyft,Lyft,9.733930362747314,1.34,26.17606670064245
2022-01-06 19:52:00,Financial District,Bronx,40.79936577296627,-74.0453743456834,40.62163760884307,-74.06334380051173,Lyft,Lyft Shared,9.185841466272688,2.53,46.99531309192232
2022-03-05 13:46:00,Lower East Side,Williamsburg,40.800811982606525,-74.074912936845,40.72073038468226,-74.10566982049706,Lyft,Lyft XL,8.394666395053854,1.08,18.565919486651783
2022-03-03 13:09:00,Brooklyn,Central Park,40.766245809720566,-74.09622982666448,40.812783829311144,-74.05581931613871,Lyft,Lyft Black,11.278251578808021,1.0,22.236940262914036
2022-01-09 00:42:00,Times Square,Financial District,40.673644202283405,-73.99183531793906,40.61457157897414,-74.03999806389709,Lyft,Lyft Black,1.8259637984814987,2.28,12.98559555594118
2022-02-22 23:52:00,Brooklyn,Central Park,40.77560321088593,-73.9099780141889,40.8011069100599,-74.03487571138271,Lyft,Lyft Black,14.520107917326893,1.08,30.14300396374783
2022-01-01 17:30:00,Times Square,Manhattan,40.67233670725684,-74.10156423585848,40.672835870112635,-74.04564762263101,Uber,UberX,11.801280187706599,2.05,47.46209267339742
2022-03-24 17:00:00,Queens,Central Park,40.79040615608768,-74.07219622592223,40.67563196746098,-74.09389547636282,Lyft,Lyft Shared,8.082541623684184,2.07,34.45400703179596
2022-03-25 08:11:00,Williamsburg,Times Square,40.76575543839581,-74.06911857328419,40.70352543844418,-73.95259974835345,Lyft,Lyft Shared,2.659827806255039,2.06,14.738679241549416
2022-03-28 03:15:00,Harlem,Harlem,40.71760313655807,-74.06688664416963,40.73625742567701,-74.07955128788178,Uber,UberX,14.157222809681308,1.29,35.18493049285555
2022-01-08 23:52:00,Williamsburg,Brooklyn,40.65430495552284,-73.96597573413764,40.64742612618236,-74.01502630241919,Uber,UberPOOL,11.978066380777639,2.12,49.738626272685046
2022-03-14 08:42:00,Lower East Side,Bronx,40.757946877278606,-74.06076426481395,40.64573176783807,-73.99972980851057,Uber,UberBLACK,4.793952846685484,2.0,21.778834963399195
2022-03-09 05:24:00,Central Park,Financial District,40.71355415910277,-73.94235246111468,40.63947958604556,-73.94368417671022,Uber,UberXL,3.227654086609399,1.0,8.148394651566448
2022-02-14 06:36:00,Financial District,Queens,40.698533628061234,-74.00359783438469,40.74944540476337,-73.95817245315126,Uber,UberXL,9.924064226396034,1.39,27.61528623070835
2022-01-10 04:20:00,Williamsburg,Queens,40.73529266907739,-74.08457828353168,40.79827932348406,-74.00810090083976,Uber,UberBLACK,5.838138944505243,1.09,13.861250036643751
2022-01-28 13:21:00,Upper West Side,Upper East Side,40.799978012505214,-73.9701132159716,40.661606049281126,-73.97302848977573,Lyft,Lyft Black,10.033119099855961,1.0,20.05795842474793
2022-03-02 06:02:00,Manhattan,Brooklyn,40.638080701075324,-73.9585943971873,40.80664897397589,-73.94155424019247,Lyft,Lyft,13.4092281779185,1.28,33.236671118537444
2022-01-02 09:25:00,Bronx,Brooklyn,40.78126119646481,-73.94322915737445,40.743199614481256,-74.01980250759473,Lyft,Lyft,11.473834553135196,2.26,51.0290156576497
2022-02-16 03:00:00,Queens,Upper West Side,40.67421538119009,-73.98481728458619,40.65967612435723,-74.02915649241672,Uber,UberPOOL,7.356766736362113,1.21,18.602953564246775
2022-03-08 19:47:00,Upper East Side,Queens,40.709558931212975,-74.06206087365538,40.75845142889818,-73.99860289290876,Lyft,Lyft XL,4.076594410375917,1.46,14.065698718510468
2022-02-28 21:55:00,Williamsburg,Williamsburg,40.687995887345316,-74.02862274192478,40.6327904435203,-74.05625950483406,Uber,UberXL,5.0817587318708375,1.26,14.355278003775197
2022-03-25 08:29:00,Bronx,Harlem,40.62599110251578,-74.01789234533695,40.68919640435675,-74.03840939088153,Uber,UberSUV,7.659010041197275,2.24,35.62331936149332
2022-03-01 06:59:00,Queens,Queens,40.63689290643697,-74.09827742783538,40.80175849733088,-73.99181897794085,Lyft,Lyft Shared,12.336964362179092,1.0,24.089687633813412
2022-03-18 06:44:00,Williamsburg,Bronx,40.647925397389656,-74.0310480035396,40.78369366106826,-74.07429222006067,Uber,UberXL,11.256056727858637,1.0,22.198099273752614
2022-02-25 19:03:00,Lower East Side,Manhattan,40.618643922938006,-74.0663045210267,40.716478540809476,-73.92296958483286,Lyft,Lyft Shared,12.858648705499395,2.41,60.256350915443704
2022-01-26 08:01:00,Queens,Upper West Side,40.70808051581256,-73.96812381869597,40.693852314955215,-73.95141199656865,Uber,UberBLACK,10.29892883841906,1.93,39.60963215176038
2022-01-23 07:00:00,Times Square,Harlem,40.74007363737315,-74.04096955445723,40.70277411184612,-74.10080321542213,Uber,UberXL,9.657668269524445,3.0,58.20275841500333
2022-02-08 15:36:00,Upper West Side,Manhattan,40.66299055471251,-74.04336442197562,40.67748050011716,-73.91800992951336,Uber,UberPOOL,8.706544971435457,1.26,22.34793166201518
2022-03-26 01:12:00,Harlem,Upper West Side,40.678450750820346,-74.10284214568364,40.703810602305644,-74.06094032195827,Lyft,Lyft Black,11.157931676590874,2.33,51.32146641129928
2022-02-23 23:20:00,Upper West Side,Brooklyn,40.80214024146967,-74.07394768171459,40.73536430370341,-74.04675130332706,Lyft,Lyft Black,1.9351411928571545,1.0,5.88649708750002
2022-02-11 06:56:00,Bronx,Harlem,40.69118712569966,-74.10485131715305,40.70044162028923,-74.02520053180871,Lyft,Lyft,5.713146336473012,1.29,16.122427854587826
2022-03-06 20:43:00,Brooklyn,Upper West Side,40.68662692747555,-73.92083369327577,40.63093997564269,-73.93488385795882,Lyft,Lyft,7.700016774504357,2.38,38.02056986581065
2022-02-27 04:43:00,Queens,Upper East Side,40.65737395838968,-74.02168717229839,40.66769184851266,-74.07510561189726,Uber,UberSUV,8.444255077428318,1.08,18.659642096339525
2022-03-14 16:11:00,Staten Island,Brooklyn,40.65558808658306,-74.04893034321547,40.718366262309885,-74.07870874821894,Uber,UberPOOL,13.84373372502248,2.1,56.12572143945762
2022-03-20 16:35:00,Times Square,Lower East Side,40.71640893583604,-73.98940585775294,40.7104530964511,-74.03170053882805,Lyft,Lyft XL,2.3532249643571133,1.6,10.589029900199918
2022-03-09 22:32:00,Staten Island,Upper East Side,40.72043010880452,-73.93691933349785,40.74750998501288,-73.95094187018289,Lyft,Lyft,6.75372403078927,1.0,14.319017053881222
2022-02-02 18:17:00,Times Square,Times Square,40.78880364488591,-73.91974788789653,40.73782109759814,-73.95972685534831,Lyft,Lyft,2.55402546608316,2.8,19.51472478380748
2022-01-02 06:19:00,Times Square,Harlem,40.63087472727235,-74.05551279387059,40.67117832119547,-73.98984862332703,Uber,UberBLACK,12.696169619276983,1.38,34.11124963055391
2022-02-18 09:14:00,Harlem,Harlem,40.74358244124356,-73.91378994204929,40.79116669514081,-73.94980498870999,Uber,UberXL,5.901856143321546,1.64,21.038327131332835
2022-02-19 05:35:00,Central Park,Brooklyn,40.666468191593445,-74.03052306996682,40.63897982070971,-74.00570867921896,Lyft,Lyft XL,12.71958896432077,1.0,24.75928068756135
2022-01-01 10:10:00,Staten Island,Brooklyn,40.625769936007174,-74.06647587413566,40.79661225276881,-73.99487762826527,Lyft,Lyft,9.249241891630659,1.19,22.236546239320845
2022-02-08 18:40:00,Lower East Side,Queens,40.645545822278784,-74.08578242440896,40.69997597371772,-74.01505299247225,Lyft,Lyft Black,6.972639775946991,1.79,26.316794098153952
2022-03-01 10:17:00,Harlem,Times Square,40.67830987554186,-74.01098265753131,40.66100049700377,-74.09440295920726,Uber,UberBLACK,3.4743077138750116,1.0,8.58003849928127
2022-03-16 00:08:00,Queens,Lower East Side,40.72187601763649,-74.05652347908949,40.67528675480024,-74.03958434900748,Lyft,Lyft Shared,5.1495829351232,1.0,11.5117701364656
2022-02-17 19:58:00,Times Square,Bronx,40.7545297595347,-74.0477007553997,40.66466748325571,-73.9373490479567,Uber,UberXL,11.776513445966842,2.36,54.537000531843056
2022-02-28 04:59:00,Queens,Upper West Side,40.80265008038846,-74.04696974230384,40.78639385831083,-74.034138012383,Uber,UberPOOL,14.81223499672453,1.0,28.42141124426793
2022-03-02 01:01:00,Upper East Side,Lower East Side,40.66256001028027,-73.99113678065122,40.726644896540044,-73.95962351105096,Lyft,Lyft,9.792841927368656,1.2,23.564968047474178
2022-02-09 18:54:00,Manhattan,Central Park,40.692358787611596,-73.95438585191252,40.69284899803147,-74.0821199565919,Uber,UberBLACK,6.251457638910922,1.29,17.337665619841406
2022-01-09 21:56:00,Upper West Side,Financial District,40.62870165950932,-74.07534691162816,40.68751471932808,-73.92892037008902,Uber,UberPOOL,5.4960533166512295,1.8,21.812567947451374
2022-01-16 19:05:00,Upper West Side,Central Park,40.76995892650943,-74.08374996602274,40.76606364681292,-74.06659142092418,Lyft,Lyft XL,1.771546988117276,1.33,7.448275614842961
2022-01-05 17:13:00,Brooklyn,Financial District,40.76649231235623,-73.94698846356573,40.67594972647622,-74.00006598404754,Lyft,Lyft XL,3.459693811103608,1.82,15.56912478836499
2022-02-12 20:51:00,Queens,Staten Island,40.76400269994483,-74.09357207697728,40.66690601145652,-73.92322837981615,Uber,UberPOOL,12.098034259020855,2.93,69.35767066312944
2022-01-30 23:36:00,Manhattan,Queens,40.75738629596941,-73.91229765775205,40.61845134550312,-74.03310434794591,Lyft,Lyft,4.580100788654039,2.39,25.13127154854552
2022-01-05 22:00:00,Queens,Upper West Side,40.68552503768217,-74.099783378044,40.70018612853799,-74.02530596827295,Uber,UberBLACK,1.686849463060152,1.0,5.451986560355266
2022-03-15 00:28:00,Queens,Manhattan,40.74922138752262,-73.95053572166577,40.7290832788588,-73.92551776443815,Uber,UberXL,10.35210384593608,1.0,20.61618173038814
2022-02-28 12:34:00,Upper East Side,Times Square,40.77892352565665,-73.99240523668861,40.63225079268893,-74.03332481743135,Lyft,Lyft,2.9076218906715106,1.0,7.5883383086751435
2022-02-16 18:31:00,Harlem,Financial District,40.791958933663544,-73.95399728901465,40.76008124771354,-74.05666023930695,Uber,UberX,6.632996380363574,1.72,24.265319104894356
2022-03-12 20:34:00,Financial District,Manhattan,40.78899455073011,-73.96435397846808,40.68576061099857,-74.05291452975496,Lyft,Lyft Black,9.740553710497057,2.54,49.646761243159425
2022-02-25 04:15:00,Harlem,Financial District,40.812041888703476,-73.90739234677336,40.7202791845004,-74.00187924013956,Uber,UberBLACK,10.496903828604891,1.0,20.86958170005856
2022-03-04 22:42:00,Central Park,Staten Island,40.763986646605275,-73.92430818015605,40.775642943509354,-74.00706912625078,Uber,UberXL,4.902937603191548,1.0,11.08014080558521
2022-02-17 22:27:00,Manhattan,Harlem,40.77713711320174,-73.95606715508185,40.67554791338684,-74.10038032204326,Uber,UberX,14.772152729183423,1.1,31.186394003678092
2022-02-12 18:25:00,Upper East Side,Harlem,40.75617670765777,-73.94471489756228,40.62627811897742,-74.05702170320363,Uber,UberSUV,3.6618181697619914,1.38,12.293290879975208
2022-03-16 12:50:00,Central Park,Upper East Side,40.74296922423539,-74.08801424884442,40.66691274710364,-73.9503472702628,Uber,UberXL,9.677459915061487,1.2,23.32266582162912
2022-02-04 02:26:00,Queens,Financial District,40.772045753111314,-73.9263158950955,40.65100163065667,-73.96945491871658,Lyft,Lyft Shared,12.386745970601845,1.0,24.176805448553228
2022-02-26 00:58:00,Times Square,Central Park,40.710214232144324,-74.10302118863741,40.69927926072178,-73.91290933840894,Uber,UberPOOL,14.761821177877344,1.7,48.1664180041851
2022-03-25 02:24:00,Harlem,Lower East Side,40.81265156799826,-74.05805683859111,40.69040293043353,-74.00721003285359,Lyft,Lyft,5.702717863950335,1.0,12.479756261913087
2022-01-12 12:37:00,Manhattan,Upper West Side,40.726857129131545,-74.07256292355055,40.693950287360366,-74.0145026008802,Lyft,Lyft,5.357250969858143,1.01,11.993941089224267
2022-03-17 14:30:00,Times Square,Lower East Side,40.62846673667732,-74.07205302851244,40.721401909541925,-74.07968419044369,Lyft,Lyft Black,6.022445047298548,1.49,19.42852546083096
2022-02-05 04:06:00,Manhattan,Brooklyn,40.79923518032337,-73.92334007426184,40.62715114771367,-73.91125568253528,Lyft,Lyft XL,14.999153938221559,1.09,31.335886137157626
2022-02-04 01:44:00,Times Square,Manhattan,40.63304188054053,-73.9288552359603,40.742275280400605,-74.10180463783486,Lyft,Lyft Shared,9.284901233972757,1.44,26.997951109611346
2022-01-04 20:06:00,Upper East Side,Williamsburg,40.761500231957335,-73.9847812357793,40.64561699862309,-74.10479274479272,Lyft,Lyft Black,1.3163697669094088,1.0,4.803647092091465
2022-03-04 04:30:00,Queens,Brooklyn,40.62591406907509,-74.0219931355427,40.74910236144008,-74.10282300047187,Uber,UberPOOL,10.423029252710357,1.04,21.56991323993285
2022-03-26 08:59:00,Bronx,Manhattan,40.61641379610073,-73.93728782857254,40.64271004235503,-74.03142772889349,Uber,UberXL,11.63700450313489,1.84,42.071154500094345
2022-01-26 00:11:00,Financial District,Central Park,40.65454497622532,-73.90638193427536,40.768280302386415,-73.94937967017681,Lyft,Lyft Black,4.404486470803392,1.91,19.496996028660337
2022-01-18 02:43:00,Manhattan,Brooklyn,40.680754121728135,-73.93507783072243,40.688584263966334,-73.91620365013972,Lyft,Lyft,11.167167465172684,1.0,22.042543064052197
2022-03-25 04:49:00,Central Park,Staten Island,40.69910589709936,-73.95445625565867,40.802194740532435,-74.03404116268405,Uber,UberSUV,4.855900641149201,1.0,10.997826122011102
2022-03-21 05:23:00,Harlem,Brooklyn,40.7874637789464,-74.08658075205193,40.78028201001452,-74.0739487126573,Lyft,Lyft Shared,3.307677148619786,1.14,9.448815911496473
2022-03-01 12:35:00,Staten Island,Brooklyn,40.644870193069835,-73.99030605542568,40.635883521704905,-73.97904217945583,Uber,UberXL,13.171005483162219,1.0,25.549259595533883
2022-01-24 00:20:00,Times Square,Staten Island,40.79902825293888,-73.99297072460247,40.81072729485067,-74.01195025465248,Uber,UberBLACK,9.088717617957112,1.0,18.405255831424945
2022-02-28 07:36:00,Financial District,Williamsburg,40.80980601503642,-73.9654525481959,40.787390212390015,-73.93870111519924,Uber,UberSUV,13.9016572836569,2.21,59.28965954454306
2022-01-12 10:42:00,Central Park,Lower East Side,40.641327421960774,-73.94304562795485,40.661188107666106,-73.95138726444799,Uber,UberSUV,3.632857201699577,1.04,9.21180010709323
2022-02-17 18:01:00,Lower East Side,Staten Island,40.63290733575975,-73.9499794990286,40.632888116722,-73.96101997093015,Uber,UberPOOL,12.87000928423541,1.96,49.044131844927456
2022-02-26 21:55:00,Queens,Bronx,40.64471871140753,-73.95789535570945,40.740766958787745,-74.00860714578708,Uber,UberSUV,6.832075876363973,2.84,41.055417105528946
2022-02-04 11:43:00,Times Square,Harlem,40.691704460189925,-73.92875956229646,40.6932584799573,-74.01171185174368,Uber,UberXL,10.578636575699441,1.35,28.367028910089928
2022-02-14 12:33:00,Staten Island,Williamsburg,40.66826070966745,-74.02345578347338,40.80484134521059,-74.05339493066641,Lyft,Lyft,7.138740021237247,1.25,18.74099379645648
2022-02-11 12:35:00,Staten Island,Bronx,40.6305964828408,-73.97222302359935,40.676114471417854,-74.06711325065966,Lyft,Lyft,9.0187131887862,1.23,22.4877801388623
2022-01-08 11:34:00,Manhattan,Central Park,40.70905597780951,-73.94901809264239,40.68188103261774,-73.98836870625743,Uber,UberXL,5.199235637007208,1.1,12.758528601238876
2022-02-23 02:47:00,Williamsburg,Brooklyn,40.66169584414608,-74.0997928693943,40.70538005082898,-73.95604236769456,Lyft,Lyft Black,10.297147083473181,1.08,22.161607987764313
2022-02-26 23:53:00,Lower East Side,Queens,40.627801981008034,-73.92293387674358,40.6779059417494,-73.95663358345362,Lyft,Lyft Black,11.895566255109207,1.99,46.40130948341782
2022-01-01 08:02:00,Staten Island,Financial District,40.66427593086081,-73.95847191570367,40.614244897007076,-74.06497927167558,Lyft,Lyft XL,2.3229879764998036,2.5,16.413072397186642
